09.03.2026 20:00:03 — To'lanmagan buyurtmalarga eslatma yuborish boshlandi...
Topilgan buyurtmalar: 1
Push yuborildi: order #55, user #1055, lang=uz, msg=0
Eslatmalar yuborildi.
09.03.2026 20:10:02 — To'lanmagan buyurtmalarga eslatma yuborish boshlandi...
Topilgan buyurtmalar: 1
Push yuborildi: order #55, user #1055, lang=uz, msg=1
Eslatmalar yuborildi.
09.03.2026 20:20:02 — To'lanmagan buyurtmalarga eslatma yuborish boshlandi...
Topilgan buyurtmalar: 1
Push yuborildi: order #55, user #1055, lang=uz, msg=2
Eslatmalar yuborildi.
09.03.2026 20:30:02 — To'lanmagan buyurtmalarga eslatma yuborish boshlandi...
Topilgan buyurtmalar: 1
Push yuborildi: order #55, user #1055, lang=uz, msg=3
Eslatmalar yuborildi.
09.03.2026 20:40:02 — To'lanmagan buyurtmalarga eslatma yuborish boshlandi...
Topilgan buyurtmalar: 1
Push yuborildi: order #55, user #1055, lang=uz, msg=4
Eslatmalar yuborildi.
09.03.2026 20:50:02 — To'lanmagan buyurtmalarga eslatma yuborish boshlandi...
Eslatma yuborish uchun buyurtma topilmadi.
09.03.2026 21:00:03 — To'lanmagan buyurtmalarga eslatma yuborish boshlandi...
Eslatma yuborish uchun buyurtma topilmadi.
09.03.2026 21:10:02 — To'lanmagan buyurtmalarga eslatma yuborish boshlandi...
Eslatma yuborish uchun buyurtma topilmadi.
09.03.2026 21:20:02 — To'lanmagan buyurtmalarga eslatma yuborish boshlandi...
Eslatma yuborish uchun buyurtma topilmadi.
09.03.2026 21:30:02 — To'lanmagan buyurtmalarga eslatma yuborish boshlandi...
Eslatma yuborish uchun buyurtma topilmadi.
09.03.2026 21:40:03 — To'lanmagan buyurtmalarga eslatma yuborish boshlandi...
Eslatma yuborish uchun buyurtma topilmadi.
09.03.2026 21:50:02 — To'lanmagan buyurtmalarga eslatma yuborish boshlandi...
Eslatma yuborish uchun buyurtma topilmadi.
09.03.2026 22:00:02 — To'lanmagan buyurtmalarga eslatma yuborish boshlandi...
Eslatma yuborish uchun buyurtma topilmadi.
09.03.2026 22:10:03 — To'lanmagan buyurtmalarga eslatma yuborish boshlandi...
Eslatma yuborish uchun buyurtma topilmadi.
09.03.2026 22:20:02 — To'lanmagan buyurtmalarga eslatma yuborish boshlandi...
Eslatma yuborish uchun buyurtma topilmadi.
09.03.2026 22:30:02 — To'lanmagan buyurtmalarga eslatma yuborish boshlandi...
Eslatma yuborish uchun buyurtma topilmadi.
09.03.2026 22:40:02 — To'lanmagan buyurtmalarga eslatma yuborish boshlandi...
Eslatma yuborish uchun buyurtma topilmadi.
09.03.2026 22:50:02 — To'lanmagan buyurtmalarga eslatma yuborish boshlandi...
Eslatma yuborish uchun buyurtma topilmadi.
09.03.2026 23:00:02 — To'lanmagan buyurtmalarga eslatma yuborish boshlandi...
Eslatma yuborish uchun buyurtma topilmadi.
09.03.2026 23:10:02 — To'lanmagan buyurtmalarga eslatma yuborish boshlandi...
Eslatma yuborish uchun buyurtma topilmadi.
09.03.2026 23:20:02 — To'lanmagan buyurtmalarga eslatma yuborish boshlandi...
Eslatma yuborish uchun buyurtma topilmadi.
09.03.2026 23:30:03 — To'lanmagan buyurtmalarga eslatma yuborish boshlandi...
Eslatma yuborish uchun buyurtma topilmadi.
09.03.2026 23:40:01 — To'lanmagan buyurtmalarga eslatma yuborish boshlandi...
Eslatma yuborish uchun buyurtma topilmadi.
09.03.2026 23:50:01 — To'lanmagan buyurtmalarga eslatma yuborish boshlandi...
Eslatma yuborish uchun buyurtma topilmadi.
10.03.2026 00:00:03 — To'lanmagan buyurtmalarga eslatma yuborish boshlandi...
Eslatma yuborish uchun buyurtma topilmadi.
10.03.2026 00:10:01 — To'lanmagan buyurtmalarga eslatma yuborish boshlandi...
Eslatma yuborish uchun buyurtma topilmadi.
10.03.2026 00:20:02 — To'lanmagan buyurtmalarga eslatma yuborish boshlandi...
Eslatma yuborish uchun buyurtma topilmadi.
10.03.2026 00:30:02 — To'lanmagan buyurtmalarga eslatma yuborish boshlandi...
Eslatma yuborish uchun buyurtma topilmadi.
10.03.2026 00:40:02 — To'lanmagan buyurtmalarga eslatma yuborish boshlandi...
Eslatma yuborish uchun buyurtma topilmadi.
10.03.2026 00:50:02 — To'lanmagan buyurtmalarga eslatma yuborish boshlandi...
Eslatma yuborish uchun buyurtma topilmadi.
10.03.2026 01:00:02 — To'lanmagan buyurtmalarga eslatma yuborish boshlandi...
Eslatma yuborish uchun buyurtma topilmadi.
10.03.2026 01:10:02 — To'lanmagan buyurtmalarga eslatma yuborish boshlandi...
Eslatma yuborish uchun buyurtma topilmadi.
10.03.2026 01:20:02 — To'lanmagan buyurtmalarga eslatma yuborish boshlandi...
Eslatma yuborish uchun buyurtma topilmadi.
10.03.2026 01:30:02 — To'lanmagan buyurtmalarga eslatma yuborish boshlandi...
Eslatma yuborish uchun buyurtma topilmadi.
10.03.2026 01:40:02 — To'lanmagan buyurtmalarga eslatma yuborish boshlandi...
Eslatma yuborish uchun buyurtma topilmadi.
10.03.2026 01:50:02 — To'lanmagan buyurtmalarga eslatma yuborish boshlandi...
Eslatma yuborish uchun buyurtma topilmadi.
10.03.2026 02:00:02 — To'lanmagan buyurtmalarga eslatma yuborish boshlandi...
Eslatma yuborish uchun buyurtma topilmadi.
10.03.2026 02:10:02 — To'lanmagan buyurtmalarga eslatma yuborish boshlandi...
Eslatma yuborish uchun buyurtma topilmadi.
10.03.2026 02:20:02 — To'lanmagan buyurtmalarga eslatma yuborish boshlandi...
Eslatma yuborish uchun buyurtma topilmadi.
10.03.2026 02:30:02 — To'lanmagan buyurtmalarga eslatma yuborish boshlandi...
Eslatma yuborish uchun buyurtma topilmadi.
10.03.2026 02:40:02 — To'lanmagan buyurtmalarga eslatma yuborish boshlandi...
Eslatma yuborish uchun buyurtma topilmadi.
10.03.2026 02:50:02 — To'lanmagan buyurtmalarga eslatma yuborish boshlandi...
Eslatma yuborish uchun buyurtma topilmadi.
10.03.2026 03:00:02 — To'lanmagan buyurtmalarga eslatma yuborish boshlandi...
Eslatma yuborish uchun buyurtma topilmadi.
10.03.2026 03:10:02 — To'lanmagan buyurtmalarga eslatma yuborish boshlandi...
Eslatma yuborish uchun buyurtma topilmadi.
10.03.2026 03:20:02 — To'lanmagan buyurtmalarga eslatma yuborish boshlandi...
Eslatma yuborish uchun buyurtma topilmadi.
10.03.2026 03:30:03 — To'lanmagan buyurtmalarga eslatma yuborish boshlandi...
Eslatma yuborish uchun buyurtma topilmadi.
10.03.2026 03:40:02 — To'lanmagan buyurtmalarga eslatma yuborish boshlandi...
Eslatma yuborish uchun buyurtma topilmadi.
10.03.2026 03:50:02 — To'lanmagan buyurtmalarga eslatma yuborish boshlandi...
Eslatma yuborish uchun buyurtma topilmadi.
10.03.2026 04:00:02 — To'lanmagan buyurtmalarga eslatma yuborish boshlandi...
Eslatma yuborish uchun buyurtma topilmadi.
10.03.2026 04:10:02 — To'lanmagan buyurtmalarga eslatma yuborish boshlandi...
Eslatma yuborish uchun buyurtma topilmadi.
10.03.2026 04:20:02 — To'lanmagan buyurtmalarga eslatma yuborish boshlandi...
Eslatma yuborish uchun buyurtma topilmadi.
10.03.2026 04:30:03 — To'lanmagan buyurtmalarga eslatma yuborish boshlandi...
Eslatma yuborish uchun buyurtma topilmadi.
10.03.2026 04:40:03 — To'lanmagan buyurtmalarga eslatma yuborish boshlandi...
Eslatma yuborish uchun buyurtma topilmadi.
10.03.2026 04:50:02 — To'lanmagan buyurtmalarga eslatma yuborish boshlandi...
Eslatma yuborish uchun buyurtma topilmadi.
10.03.2026 05:00:03 — To'lanmagan buyurtmalarga eslatma yuborish boshlandi...
Eslatma yuborish uchun buyurtma topilmadi.
10.03.2026 05:10:02 — To'lanmagan buyurtmalarga eslatma yuborish boshlandi...
Eslatma yuborish uchun buyurtma topilmadi.
10.03.2026 05:20:02 — To'lanmagan buyurtmalarga eslatma yuborish boshlandi...
Eslatma yuborish uchun buyurtma topilmadi.
10.03.2026 05:30:02 — To'lanmagan buyurtmalarga eslatma yuborish boshlandi...
Eslatma yuborish uchun buyurtma topilmadi.
10.03.2026 05:40:03 — To'lanmagan buyurtmalarga eslatma yuborish boshlandi...
Eslatma yuborish uchun buyurtma topilmadi.
10.03.2026 05:50:02 — To'lanmagan buyurtmalarga eslatma yuborish boshlandi...
Eslatma yuborish uchun buyurtma topilmadi.
10.03.2026 06:00:02 — To'lanmagan buyurtmalarga eslatma yuborish boshlandi...
Eslatma yuborish uchun buyurtma topilmadi.
10.03.2026 06:10:02 — To'lanmagan buyurtmalarga eslatma yuborish boshlandi...
Eslatma yuborish uchun buyurtma topilmadi.
10.03.2026 06:20:02 — To'lanmagan buyurtmalarga eslatma yuborish boshlandi...
Eslatma yuborish uchun buyurtma topilmadi.
10.03.2026 06:30:02 — To'lanmagan buyurtmalarga eslatma yuborish boshlandi...
Eslatma yuborish uchun buyurtma topilmadi.
10.03.2026 06:40:03 — To'lanmagan buyurtmalarga eslatma yuborish boshlandi...
Eslatma yuborish uchun buyurtma topilmadi.
10.03.2026 06:50:03 — To'lanmagan buyurtmalarga eslatma yuborish boshlandi...
Eslatma yuborish uchun buyurtma topilmadi.
10.03.2026 07:00:02 — To'lanmagan buyurtmalarga eslatma yuborish boshlandi...
Eslatma yuborish uchun buyurtma topilmadi.
10.03.2026 07:10:02 — To'lanmagan buyurtmalarga eslatma yuborish boshlandi...
Eslatma yuborish uchun buyurtma topilmadi.
10.03.2026 07:20:02 — To'lanmagan buyurtmalarga eslatma yuborish boshlandi...
Topilgan buyurtmalar: 1
Push yuborildi: order #59, user #1055, lang=uz, msg=2
Eslatmalar yuborildi.
10.03.2026 07:30:02 — To'lanmagan buyurtmalarga eslatma yuborish boshlandi...
Topilgan buyurtmalar: 1
Push yuborildi: order #59, user #1055, lang=uz, msg=3
Eslatmalar yuborildi.
10.03.2026 07:40:02 — To'lanmagan buyurtmalarga eslatma yuborish boshlandi...
Topilgan buyurtmalar: 1
Push yuborildi: order #59, user #1055, lang=uz, msg=4
Eslatmalar yuborildi.
10.03.2026 07:50:03 — To'lanmagan buyurtmalarga eslatma yuborish boshlandi...
Topilgan buyurtmalar: 1
Push yuborildi: order #59, user #1055, lang=uz, msg=0
Eslatmalar yuborildi.
10.03.2026 08:00:02 — To'lanmagan buyurtmalarga eslatma yuborish boshlandi...
Topilgan buyurtmalar: 1
Push yuborildi: order #59, user #1055, lang=uz, msg=0
Eslatmalar yuborildi.
10.03.2026 08:10:02 — To'lanmagan buyurtmalarga eslatma yuborish boshlandi...
Topilgan buyurtmalar: 1
Push yuborildi: order #59, user #1055, lang=uz, msg=1
Eslatmalar yuborildi.
10.03.2026 08:20:03 — To'lanmagan buyurtmalarga eslatma yuborish boshlandi...
Eslatma yuborish uchun buyurtma topilmadi.
10.03.2026 08:30:02 — To'lanmagan buyurtmalarga eslatma yuborish boshlandi...
Eslatma yuborish uchun buyurtma topilmadi.
10.03.2026 08:40:02 — To'lanmagan buyurtmalarga eslatma yuborish boshlandi...
Eslatma yuborish uchun buyurtma topilmadi.
10.03.2026 08:50:02 — To'lanmagan buyurtmalarga eslatma yuborish boshlandi...
Eslatma yuborish uchun buyurtma topilmadi.
10.03.2026 09:00:02 — To'lanmagan buyurtmalarga eslatma yuborish boshlandi...
Eslatma yuborish uchun buyurtma topilmadi.
10.03.2026 09:10:02 — To'lanmagan buyurtmalarga eslatma yuborish boshlandi...
Eslatma yuborish uchun buyurtma topilmadi.
10.03.2026 09:20:01 — To'lanmagan buyurtmalarga eslatma yuborish boshlandi...
Eslatma yuborish uchun buyurtma topilmadi.
10.03.2026 09:30:02 — To'lanmagan buyurtmalarga eslatma yuborish boshlandi...
Eslatma yuborish uchun buyurtma topilmadi.
10.03.2026 09:40:02 — To'lanmagan buyurtmalarga eslatma yuborish boshlandi...
Eslatma yuborish uchun buyurtma topilmadi.
10.03.2026 09:50:02 — To'lanmagan buyurtmalarga eslatma yuborish boshlandi...
Eslatma yuborish uchun buyurtma topilmadi.
10.03.2026 10:00:02 — To'lanmagan buyurtmalarga eslatma yuborish boshlandi...
Eslatma yuborish uchun buyurtma topilmadi.
10.03.2026 10:10:03 — To'lanmagan buyurtmalarga eslatma yuborish boshlandi...
Eslatma yuborish uchun buyurtma topilmadi.
10.03.2026 10:20:02 — To'lanmagan buyurtmalarga eslatma yuborish boshlandi...
Eslatma yuborish uchun buyurtma topilmadi.
10.03.2026 10:30:02 — To'lanmagan buyurtmalarga eslatma yuborish boshlandi...
Eslatma yuborish uchun buyurtma topilmadi.
10.03.2026 10:40:02 — To'lanmagan buyurtmalarga eslatma yuborish boshlandi...
Eslatma yuborish uchun buyurtma topilmadi.
10.03.2026 10:50:02 — To'lanmagan buyurtmalarga eslatma yuborish boshlandi...
Eslatma yuborish uchun buyurtma topilmadi.
10.03.2026 11:00:02 — To'lanmagan buyurtmalarga eslatma yuborish boshlandi...
Eslatma yuborish uchun buyurtma topilmadi.
10.03.2026 11:10:03 — To'lanmagan buyurtmalarga eslatma yuborish boshlandi...
Eslatma yuborish uchun buyurtma topilmadi.
10.03.2026 11:20:02 — To'lanmagan buyurtmalarga eslatma yuborish boshlandi...
Eslatma yuborish uchun buyurtma topilmadi.
10.03.2026 11:30:02 — To'lanmagan buyurtmalarga eslatma yuborish boshlandi...
Eslatma yuborish uchun buyurtma topilmadi.
10.03.2026 11:40:02 — To'lanmagan buyurtmalarga eslatma yuborish boshlandi...
Eslatma yuborish uchun buyurtma topilmadi.
10.03.2026 11:50:03 — To'lanmagan buyurtmalarga eslatma yuborish boshlandi...
Eslatma yuborish uchun buyurtma topilmadi.
10.03.2026 12:00:02 — To'lanmagan buyurtmalarga eslatma yuborish boshlandi...
Eslatma yuborish uchun buyurtma topilmadi.
10.03.2026 12:10:03 — To'lanmagan buyurtmalarga eslatma yuborish boshlandi...
Eslatma yuborish uchun buyurtma topilmadi.
10.03.2026 12:20:02 — To'lanmagan buyurtmalarga eslatma yuborish boshlandi...
Eslatma yuborish uchun buyurtma topilmadi.
10.03.2026 12:30:02 — To'lanmagan buyurtmalarga eslatma yuborish boshlandi...
Eslatma yuborish uchun buyurtma topilmadi.
10.03.2026 12:40:02 — To'lanmagan buyurtmalarga eslatma yuborish boshlandi...
Eslatma yuborish uchun buyurtma topilmadi.
10.03.2026 12:50:02 — To'lanmagan buyurtmalarga eslatma yuborish boshlandi...
Eslatma yuborish uchun buyurtma topilmadi.
10.03.2026 13:00:02 — To'lanmagan buyurtmalarga eslatma yuborish boshlandi...
Eslatma yuborish uchun buyurtma topilmadi.
10.03.2026 13:10:02 — To'lanmagan buyurtmalarga eslatma yuborish boshlandi...
Eslatma yuborish uchun buyurtma topilmadi.
10.03.2026 13:20:02 — To'lanmagan buyurtmalarga eslatma yuborish boshlandi...
Eslatma yuborish uchun buyurtma topilmadi.
10.03.2026 13:30:03 — To'lanmagan buyurtmalarga eslatma yuborish boshlandi...
Eslatma yuborish uchun buyurtma topilmadi.
10.03.2026 13:40:02 — To'lanmagan buyurtmalarga eslatma yuborish boshlandi...
Eslatma yuborish uchun buyurtma topilmadi.
10.03.2026 13:50:03 — To'lanmagan buyurtmalarga eslatma yuborish boshlandi...
Eslatma yuborish uchun buyurtma topilmadi.
10.03.2026 14:00:03 — To'lanmagan buyurtmalarga eslatma yuborish boshlandi...
Eslatma yuborish uchun buyurtma topilmadi.
10.03.2026 14:10:02 — To'lanmagan buyurtmalarga eslatma yuborish boshlandi...
Eslatma yuborish uchun buyurtma topilmadi.
10.03.2026 14:20:02 — To'lanmagan buyurtmalarga eslatma yuborish boshlandi...
Eslatma yuborish uchun buyurtma topilmadi.
10.03.2026 14:30:03 — To'lanmagan buyurtmalarga eslatma yuborish boshlandi...
Eslatma yuborish uchun buyurtma topilmadi.
10.03.2026 14:40:02 — To'lanmagan buyurtmalarga eslatma yuborish boshlandi...
Eslatma yuborish uchun buyurtma topilmadi.
10.03.2026 14:50:02 — To'lanmagan buyurtmalarga eslatma yuborish boshlandi...
Eslatma yuborish uchun buyurtma topilmadi.
10.03.2026 15:00:02 — To'lanmagan buyurtmalarga eslatma yuborish boshlandi...
Eslatma yuborish uchun buyurtma topilmadi.
10.03.2026 15:10:02 — To'lanmagan buyurtmalarga eslatma yuborish boshlandi...
Eslatma yuborish uchun buyurtma topilmadi.
10.03.2026 15:20:03 — To'lanmagan buyurtmalarga eslatma yuborish boshlandi...
Eslatma yuborish uchun buyurtma topilmadi.
10.03.2026 15:30:02 — To'lanmagan buyurtmalarga eslatma yuborish boshlandi...
Eslatma yuborish uchun buyurtma topilmadi.
10.03.2026 15:40:02 — To'lanmagan buyurtmalarga eslatma yuborish boshlandi...
Eslatma yuborish uchun buyurtma topilmadi.
10.03.2026 15:50:02 — To'lanmagan buyurtmalarga eslatma yuborish boshlandi...
Eslatma yuborish uchun buyurtma topilmadi.
10.03.2026 16:00:02 — To'lanmagan buyurtmalarga eslatma yuborish boshlandi...
Eslatma yuborish uchun buyurtma topilmadi.
10.03.2026 16:10:02 — To'lanmagan buyurtmalarga eslatma yuborish boshlandi...
Eslatma yuborish uchun buyurtma topilmadi.
10.03.2026 16:20:02 — To'lanmagan buyurtmalarga eslatma yuborish boshlandi...
Eslatma yuborish uchun buyurtma topilmadi.
10.03.2026 16:30:02 — To'lanmagan buyurtmalarga eslatma yuborish boshlandi...
Eslatma yuborish uchun buyurtma topilmadi.
10.03.2026 16:40:02 — To'lanmagan buyurtmalarga eslatma yuborish boshlandi...
Eslatma yuborish uchun buyurtma topilmadi.
10.03.2026 16:50:02 — To'lanmagan buyurtmalarga eslatma yuborish boshlandi...
Eslatma yuborish uchun buyurtma topilmadi.
10.03.2026 17:00:02 — To'lanmagan buyurtmalarga eslatma yuborish boshlandi...
Eslatma yuborish uchun buyurtma topilmadi.
10.03.2026 17:10:02 — To'lanmagan buyurtmalarga eslatma yuborish boshlandi...
Eslatma yuborish uchun buyurtma topilmadi.
10.03.2026 17:20:02 — To'lanmagan buyurtmalarga eslatma yuborish boshlandi...
Eslatma yuborish uchun buyurtma topilmadi.
10.03.2026 17:30:03 — To'lanmagan buyurtmalarga eslatma yuborish boshlandi...
Eslatma yuborish uchun buyurtma topilmadi.
10.03.2026 17:40:02 — To'lanmagan buyurtmalarga eslatma yuborish boshlandi...
Eslatma yuborish uchun buyurtma topilmadi.
10.03.2026 17:50:02 — To'lanmagan buyurtmalarga eslatma yuborish boshlandi...
Eslatma yuborish uchun buyurtma topilmadi.
10.03.2026 18:00:02 — To'lanmagan buyurtmalarga eslatma yuborish boshlandi...
Eslatma yuborish uchun buyurtma topilmadi.
10.03.2026 18:10:02 — To'lanmagan buyurtmalarga eslatma yuborish boshlandi...
Eslatma yuborish uchun buyurtma topilmadi.
10.03.2026 18:20:02 — To'lanmagan buyurtmalarga eslatma yuborish boshlandi...
Eslatma yuborish uchun buyurtma topilmadi.
10.03.2026 18:30:02 — To'lanmagan buyurtmalarga eslatma yuborish boshlandi...
Eslatma yuborish uchun buyurtma topilmadi.
10.03.2026 18:40:02 — To'lanmagan buyurtmalarga eslatma yuborish boshlandi...
Eslatma yuborish uchun buyurtma topilmadi.
10.03.2026 18:50:02 — To'lanmagan buyurtmalarga eslatma yuborish boshlandi...
Eslatma yuborish uchun buyurtma topilmadi.
10.03.2026 19:00:03 — To'lanmagan buyurtmalarga eslatma yuborish boshlandi...
Eslatma yuborish uchun buyurtma topilmadi.
10.03.2026 19:10:02 — To'lanmagan buyurtmalarga eslatma yuborish boshlandi...
Eslatma yuborish uchun buyurtma topilmadi.
10.03.2026 19:20:02 — To'lanmagan buyurtmalarga eslatma yuborish boshlandi...
Eslatma yuborish uchun buyurtma topilmadi.
10.03.2026 19:30:02 — To'lanmagan buyurtmalarga eslatma yuborish boshlandi...
Eslatma yuborish uchun buyurtma topilmadi.
10.03.2026 19:40:02 — To'lanmagan buyurtmalarga eslatma yuborish boshlandi...
Eslatma yuborish uchun buyurtma topilmadi.
10.03.2026 19:50:02 — To'lanmagan buyurtmalarga eslatma yuborish boshlandi...
Eslatma yuborish uchun buyurtma topilmadi.
10.03.2026 20:00:02 — To'lanmagan buyurtmalarga eslatma yuborish boshlandi...
Eslatma yuborish uchun buyurtma topilmadi.
10.03.2026 20:10:02 — To'lanmagan buyurtmalarga eslatma yuborish boshlandi...
Eslatma yuborish uchun buyurtma topilmadi.
10.03.2026 20:20:02 — To'lanmagan buyurtmalarga eslatma yuborish boshlandi...
Eslatma yuborish uchun buyurtma topilmadi.
10.03.2026 20:30:02 — To'lanmagan buyurtmalarga eslatma yuborish boshlandi...
Eslatma yuborish uchun buyurtma topilmadi.
10.03.2026 20:40:02 — To'lanmagan buyurtmalarga eslatma yuborish boshlandi...
Eslatma yuborish uchun buyurtma topilmadi.
10.03.2026 20:50:02 — To'lanmagan buyurtmalarga eslatma yuborish boshlandi...
Eslatma yuborish uchun buyurtma topilmadi.
10.03.2026 21:00:02 — To'lanmagan buyurtmalarga eslatma yuborish boshlandi...
Eslatma yuborish uchun buyurtma topilmadi.
10.03.2026 21:10:02 — To'lanmagan buyurtmalarga eslatma yuborish boshlandi...
Eslatma yuborish uchun buyurtma topilmadi.
10.03.2026 21:20:02 — To'lanmagan buyurtmalarga eslatma yuborish boshlandi...
Eslatma yuborish uchun buyurtma topilmadi.
10.03.2026 21:30:02 — To'lanmagan buyurtmalarga eslatma yuborish boshlandi...
Eslatma yuborish uchun buyurtma topilmadi.
10.03.2026 21:40:02 — To'lanmagan buyurtmalarga eslatma yuborish boshlandi...
Eslatma yuborish uchun buyurtma topilmadi.
10.03.2026 21:50:02 — To'lanmagan buyurtmalarga eslatma yuborish boshlandi...
Eslatma yuborish uchun buyurtma topilmadi.
10.03.2026 22:00:02 — To'lanmagan buyurtmalarga eslatma yuborish boshlandi...
Topilgan buyurtmalar: 1
Push yuborildi: order #60, user #1055, lang=uz, msg=0
Eslatmalar yuborildi.
10.03.2026 22:10:02 — To'lanmagan buyurtmalarga eslatma yuborish boshlandi...
Eslatma yuborish uchun buyurtma topilmadi.
10.03.2026 22:20:03 — To'lanmagan buyurtmalarga eslatma yuborish boshlandi...
Eslatma yuborish uchun buyurtma topilmadi.
10.03.2026 22:30:02 — To'lanmagan buyurtmalarga eslatma yuborish boshlandi...
Eslatma yuborish uchun buyurtma topilmadi.
10.03.2026 22:40:02 — To'lanmagan buyurtmalarga eslatma yuborish boshlandi...
Eslatma yuborish uchun buyurtma topilmadi.
10.03.2026 22:50:02 — To'lanmagan buyurtmalarga eslatma yuborish boshlandi...
Eslatma yuborish uchun buyurtma topilmadi.
10.03.2026 23:00:02 — To'lanmagan buyurtmalarga eslatma yuborish boshlandi...
Eslatma yuborish uchun buyurtma topilmadi.
10.03.2026 23:10:03 — To'lanmagan buyurtmalarga eslatma yuborish boshlandi...
Eslatma yuborish uchun buyurtma topilmadi.
10.03.2026 23:20:02 — To'lanmagan buyurtmalarga eslatma yuborish boshlandi...
Eslatma yuborish uchun buyurtma topilmadi.
10.03.2026 23:30:02 — To'lanmagan buyurtmalarga eslatma yuborish boshlandi...
Eslatma yuborish uchun buyurtma topilmadi.
10.03.2026 23:40:02 — To'lanmagan buyurtmalarga eslatma yuborish boshlandi...
Eslatma yuborish uchun buyurtma topilmadi.
10.03.2026 23:50:02 — To'lanmagan buyurtmalarga eslatma yuborish boshlandi...
Eslatma yuborish uchun buyurtma topilmadi.
11.03.2026 00:00:02 — To'lanmagan buyurtmalarga eslatma yuborish boshlandi...
Eslatma yuborish uchun buyurtma topilmadi.
11.03.2026 00:10:02 — To'lanmagan buyurtmalarga eslatma yuborish boshlandi...
Eslatma yuborish uchun buyurtma topilmadi.
11.03.2026 00:20:02 — To'lanmagan buyurtmalarga eslatma yuborish boshlandi...
Eslatma yuborish uchun buyurtma topilmadi.
11.03.2026 00:30:02 — To'lanmagan buyurtmalarga eslatma yuborish boshlandi...
Eslatma yuborish uchun buyurtma topilmadi.
11.03.2026 00:40:02 — To'lanmagan buyurtmalarga eslatma yuborish boshlandi...
Eslatma yuborish uchun buyurtma topilmadi.
11.03.2026 00:50:02 — To'lanmagan buyurtmalarga eslatma yuborish boshlandi...
Eslatma yuborish uchun buyurtma topilmadi.
11.03.2026 01:00:03 — To'lanmagan buyurtmalarga eslatma yuborish boshlandi...
Eslatma yuborish uchun buyurtma topilmadi.
11.03.2026 01:10:02 — To'lanmagan buyurtmalarga eslatma yuborish boshlandi...
Eslatma yuborish uchun buyurtma topilmadi.
11.03.2026 01:20:02 — To'lanmagan buyurtmalarga eslatma yuborish boshlandi...
Eslatma yuborish uchun buyurtma topilmadi.
11.03.2026 01:30:03 — To'lanmagan buyurtmalarga eslatma yuborish boshlandi...
Eslatma yuborish uchun buyurtma topilmadi.
11.03.2026 01:40:02 — To'lanmagan buyurtmalarga eslatma yuborish boshlandi...
Eslatma yuborish uchun buyurtma topilmadi.
11.03.2026 01:50:02 — To'lanmagan buyurtmalarga eslatma yuborish boshlandi...
Eslatma yuborish uchun buyurtma topilmadi.
11.03.2026 02:00:02 — To'lanmagan buyurtmalarga eslatma yuborish boshlandi...
Eslatma yuborish uchun buyurtma topilmadi.
11.03.2026 02:10:02 — To'lanmagan buyurtmalarga eslatma yuborish boshlandi...
Eslatma yuborish uchun buyurtma topilmadi.
11.03.2026 02:20:02 — To'lanmagan buyurtmalarga eslatma yuborish boshlandi...
Eslatma yuborish uchun buyurtma topilmadi.
11.03.2026 02:30:02 — To'lanmagan buyurtmalarga eslatma yuborish boshlandi...
Eslatma yuborish uchun buyurtma topilmadi.
11.03.2026 02:40:02 — To'lanmagan buyurtmalarga eslatma yuborish boshlandi...
Eslatma yuborish uchun buyurtma topilmadi.
11.03.2026 02:50:02 — To'lanmagan buyurtmalarga eslatma yuborish boshlandi...
Eslatma yuborish uchun buyurtma topilmadi.
11.03.2026 03:00:02 — To'lanmagan buyurtmalarga eslatma yuborish boshlandi...
Eslatma yuborish uchun buyurtma topilmadi.
11.03.2026 03:10:02 — To'lanmagan buyurtmalarga eslatma yuborish boshlandi...
Eslatma yuborish uchun buyurtma topilmadi.
11.03.2026 03:20:02 — To'lanmagan buyurtmalarga eslatma yuborish boshlandi...
Eslatma yuborish uchun buyurtma topilmadi.
11.03.2026 03:30:02 — To'lanmagan buyurtmalarga eslatma yuborish boshlandi...
Eslatma yuborish uchun buyurtma topilmadi.
11.03.2026 03:40:02 — To'lanmagan buyurtmalarga eslatma yuborish boshlandi...
Eslatma yuborish uchun buyurtma topilmadi.
11.03.2026 03:50:02 — To'lanmagan buyurtmalarga eslatma yuborish boshlandi...
Eslatma yuborish uchun buyurtma topilmadi.
11.03.2026 04:00:02 — To'lanmagan buyurtmalarga eslatma yuborish boshlandi...
Eslatma yuborish uchun buyurtma topilmadi.
11.03.2026 04:10:02 — To'lanmagan buyurtmalarga eslatma yuborish boshlandi...
Eslatma yuborish uchun buyurtma topilmadi.
11.03.2026 04:20:02 — To'lanmagan buyurtmalarga eslatma yuborish boshlandi...
Eslatma yuborish uchun buyurtma topilmadi.
11.03.2026 04:30:02 — To'lanmagan buyurtmalarga eslatma yuborish boshlandi...
Eslatma yuborish uchun buyurtma topilmadi.
11.03.2026 04:40:02 — To'lanmagan buyurtmalarga eslatma yuborish boshlandi...
Eslatma yuborish uchun buyurtma topilmadi.
11.03.2026 04:50:02 — To'lanmagan buyurtmalarga eslatma yuborish boshlandi...
Eslatma yuborish uchun buyurtma topilmadi.
11.03.2026 05:00:03 — To'lanmagan buyurtmalarga eslatma yuborish boshlandi...
Eslatma yuborish uchun buyurtma topilmadi.
11.03.2026 05:10:02 — To'lanmagan buyurtmalarga eslatma yuborish boshlandi...
Eslatma yuborish uchun buyurtma topilmadi.
11.03.2026 05:20:03 — To'lanmagan buyurtmalarga eslatma yuborish boshlandi...
Eslatma yuborish uchun buyurtma topilmadi.
11.03.2026 05:30:02 — To'lanmagan buyurtmalarga eslatma yuborish boshlandi...
Eslatma yuborish uchun buyurtma topilmadi.
11.03.2026 05:40:02 — To'lanmagan buyurtmalarga eslatma yuborish boshlandi...
Eslatma yuborish uchun buyurtma topilmadi.
11.03.2026 05:50:02 — To'lanmagan buyurtmalarga eslatma yuborish boshlandi...
Eslatma yuborish uchun buyurtma topilmadi.
11.03.2026 06:00:03 — To'lanmagan buyurtmalarga eslatma yuborish boshlandi...
Eslatma yuborish uchun buyurtma topilmadi.
11.03.2026 06:10:02 — To'lanmagan buyurtmalarga eslatma yuborish boshlandi...
Eslatma yuborish uchun buyurtma topilmadi.
11.03.2026 06:20:02 — To'lanmagan buyurtmalarga eslatma yuborish boshlandi...
Eslatma yuborish uchun buyurtma topilmadi.
11.03.2026 06:30:03 — To'lanmagan buyurtmalarga eslatma yuborish boshlandi...
Eslatma yuborish uchun buyurtma topilmadi.
11.03.2026 06:40:03 — To'lanmagan buyurtmalarga eslatma yuborish boshlandi...
Eslatma yuborish uchun buyurtma topilmadi.
11.03.2026 06:50:02 — To'lanmagan buyurtmalarga eslatma yuborish boshlandi...
Eslatma yuborish uchun buyurtma topilmadi.
11.03.2026 07:00:02 — To'lanmagan buyurtmalarga eslatma yuborish boshlandi...
Eslatma yuborish uchun buyurtma topilmadi.
11.03.2026 07:10:03 — To'lanmagan buyurtmalarga eslatma yuborish boshlandi...
Eslatma yuborish uchun buyurtma topilmadi.
11.03.2026 07:20:02 — To'lanmagan buyurtmalarga eslatma yuborish boshlandi...
Eslatma yuborish uchun buyurtma topilmadi.
11.03.2026 07:30:02 — To'lanmagan buyurtmalarga eslatma yuborish boshlandi...
Eslatma yuborish uchun buyurtma topilmadi.
11.03.2026 07:40:03 — To'lanmagan buyurtmalarga eslatma yuborish boshlandi...
Eslatma yuborish uchun buyurtma topilmadi.
11.03.2026 07:50:02 — To'lanmagan buyurtmalarga eslatma yuborish boshlandi...
Eslatma yuborish uchun buyurtma topilmadi.
11.03.2026 08:00:03 — To'lanmagan buyurtmalarga eslatma yuborish boshlandi...
Eslatma yuborish uchun buyurtma topilmadi.
11.03.2026 08:10:02 — To'lanmagan buyurtmalarga eslatma yuborish boshlandi...
Eslatma yuborish uchun buyurtma topilmadi.
11.03.2026 08:20:03 — To'lanmagan buyurtmalarga eslatma yuborish boshlandi...
Eslatma yuborish uchun buyurtma topilmadi.
11.03.2026 08:30:02 — To'lanmagan buyurtmalarga eslatma yuborish boshlandi...
Eslatma yuborish uchun buyurtma topilmadi.
11.03.2026 08:40:02 — To'lanmagan buyurtmalarga eslatma yuborish boshlandi...
Eslatma yuborish uchun buyurtma topilmadi.
11.03.2026 08:50:02 — To'lanmagan buyurtmalarga eslatma yuborish boshlandi...
Eslatma yuborish uchun buyurtma topilmadi.
11.03.2026 09:00:02 — To'lanmagan buyurtmalarga eslatma yuborish boshlandi...
Eslatma yuborish uchun buyurtma topilmadi.
11.03.2026 09:10:02 — To'lanmagan buyurtmalarga eslatma yuborish boshlandi...
Eslatma yuborish uchun buyurtma topilmadi.
11.03.2026 09:20:02 — To'lanmagan buyurtmalarga eslatma yuborish boshlandi...
Eslatma yuborish uchun buyurtma topilmadi.
11.03.2026 09:30:02 — To'lanmagan buyurtmalarga eslatma yuborish boshlandi...
Eslatma yuborish uchun buyurtma topilmadi.
11.03.2026 09:40:02 — To'lanmagan buyurtmalarga eslatma yuborish boshlandi...
Eslatma yuborish uchun buyurtma topilmadi.
11.03.2026 09:50:02 — To'lanmagan buyurtmalarga eslatma yuborish boshlandi...
Eslatma yuborish uchun buyurtma topilmadi.
11.03.2026 10:00:02 — To'lanmagan buyurtmalarga eslatma yuborish boshlandi...
Eslatma yuborish uchun buyurtma topilmadi.
11.03.2026 10:10:02 — To'lanmagan buyurtmalarga eslatma yuborish boshlandi...
Eslatma yuborish uchun buyurtma topilmadi.
11.03.2026 10:20:02 — To'lanmagan buyurtmalarga eslatma yuborish boshlandi...
Eslatma yuborish uchun buyurtma topilmadi.
11.03.2026 10:30:02 — To'lanmagan buyurtmalarga eslatma yuborish boshlandi...
Eslatma yuborish uchun buyurtma topilmadi.
11.03.2026 10:40:02 — To'lanmagan buyurtmalarga eslatma yuborish boshlandi...
Eslatma yuborish uchun buyurtma topilmadi.
11.03.2026 10:50:02 — To'lanmagan buyurtmalarga eslatma yuborish boshlandi...
Eslatma yuborish uchun buyurtma topilmadi.
11.03.2026 11:00:02 — To'lanmagan buyurtmalarga eslatma yuborish boshlandi...
Eslatma yuborish uchun buyurtma topilmadi.
11.03.2026 11:10:02 — To'lanmagan buyurtmalarga eslatma yuborish boshlandi...
Eslatma yuborish uchun buyurtma topilmadi.
11.03.2026 11:20:02 — To'lanmagan buyurtmalarga eslatma yuborish boshlandi...
Eslatma yuborish uchun buyurtma topilmadi.
11.03.2026 11:30:02 — To'lanmagan buyurtmalarga eslatma yuborish boshlandi...
Eslatma yuborish uchun buyurtma topilmadi.
11.03.2026 11:40:02 — To'lanmagan buyurtmalarga eslatma yuborish boshlandi...
Eslatma yuborish uchun buyurtma topilmadi.
11.03.2026 11:50:02 — To'lanmagan buyurtmalarga eslatma yuborish boshlandi...
Eslatma yuborish uchun buyurtma topilmadi.
11.03.2026 12:00:02 — To'lanmagan buyurtmalarga eslatma yuborish boshlandi...
Eslatma yuborish uchun buyurtma topilmadi.
11.03.2026 12:10:02 — To'lanmagan buyurtmalarga eslatma yuborish boshlandi...
Eslatma yuborish uchun buyurtma topilmadi.
11.03.2026 12:20:02 — To'lanmagan buyurtmalarga eslatma yuborish boshlandi...
Eslatma yuborish uchun buyurtma topilmadi.
11.03.2026 12:30:02 — To'lanmagan buyurtmalarga eslatma yuborish boshlandi...

   Illuminate\Database\QueryException 

  SQLSTATE[HY000] [2002] Connection refused (Connection: mysql, SQL: select * from `solds` where `paymentStatus` = 1 and `status` = A and `created_at` >= 2026-03-11 11:30:02)

  at vendor/laravel/framework/src/Illuminate/Database/Connection.php:825
    821▕                     $this->getName(), $query, $this->prepareBindings($bindings), $e
    822▕                 );
    823▕             }
    824▕ 
  ➜ 825▕             throw new QueryException(
    826▕                 $this->getName(), $query, $this->prepareBindings($bindings), $e
    827▕             );
    828▕         }
    829▕     }

      [2m+22 vendor frames [22m

  23  app/Console/Commands/RemindUnpaidOrders.php:129
      Illuminate\Database\Eloquent\Builder::get()
      [2m+13 vendor frames [22m

  37  artisan:13
      Illuminate\Foundation\Application::handleCommand()

11.03.2026 12:40:02 — To'lanmagan buyurtmalarga eslatma yuborish boshlandi...
Eslatma yuborish uchun buyurtma topilmadi.
11.03.2026 12:50:02 — To'lanmagan buyurtmalarga eslatma yuborish boshlandi...
Eslatma yuborish uchun buyurtma topilmadi.
11.03.2026 13:00:02 — To'lanmagan buyurtmalarga eslatma yuborish boshlandi...

   Illuminate\Database\QueryException 

  SQLSTATE[HY000] [2002] Connection refused (Connection: mysql, SQL: select * from `solds` where `paymentStatus` = 1 and `status` = A and `created_at` >= 2026-03-11 12:00:02)

  at vendor/laravel/framework/src/Illuminate/Database/Connection.php:825
    821▕                     $this->getName(), $query, $this->prepareBindings($bindings), $e
    822▕                 );
    823▕             }
    824▕ 
  ➜ 825▕             throw new QueryException(
    826▕                 $this->getName(), $query, $this->prepareBindings($bindings), $e
    827▕             );
    828▕         }
    829▕     }

      [2m+22 vendor frames [22m

  23  app/Console/Commands/RemindUnpaidOrders.php:129
      Illuminate\Database\Eloquent\Builder::get()
      [2m+13 vendor frames [22m

  37  artisan:13
      Illuminate\Foundation\Application::handleCommand()

11.03.2026 13:10:02 — To'lanmagan buyurtmalarga eslatma yuborish boshlandi...
Eslatma yuborish uchun buyurtma topilmadi.
11.03.2026 13:20:02 — To'lanmagan buyurtmalarga eslatma yuborish boshlandi...
Eslatma yuborish uchun buyurtma topilmadi.
11.03.2026 13:30:02 — To'lanmagan buyurtmalarga eslatma yuborish boshlandi...

   Illuminate\Database\QueryException 

  SQLSTATE[HY000] [2002] Connection refused (Connection: mysql, SQL: select * from `solds` where `paymentStatus` = 1 and `status` = A and `created_at` >= 2026-03-11 12:30:02)

  at vendor/laravel/framework/src/Illuminate/Database/Connection.php:825
    821▕                     $this->getName(), $query, $this->prepareBindings($bindings), $e
    822▕                 );
    823▕             }
    824▕ 
  ➜ 825▕             throw new QueryException(
    826▕                 $this->getName(), $query, $this->prepareBindings($bindings), $e
    827▕             );
    828▕         }
    829▕     }

      [2m+22 vendor frames [22m

  23  app/Console/Commands/RemindUnpaidOrders.php:129
      Illuminate\Database\Eloquent\Builder::get()
      [2m+13 vendor frames [22m

  37  artisan:13
      Illuminate\Foundation\Application::handleCommand()

11.03.2026 13:40:02 — To'lanmagan buyurtmalarga eslatma yuborish boshlandi...
Eslatma yuborish uchun buyurtma topilmadi.
11.03.2026 13:50:02 — To'lanmagan buyurtmalarga eslatma yuborish boshlandi...
Eslatma yuborish uchun buyurtma topilmadi.
11.03.2026 14:00:02 — To'lanmagan buyurtmalarga eslatma yuborish boshlandi...

   Illuminate\Database\QueryException 

  SQLSTATE[HY000] [2002] Connection refused (Connection: mysql, SQL: select * from `solds` where `paymentStatus` = 1 and `status` = A and `created_at` >= 2026-03-11 13:00:02)

  at vendor/laravel/framework/src/Illuminate/Database/Connection.php:825
    821▕                     $this->getName(), $query, $this->prepareBindings($bindings), $e
    822▕                 );
    823▕             }
    824▕ 
  ➜ 825▕             throw new QueryException(
    826▕                 $this->getName(), $query, $this->prepareBindings($bindings), $e
    827▕             );
    828▕         }
    829▕     }

      [2m+22 vendor frames [22m

  23  app/Console/Commands/RemindUnpaidOrders.php:129
      Illuminate\Database\Eloquent\Builder::get()
      [2m+13 vendor frames [22m

  37  artisan:13
      Illuminate\Foundation\Application::handleCommand()

11.03.2026 14:10:02 — To'lanmagan buyurtmalarga eslatma yuborish boshlandi...
Eslatma yuborish uchun buyurtma topilmadi.
11.03.2026 14:20:02 — To'lanmagan buyurtmalarga eslatma yuborish boshlandi...
Eslatma yuborish uchun buyurtma topilmadi.
11.03.2026 14:30:02 — To'lanmagan buyurtmalarga eslatma yuborish boshlandi...

   Illuminate\Database\QueryException 

  SQLSTATE[HY000] [2002] Connection refused (Connection: mysql, SQL: select * from `solds` where `paymentStatus` = 1 and `status` = A and `created_at` >= 2026-03-11 13:30:02)

  at vendor/laravel/framework/src/Illuminate/Database/Connection.php:825
    821▕                     $this->getName(), $query, $this->prepareBindings($bindings), $e
    822▕                 );
    823▕             }
    824▕ 
  ➜ 825▕             throw new QueryException(
    826▕                 $this->getName(), $query, $this->prepareBindings($bindings), $e
    827▕             );
    828▕         }
    829▕     }

      [2m+22 vendor frames [22m

  23  app/Console/Commands/RemindUnpaidOrders.php:129
      Illuminate\Database\Eloquent\Builder::get()
      [2m+13 vendor frames [22m

  37  artisan:13
      Illuminate\Foundation\Application::handleCommand()

11.03.2026 14:40:02 — To'lanmagan buyurtmalarga eslatma yuborish boshlandi...
Eslatma yuborish uchun buyurtma topilmadi.
11.03.2026 14:50:02 — To'lanmagan buyurtmalarga eslatma yuborish boshlandi...
Eslatma yuborish uchun buyurtma topilmadi.
11.03.2026 15:00:02 — To'lanmagan buyurtmalarga eslatma yuborish boshlandi...

   Illuminate\Database\QueryException 

  SQLSTATE[HY000] [2002] Connection refused (Connection: mysql, SQL: select * from `solds` where `paymentStatus` = 1 and `status` = A and `created_at` >= 2026-03-11 14:00:02)

  at vendor/laravel/framework/src/Illuminate/Database/Connection.php:825
    821▕                     $this->getName(), $query, $this->prepareBindings($bindings), $e
    822▕                 );
    823▕             }
    824▕ 
  ➜ 825▕             throw new QueryException(
    826▕                 $this->getName(), $query, $this->prepareBindings($bindings), $e
    827▕             );
    828▕         }
    829▕     }

      [2m+22 vendor frames [22m

  23  app/Console/Commands/RemindUnpaidOrders.php:129
      Illuminate\Database\Eloquent\Builder::get()
      [2m+13 vendor frames [22m

  37  artisan:13
      Illuminate\Foundation\Application::handleCommand()

11.03.2026 15:10:02 — To'lanmagan buyurtmalarga eslatma yuborish boshlandi...
Eslatma yuborish uchun buyurtma topilmadi.
11.03.2026 15:20:02 — To'lanmagan buyurtmalarga eslatma yuborish boshlandi...
Eslatma yuborish uchun buyurtma topilmadi.
11.03.2026 15:30:03 — To'lanmagan buyurtmalarga eslatma yuborish boshlandi...

   Illuminate\Database\QueryException 

  SQLSTATE[HY000] [2002] Connection refused (Connection: mysql, SQL: select * from `solds` where `paymentStatus` = 1 and `status` = A and `created_at` >= 2026-03-11 14:30:03)

  at vendor/laravel/framework/src/Illuminate/Database/Connection.php:825
    821▕                     $this->getName(), $query, $this->prepareBindings($bindings), $e
    822▕                 );
    823▕             }
    824▕ 
  ➜ 825▕             throw new QueryException(
    826▕                 $this->getName(), $query, $this->prepareBindings($bindings), $e
    827▕             );
    828▕         }
    829▕     }

      [2m+22 vendor frames [22m

  23  app/Console/Commands/RemindUnpaidOrders.php:129
      Illuminate\Database\Eloquent\Builder::get()
      [2m+13 vendor frames [22m

  37  artisan:13
      Illuminate\Foundation\Application::handleCommand()

11.03.2026 15:40:03 — To'lanmagan buyurtmalarga eslatma yuborish boshlandi...
Eslatma yuborish uchun buyurtma topilmadi.
11.03.2026 15:50:02 — To'lanmagan buyurtmalarga eslatma yuborish boshlandi...
Eslatma yuborish uchun buyurtma topilmadi.
11.03.2026 16:00:02 — To'lanmagan buyurtmalarga eslatma yuborish boshlandi...

   Illuminate\Database\QueryException 

  SQLSTATE[HY000] [2002] Connection refused (Connection: mysql, SQL: select * from `solds` where `paymentStatus` = 1 and `status` = A and `created_at` >= 2026-03-11 15:00:02)

  at vendor/laravel/framework/src/Illuminate/Database/Connection.php:825
    821▕                     $this->getName(), $query, $this->prepareBindings($bindings), $e
    822▕                 );
    823▕             }
    824▕ 
  ➜ 825▕             throw new QueryException(
    826▕                 $this->getName(), $query, $this->prepareBindings($bindings), $e
    827▕             );
    828▕         }
    829▕     }

      [2m+22 vendor frames [22m

  23  app/Console/Commands/RemindUnpaidOrders.php:129
      Illuminate\Database\Eloquent\Builder::get()
      [2m+13 vendor frames [22m

  37  artisan:13
      Illuminate\Foundation\Application::handleCommand()

11.03.2026 16:10:03 — To'lanmagan buyurtmalarga eslatma yuborish boshlandi...
Eslatma yuborish uchun buyurtma topilmadi.
11.03.2026 16:20:03 — To'lanmagan buyurtmalarga eslatma yuborish boshlandi...
Eslatma yuborish uchun buyurtma topilmadi.
11.03.2026 16:30:03 — To'lanmagan buyurtmalarga eslatma yuborish boshlandi...

   Illuminate\Database\QueryException 

  SQLSTATE[HY000] [2002] Connection refused (Connection: mysql, SQL: select * from `solds` where `paymentStatus` = 1 and `status` = A and `created_at` >= 2026-03-11 15:30:03)

  at vendor/laravel/framework/src/Illuminate/Database/Connection.php:825
    821▕                     $this->getName(), $query, $this->prepareBindings($bindings), $e
    822▕                 );
    823▕             }
    824▕ 
  ➜ 825▕             throw new QueryException(
    826▕                 $this->getName(), $query, $this->prepareBindings($bindings), $e
    827▕             );
    828▕         }
    829▕     }

      [2m+22 vendor frames [22m

  23  app/Console/Commands/RemindUnpaidOrders.php:129
      Illuminate\Database\Eloquent\Builder::get()
      [2m+13 vendor frames [22m

  37  artisan:13
      Illuminate\Foundation\Application::handleCommand()

11.03.2026 16:40:03 — To'lanmagan buyurtmalarga eslatma yuborish boshlandi...
Eslatma yuborish uchun buyurtma topilmadi.
11.03.2026 16:50:02 — To'lanmagan buyurtmalarga eslatma yuborish boshlandi...
Eslatma yuborish uchun buyurtma topilmadi.
11.03.2026 17:00:02 — To'lanmagan buyurtmalarga eslatma yuborish boshlandi...

   Illuminate\Database\QueryException 

  SQLSTATE[HY000] [2002] Connection refused (Connection: mysql, SQL: select * from `solds` where `paymentStatus` = 1 and `status` = A and `created_at` >= 2026-03-11 16:00:02)

  at vendor/laravel/framework/src/Illuminate/Database/Connection.php:825
    821▕                     $this->getName(), $query, $this->prepareBindings($bindings), $e
    822▕                 );
    823▕             }
    824▕ 
  ➜ 825▕             throw new QueryException(
    826▕                 $this->getName(), $query, $this->prepareBindings($bindings), $e
    827▕             );
    828▕         }
    829▕     }

      [2m+22 vendor frames [22m

  23  app/Console/Commands/RemindUnpaidOrders.php:129
      Illuminate\Database\Eloquent\Builder::get()
      [2m+13 vendor frames [22m

  37  artisan:13
      Illuminate\Foundation\Application::handleCommand()

11.03.2026 17:10:02 — To'lanmagan buyurtmalarga eslatma yuborish boshlandi...
Eslatma yuborish uchun buyurtma topilmadi.
11.03.2026 17:20:02 — To'lanmagan buyurtmalarga eslatma yuborish boshlandi...
Eslatma yuborish uchun buyurtma topilmadi.
11.03.2026 17:30:02 — To'lanmagan buyurtmalarga eslatma yuborish boshlandi...

   Illuminate\Database\QueryException 

  SQLSTATE[HY000] [2002] Connection refused (Connection: mysql, SQL: select * from `solds` where `paymentStatus` = 1 and `status` = A and `created_at` >= 2026-03-11 16:30:02)

  at vendor/laravel/framework/src/Illuminate/Database/Connection.php:825
    821▕                     $this->getName(), $query, $this->prepareBindings($bindings), $e
    822▕                 );
    823▕             }
    824▕ 
  ➜ 825▕             throw new QueryException(
    826▕                 $this->getName(), $query, $this->prepareBindings($bindings), $e
    827▕             );
    828▕         }
    829▕     }

      [2m+22 vendor frames [22m

  23  app/Console/Commands/RemindUnpaidOrders.php:129
      Illuminate\Database\Eloquent\Builder::get()
      [2m+13 vendor frames [22m

  37  artisan:13
      Illuminate\Foundation\Application::handleCommand()

11.03.2026 17:40:03 — To'lanmagan buyurtmalarga eslatma yuborish boshlandi...
Eslatma yuborish uchun buyurtma topilmadi.
11.03.2026 17:50:02 — To'lanmagan buyurtmalarga eslatma yuborish boshlandi...
Eslatma yuborish uchun buyurtma topilmadi.
11.03.2026 18:00:03 — To'lanmagan buyurtmalarga eslatma yuborish boshlandi...

   Illuminate\Database\QueryException 

  SQLSTATE[HY000] [2002] Connection refused (Connection: mysql, SQL: select * from `solds` where `paymentStatus` = 1 and `status` = A and `created_at` >= 2026-03-11 17:00:03)

  at vendor/laravel/framework/src/Illuminate/Database/Connection.php:825
    821▕                     $this->getName(), $query, $this->prepareBindings($bindings), $e
    822▕                 );
    823▕             }
    824▕ 
  ➜ 825▕             throw new QueryException(
    826▕                 $this->getName(), $query, $this->prepareBindings($bindings), $e
    827▕             );
    828▕         }
    829▕     }

      [2m+22 vendor frames [22m

  23  app/Console/Commands/RemindUnpaidOrders.php:129
      Illuminate\Database\Eloquent\Builder::get()
      [2m+13 vendor frames [22m

  37  artisan:13
      Illuminate\Foundation\Application::handleCommand()

11.03.2026 18:10:02 — To'lanmagan buyurtmalarga eslatma yuborish boshlandi...
Eslatma yuborish uchun buyurtma topilmadi.
11.03.2026 18:20:02 — To'lanmagan buyurtmalarga eslatma yuborish boshlandi...
Eslatma yuborish uchun buyurtma topilmadi.
11.03.2026 18:30:02 — To'lanmagan buyurtmalarga eslatma yuborish boshlandi...

   Illuminate\Database\QueryException 

  SQLSTATE[HY000] [2002] Connection refused (Connection: mysql, SQL: select * from `solds` where `paymentStatus` = 1 and `status` = A and `created_at` >= 2026-03-11 17:30:02)

  at vendor/laravel/framework/src/Illuminate/Database/Connection.php:825
    821▕                     $this->getName(), $query, $this->prepareBindings($bindings), $e
    822▕                 );
    823▕             }
    824▕ 
  ➜ 825▕             throw new QueryException(
    826▕                 $this->getName(), $query, $this->prepareBindings($bindings), $e
    827▕             );
    828▕         }
    829▕     }

      [2m+22 vendor frames [22m

  23  app/Console/Commands/RemindUnpaidOrders.php:129
      Illuminate\Database\Eloquent\Builder::get()
      [2m+13 vendor frames [22m

  37  artisan:13
      Illuminate\Foundation\Application::handleCommand()

11.03.2026 18:40:02 — To'lanmagan buyurtmalarga eslatma yuborish boshlandi...
Eslatma yuborish uchun buyurtma topilmadi.
11.03.2026 18:50:02 — To'lanmagan buyurtmalarga eslatma yuborish boshlandi...
Eslatma yuborish uchun buyurtma topilmadi.
11.03.2026 19:00:02 — To'lanmagan buyurtmalarga eslatma yuborish boshlandi...

   Illuminate\Database\QueryException 

  SQLSTATE[HY000] [2002] Connection refused (Connection: mysql, SQL: select * from `solds` where `paymentStatus` = 1 and `status` = A and `created_at` >= 2026-03-11 18:00:02)

  at vendor/laravel/framework/src/Illuminate/Database/Connection.php:825
    821▕                     $this->getName(), $query, $this->prepareBindings($bindings), $e
    822▕                 );
    823▕             }
    824▕ 
  ➜ 825▕             throw new QueryException(
    826▕                 $this->getName(), $query, $this->prepareBindings($bindings), $e
    827▕             );
    828▕         }
    829▕     }

      [2m+22 vendor frames [22m

  23  app/Console/Commands/RemindUnpaidOrders.php:129
      Illuminate\Database\Eloquent\Builder::get()
      [2m+13 vendor frames [22m

  37  artisan:13
      Illuminate\Foundation\Application::handleCommand()

11.03.2026 19:10:02 — To'lanmagan buyurtmalarga eslatma yuborish boshlandi...
Eslatma yuborish uchun buyurtma topilmadi.
11.03.2026 19:20:02 — To'lanmagan buyurtmalarga eslatma yuborish boshlandi...
Eslatma yuborish uchun buyurtma topilmadi.
11.03.2026 19:30:03 — To'lanmagan buyurtmalarga eslatma yuborish boshlandi...

   Illuminate\Database\QueryException 

  SQLSTATE[HY000] [2002] Connection refused (Connection: mysql, SQL: select * from `solds` where `paymentStatus` = 1 and `status` = A and `created_at` >= 2026-03-11 18:30:03)

  at vendor/laravel/framework/src/Illuminate/Database/Connection.php:825
    821▕                     $this->getName(), $query, $this->prepareBindings($bindings), $e
    822▕                 );
    823▕             }
    824▕ 
  ➜ 825▕             throw new QueryException(
    826▕                 $this->getName(), $query, $this->prepareBindings($bindings), $e
    827▕             );
    828▕         }
    829▕     }

      [2m+22 vendor frames [22m

  23  app/Console/Commands/RemindUnpaidOrders.php:129
      Illuminate\Database\Eloquent\Builder::get()
      [2m+13 vendor frames [22m

  37  artisan:13
      Illuminate\Foundation\Application::handleCommand()

11.03.2026 19:40:02 — To'lanmagan buyurtmalarga eslatma yuborish boshlandi...
Eslatma yuborish uchun buyurtma topilmadi.
11.03.2026 19:50:03 — To'lanmagan buyurtmalarga eslatma yuborish boshlandi...
Eslatma yuborish uchun buyurtma topilmadi.
11.03.2026 20:00:02 — To'lanmagan buyurtmalarga eslatma yuborish boshlandi...

   Illuminate\Database\QueryException 

  SQLSTATE[HY000] [2002] Connection refused (Connection: mysql, SQL: select * from `solds` where `paymentStatus` = 1 and `status` = A and `created_at` >= 2026-03-11 19:00:02)

  at vendor/laravel/framework/src/Illuminate/Database/Connection.php:825
    821▕                     $this->getName(), $query, $this->prepareBindings($bindings), $e
    822▕                 );
    823▕             }
    824▕ 
  ➜ 825▕             throw new QueryException(
    826▕                 $this->getName(), $query, $this->prepareBindings($bindings), $e
    827▕             );
    828▕         }
    829▕     }

      [2m+22 vendor frames [22m

  23  app/Console/Commands/RemindUnpaidOrders.php:129
      Illuminate\Database\Eloquent\Builder::get()
      [2m+13 vendor frames [22m

  37  artisan:13
      Illuminate\Foundation\Application::handleCommand()

11.03.2026 20:10:02 — To'lanmagan buyurtmalarga eslatma yuborish boshlandi...
Eslatma yuborish uchun buyurtma topilmadi.
11.03.2026 20:20:02 — To'lanmagan buyurtmalarga eslatma yuborish boshlandi...
Eslatma yuborish uchun buyurtma topilmadi.
11.03.2026 20:30:02 — To'lanmagan buyurtmalarga eslatma yuborish boshlandi...

   Illuminate\Database\QueryException 

  SQLSTATE[HY000] [2002] Connection refused (Connection: mysql, SQL: select * from `solds` where `paymentStatus` = 1 and `status` = A and `created_at` >= 2026-03-11 19:30:02)

  at vendor/laravel/framework/src/Illuminate/Database/Connection.php:825
    821▕                     $this->getName(), $query, $this->prepareBindings($bindings), $e
    822▕                 );
    823▕             }
    824▕ 
  ➜ 825▕             throw new QueryException(
    826▕                 $this->getName(), $query, $this->prepareBindings($bindings), $e
    827▕             );
    828▕         }
    829▕     }

      [2m+22 vendor frames [22m

  23  app/Console/Commands/RemindUnpaidOrders.php:129
      Illuminate\Database\Eloquent\Builder::get()
      [2m+13 vendor frames [22m

  37  artisan:13
      Illuminate\Foundation\Application::handleCommand()

11.03.2026 20:40:02 — To'lanmagan buyurtmalarga eslatma yuborish boshlandi...
Topilgan buyurtmalar: 1
Eslatmalar yuborildi.
11.03.2026 20:50:02 — To'lanmagan buyurtmalarga eslatma yuborish boshlandi...
Topilgan buyurtmalar: 1
Eslatmalar yuborildi.
11.03.2026 21:00:02 — To'lanmagan buyurtmalarga eslatma yuborish boshlandi...

   Illuminate\Database\QueryException 

  SQLSTATE[HY000] [2002] Connection refused (Connection: mysql, SQL: select * from `solds` where `paymentStatus` = 1 and `status` = A and `created_at` >= 2026-03-11 20:00:02)

  at vendor/laravel/framework/src/Illuminate/Database/Connection.php:825
    821▕                     $this->getName(), $query, $this->prepareBindings($bindings), $e
    822▕                 );
    823▕             }
    824▕ 
  ➜ 825▕             throw new QueryException(
    826▕                 $this->getName(), $query, $this->prepareBindings($bindings), $e
    827▕             );
    828▕         }
    829▕     }

      [2m+22 vendor frames [22m

  23  app/Console/Commands/RemindUnpaidOrders.php:129
      Illuminate\Database\Eloquent\Builder::get()
      [2m+13 vendor frames [22m

  37  artisan:13
      Illuminate\Foundation\Application::handleCommand()

11.03.2026 21:10:02 — To'lanmagan buyurtmalarga eslatma yuborish boshlandi...
Topilgan buyurtmalar: 1
Eslatmalar yuborildi.
11.03.2026 21:20:02 — To'lanmagan buyurtmalarga eslatma yuborish boshlandi...
Topilgan buyurtmalar: 1
Eslatmalar yuborildi.
11.03.2026 21:30:02 — To'lanmagan buyurtmalarga eslatma yuborish boshlandi...

   Illuminate\Database\QueryException 

  SQLSTATE[HY000] [2002] Connection refused (Connection: mysql, SQL: select * from `solds` where `paymentStatus` = 1 and `status` = A and `created_at` >= 2026-03-11 20:30:02)

  at vendor/laravel/framework/src/Illuminate/Database/Connection.php:825
    821▕                     $this->getName(), $query, $this->prepareBindings($bindings), $e
    822▕                 );
    823▕             }
    824▕ 
  ➜ 825▕             throw new QueryException(
    826▕                 $this->getName(), $query, $this->prepareBindings($bindings), $e
    827▕             );
    828▕         }
    829▕     }

      [2m+22 vendor frames [22m

  23  app/Console/Commands/RemindUnpaidOrders.php:129
      Illuminate\Database\Eloquent\Builder::get()
      [2m+13 vendor frames [22m

  37  artisan:13
      Illuminate\Foundation\Application::handleCommand()

11.03.2026 21:40:02 — To'lanmagan buyurtmalarga eslatma yuborish boshlandi...
Eslatma yuborish uchun buyurtma topilmadi.
11.03.2026 21:50:02 — To'lanmagan buyurtmalarga eslatma yuborish boshlandi...
Eslatma yuborish uchun buyurtma topilmadi.
11.03.2026 22:00:02 — To'lanmagan buyurtmalarga eslatma yuborish boshlandi...

   Illuminate\Database\QueryException 

  SQLSTATE[HY000] [2002] Connection refused (Connection: mysql, SQL: select * from `solds` where `paymentStatus` = 1 and `status` = A and `created_at` >= 2026-03-11 21:00:02)

  at vendor/laravel/framework/src/Illuminate/Database/Connection.php:825
    821▕                     $this->getName(), $query, $this->prepareBindings($bindings), $e
    822▕                 );
    823▕             }
    824▕ 
  ➜ 825▕             throw new QueryException(
    826▕                 $this->getName(), $query, $this->prepareBindings($bindings), $e
    827▕             );
    828▕         }
    829▕     }

      [2m+22 vendor frames [22m

  23  app/Console/Commands/RemindUnpaidOrders.php:129
      Illuminate\Database\Eloquent\Builder::get()
      [2m+13 vendor frames [22m

  37  artisan:13
      Illuminate\Foundation\Application::handleCommand()

11.03.2026 22:10:03 — To'lanmagan buyurtmalarga eslatma yuborish boshlandi...
Eslatma yuborish uchun buyurtma topilmadi.
11.03.2026 22:20:02 — To'lanmagan buyurtmalarga eslatma yuborish boshlandi...
Eslatma yuborish uchun buyurtma topilmadi.
11.03.2026 22:30:03 — To'lanmagan buyurtmalarga eslatma yuborish boshlandi...

   Illuminate\Database\QueryException 

  SQLSTATE[HY000] [2002] Connection refused (Connection: mysql, SQL: select * from `solds` where `paymentStatus` = 1 and `status` = A and `created_at` >= 2026-03-11 21:30:03)

  at vendor/laravel/framework/src/Illuminate/Database/Connection.php:825
    821▕                     $this->getName(), $query, $this->prepareBindings($bindings), $e
    822▕                 );
    823▕             }
    824▕ 
  ➜ 825▕             throw new QueryException(
    826▕                 $this->getName(), $query, $this->prepareBindings($bindings), $e
    827▕             );
    828▕         }
    829▕     }

      [2m+22 vendor frames [22m

  23  app/Console/Commands/RemindUnpaidOrders.php:129
      Illuminate\Database\Eloquent\Builder::get()
      [2m+13 vendor frames [22m

  37  artisan:13
      Illuminate\Foundation\Application::handleCommand()

11.03.2026 22:40:02 — To'lanmagan buyurtmalarga eslatma yuborish boshlandi...
Eslatma yuborish uchun buyurtma topilmadi.
11.03.2026 22:50:02 — To'lanmagan buyurtmalarga eslatma yuborish boshlandi...
Eslatma yuborish uchun buyurtma topilmadi.
11.03.2026 23:00:02 — To'lanmagan buyurtmalarga eslatma yuborish boshlandi...

   Illuminate\Database\QueryException 

  SQLSTATE[HY000] [2002] Connection refused (Connection: mysql, SQL: select * from `solds` where `paymentStatus` = 1 and `status` = A and `created_at` >= 2026-03-11 22:00:02)

  at vendor/laravel/framework/src/Illuminate/Database/Connection.php:825
    821▕                     $this->getName(), $query, $this->prepareBindings($bindings), $e
    822▕                 );
    823▕             }
    824▕ 
  ➜ 825▕             throw new QueryException(
    826▕                 $this->getName(), $query, $this->prepareBindings($bindings), $e
    827▕             );
    828▕         }
    829▕     }

      [2m+22 vendor frames [22m

  23  app/Console/Commands/RemindUnpaidOrders.php:129
      Illuminate\Database\Eloquent\Builder::get()
      [2m+13 vendor frames [22m

  37  artisan:13
      Illuminate\Foundation\Application::handleCommand()

11.03.2026 23:10:02 — To'lanmagan buyurtmalarga eslatma yuborish boshlandi...
Eslatma yuborish uchun buyurtma topilmadi.
11.03.2026 23:20:03 — To'lanmagan buyurtmalarga eslatma yuborish boshlandi...
Eslatma yuborish uchun buyurtma topilmadi.
11.03.2026 23:30:02 — To'lanmagan buyurtmalarga eslatma yuborish boshlandi...

   Illuminate\Database\QueryException 

  SQLSTATE[HY000] [2002] Connection refused (Connection: mysql, SQL: select * from `solds` where `paymentStatus` = 1 and `status` = A and `created_at` >= 2026-03-11 22:30:02)

  at vendor/laravel/framework/src/Illuminate/Database/Connection.php:825
    821▕                     $this->getName(), $query, $this->prepareBindings($bindings), $e
    822▕                 );
    823▕             }
    824▕ 
  ➜ 825▕             throw new QueryException(
    826▕                 $this->getName(), $query, $this->prepareBindings($bindings), $e
    827▕             );
    828▕         }
    829▕     }

      [2m+22 vendor frames [22m

  23  app/Console/Commands/RemindUnpaidOrders.php:129
      Illuminate\Database\Eloquent\Builder::get()
      [2m+13 vendor frames [22m

  37  artisan:13
      Illuminate\Foundation\Application::handleCommand()

11.03.2026 23:40:02 — To'lanmagan buyurtmalarga eslatma yuborish boshlandi...
Eslatma yuborish uchun buyurtma topilmadi.
11.03.2026 23:50:02 — To'lanmagan buyurtmalarga eslatma yuborish boshlandi...
Eslatma yuborish uchun buyurtma topilmadi.
12.03.2026 00:00:02 — To'lanmagan buyurtmalarga eslatma yuborish boshlandi...

   Illuminate\Database\QueryException 

  SQLSTATE[HY000] [2002] Connection refused (Connection: mysql, SQL: select * from `solds` where `paymentStatus` = 1 and `status` = A and `created_at` >= 2026-03-11 23:00:02)

  at vendor/laravel/framework/src/Illuminate/Database/Connection.php:825
    821▕                     $this->getName(), $query, $this->prepareBindings($bindings), $e
    822▕                 );
    823▕             }
    824▕ 
  ➜ 825▕             throw new QueryException(
    826▕                 $this->getName(), $query, $this->prepareBindings($bindings), $e
    827▕             );
    828▕         }
    829▕     }

      [2m+22 vendor frames [22m

  23  app/Console/Commands/RemindUnpaidOrders.php:129
      Illuminate\Database\Eloquent\Builder::get()
      [2m+13 vendor frames [22m

  37  artisan:13
      Illuminate\Foundation\Application::handleCommand()

12.03.2026 00:10:02 — To'lanmagan buyurtmalarga eslatma yuborish boshlandi...
Eslatma yuborish uchun buyurtma topilmadi.
12.03.2026 00:20:03 — To'lanmagan buyurtmalarga eslatma yuborish boshlandi...
Eslatma yuborish uchun buyurtma topilmadi.
12.03.2026 00:30:02 — To'lanmagan buyurtmalarga eslatma yuborish boshlandi...

   Illuminate\Database\QueryException 

  SQLSTATE[HY000] [2002] Connection refused (Connection: mysql, SQL: select * from `solds` where `paymentStatus` = 1 and `status` = A and `created_at` >= 2026-03-11 23:30:02)

  at vendor/laravel/framework/src/Illuminate/Database/Connection.php:825
    821▕                     $this->getName(), $query, $this->prepareBindings($bindings), $e
    822▕                 );
    823▕             }
    824▕ 
  ➜ 825▕             throw new QueryException(
    826▕                 $this->getName(), $query, $this->prepareBindings($bindings), $e
    827▕             );
    828▕         }
    829▕     }

      [2m+22 vendor frames [22m

  23  app/Console/Commands/RemindUnpaidOrders.php:129
      Illuminate\Database\Eloquent\Builder::get()
      [2m+13 vendor frames [22m

  37  artisan:13
      Illuminate\Foundation\Application::handleCommand()

12.03.2026 00:40:02 — To'lanmagan buyurtmalarga eslatma yuborish boshlandi...
Eslatma yuborish uchun buyurtma topilmadi.
12.03.2026 00:50:03 — To'lanmagan buyurtmalarga eslatma yuborish boshlandi...
Eslatma yuborish uchun buyurtma topilmadi.
12.03.2026 01:00:02 — To'lanmagan buyurtmalarga eslatma yuborish boshlandi...

   Illuminate\Database\QueryException 

  SQLSTATE[HY000] [2002] Connection refused (Connection: mysql, SQL: select * from `solds` where `paymentStatus` = 1 and `status` = A and `created_at` >= 2026-03-12 00:00:02)

  at vendor/laravel/framework/src/Illuminate/Database/Connection.php:825
    821▕                     $this->getName(), $query, $this->prepareBindings($bindings), $e
    822▕                 );
    823▕             }
    824▕ 
  ➜ 825▕             throw new QueryException(
    826▕                 $this->getName(), $query, $this->prepareBindings($bindings), $e
    827▕             );
    828▕         }
    829▕     }

      [2m+22 vendor frames [22m

  23  app/Console/Commands/RemindUnpaidOrders.php:129
      Illuminate\Database\Eloquent\Builder::get()
      [2m+13 vendor frames [22m

  37  artisan:13
      Illuminate\Foundation\Application::handleCommand()

12.03.2026 01:10:03 — To'lanmagan buyurtmalarga eslatma yuborish boshlandi...
Eslatma yuborish uchun buyurtma topilmadi.
12.03.2026 01:20:02 — To'lanmagan buyurtmalarga eslatma yuborish boshlandi...
Eslatma yuborish uchun buyurtma topilmadi.
12.03.2026 01:30:03 — To'lanmagan buyurtmalarga eslatma yuborish boshlandi...

   Illuminate\Database\QueryException 

  SQLSTATE[HY000] [2002] Connection refused (Connection: mysql, SQL: select * from `solds` where `paymentStatus` = 1 and `status` = A and `created_at` >= 2026-03-12 00:30:03)

  at vendor/laravel/framework/src/Illuminate/Database/Connection.php:825
    821▕                     $this->getName(), $query, $this->prepareBindings($bindings), $e
    822▕                 );
    823▕             }
    824▕ 
  ➜ 825▕             throw new QueryException(
    826▕                 $this->getName(), $query, $this->prepareBindings($bindings), $e
    827▕             );
    828▕         }
    829▕     }

      [2m+22 vendor frames [22m

  23  app/Console/Commands/RemindUnpaidOrders.php:129
      Illuminate\Database\Eloquent\Builder::get()
      [2m+13 vendor frames [22m

  37  artisan:13
      Illuminate\Foundation\Application::handleCommand()

12.03.2026 01:40:02 — To'lanmagan buyurtmalarga eslatma yuborish boshlandi...
Eslatma yuborish uchun buyurtma topilmadi.
12.03.2026 01:50:02 — To'lanmagan buyurtmalarga eslatma yuborish boshlandi...
Eslatma yuborish uchun buyurtma topilmadi.
12.03.2026 02:00:03 — To'lanmagan buyurtmalarga eslatma yuborish boshlandi...

   Illuminate\Database\QueryException 

  SQLSTATE[HY000] [2002] Connection refused (Connection: mysql, SQL: select * from `solds` where `paymentStatus` = 1 and `status` = A and `created_at` >= 2026-03-12 01:00:03)

  at vendor/laravel/framework/src/Illuminate/Database/Connection.php:825
    821▕                     $this->getName(), $query, $this->prepareBindings($bindings), $e
    822▕                 );
    823▕             }
    824▕ 
  ➜ 825▕             throw new QueryException(
    826▕                 $this->getName(), $query, $this->prepareBindings($bindings), $e
    827▕             );
    828▕         }
    829▕     }

      [2m+22 vendor frames [22m

  23  app/Console/Commands/RemindUnpaidOrders.php:129
      Illuminate\Database\Eloquent\Builder::get()
      [2m+13 vendor frames [22m

  37  artisan:13
      Illuminate\Foundation\Application::handleCommand()

12.03.2026 02:10:02 — To'lanmagan buyurtmalarga eslatma yuborish boshlandi...
Eslatma yuborish uchun buyurtma topilmadi.
12.03.2026 02:20:02 — To'lanmagan buyurtmalarga eslatma yuborish boshlandi...
Topilgan buyurtmalar: 1
Push yuborildi: order #63, user #2, lang=uz, msg=2
Eslatmalar yuborildi.
12.03.2026 02:30:02 — To'lanmagan buyurtmalarga eslatma yuborish boshlandi...

   Illuminate\Database\QueryException 

  SQLSTATE[HY000] [2002] Connection refused (Connection: mysql, SQL: select * from `solds` where `paymentStatus` = 1 and `status` = A and `created_at` >= 2026-03-12 01:30:02)

  at vendor/laravel/framework/src/Illuminate/Database/Connection.php:825
    821▕                     $this->getName(), $query, $this->prepareBindings($bindings), $e
    822▕                 );
    823▕             }
    824▕ 
  ➜ 825▕             throw new QueryException(
    826▕                 $this->getName(), $query, $this->prepareBindings($bindings), $e
    827▕             );
    828▕         }
    829▕     }

      [2m+22 vendor frames [22m

  23  app/Console/Commands/RemindUnpaidOrders.php:129
      Illuminate\Database\Eloquent\Builder::get()
      [2m+13 vendor frames [22m

  37  artisan:13
      Illuminate\Foundation\Application::handleCommand()

12.03.2026 02:40:02 — To'lanmagan buyurtmalarga eslatma yuborish boshlandi...
Topilgan buyurtmalar: 1
Push yuborildi: order #63, user #2, lang=uz, msg=4
Eslatmalar yuborildi.
12.03.2026 02:50:02 — To'lanmagan buyurtmalarga eslatma yuborish boshlandi...
Topilgan buyurtmalar: 1
Push yuborildi: order #63, user #2, lang=uz, msg=0
Eslatmalar yuborildi.
12.03.2026 03:00:02 — To'lanmagan buyurtmalarga eslatma yuborish boshlandi...

   Illuminate\Database\QueryException 

  SQLSTATE[HY000] [2002] Connection refused (Connection: mysql, SQL: select * from `solds` where `paymentStatus` = 1 and `status` = A and `created_at` >= 2026-03-12 02:00:02)

  at vendor/laravel/framework/src/Illuminate/Database/Connection.php:825
    821▕                     $this->getName(), $query, $this->prepareBindings($bindings), $e
    822▕                 );
    823▕             }
    824▕ 
  ➜ 825▕             throw new QueryException(
    826▕                 $this->getName(), $query, $this->prepareBindings($bindings), $e
    827▕             );
    828▕         }
    829▕     }

      [2m+22 vendor frames [22m

  23  app/Console/Commands/RemindUnpaidOrders.php:129
      Illuminate\Database\Eloquent\Builder::get()
      [2m+13 vendor frames [22m

  37  artisan:13
      Illuminate\Foundation\Application::handleCommand()

12.03.2026 03:10:02 — To'lanmagan buyurtmalarga eslatma yuborish boshlandi...
Topilgan buyurtmalar: 1
Push yuborildi: order #63, user #2, lang=uz, msg=1
Eslatmalar yuborildi.
12.03.2026 03:20:02 — To'lanmagan buyurtmalarga eslatma yuborish boshlandi...
Eslatma yuborish uchun buyurtma topilmadi.
12.03.2026 03:30:02 — To'lanmagan buyurtmalarga eslatma yuborish boshlandi...

   Illuminate\Database\QueryException 

  SQLSTATE[HY000] [2002] Connection refused (Connection: mysql, SQL: select * from `solds` where `paymentStatus` = 1 and `status` = A and `created_at` >= 2026-03-12 02:30:02)

  at vendor/laravel/framework/src/Illuminate/Database/Connection.php:825
    821▕                     $this->getName(), $query, $this->prepareBindings($bindings), $e
    822▕                 );
    823▕             }
    824▕ 
  ➜ 825▕             throw new QueryException(
    826▕                 $this->getName(), $query, $this->prepareBindings($bindings), $e
    827▕             );
    828▕         }
    829▕     }

      [2m+22 vendor frames [22m

  23  app/Console/Commands/RemindUnpaidOrders.php:129
      Illuminate\Database\Eloquent\Builder::get()
      [2m+13 vendor frames [22m

  37  artisan:13
      Illuminate\Foundation\Application::handleCommand()

12.03.2026 03:40:03 — To'lanmagan buyurtmalarga eslatma yuborish boshlandi...
Eslatma yuborish uchun buyurtma topilmadi.
12.03.2026 03:50:03 — To'lanmagan buyurtmalarga eslatma yuborish boshlandi...
Eslatma yuborish uchun buyurtma topilmadi.
12.03.2026 04:00:02 — To'lanmagan buyurtmalarga eslatma yuborish boshlandi...

   Illuminate\Database\QueryException 

  SQLSTATE[HY000] [2002] Connection refused (Connection: mysql, SQL: select * from `solds` where `paymentStatus` = 1 and `status` = A and `created_at` >= 2026-03-12 03:00:02)

  at vendor/laravel/framework/src/Illuminate/Database/Connection.php:825
    821▕                     $this->getName(), $query, $this->prepareBindings($bindings), $e
    822▕                 );
    823▕             }
    824▕ 
  ➜ 825▕             throw new QueryException(
    826▕                 $this->getName(), $query, $this->prepareBindings($bindings), $e
    827▕             );
    828▕         }
    829▕     }

      [2m+22 vendor frames [22m

  23  app/Console/Commands/RemindUnpaidOrders.php:129
      Illuminate\Database\Eloquent\Builder::get()
      [2m+13 vendor frames [22m

  37  artisan:13
      Illuminate\Foundation\Application::handleCommand()

12.03.2026 04:10:03 — To'lanmagan buyurtmalarga eslatma yuborish boshlandi...
Eslatma yuborish uchun buyurtma topilmadi.
12.03.2026 04:20:02 — To'lanmagan buyurtmalarga eslatma yuborish boshlandi...
Eslatma yuborish uchun buyurtma topilmadi.
12.03.2026 04:30:02 — To'lanmagan buyurtmalarga eslatma yuborish boshlandi...

   Illuminate\Database\QueryException 

  SQLSTATE[HY000] [2002] Connection refused (Connection: mysql, SQL: select * from `solds` where `paymentStatus` = 1 and `status` = A and `created_at` >= 2026-03-12 03:30:02)

  at vendor/laravel/framework/src/Illuminate/Database/Connection.php:825
    821▕                     $this->getName(), $query, $this->prepareBindings($bindings), $e
    822▕                 );
    823▕             }
    824▕ 
  ➜ 825▕             throw new QueryException(
    826▕                 $this->getName(), $query, $this->prepareBindings($bindings), $e
    827▕             );
    828▕         }
    829▕     }

      [2m+22 vendor frames [22m

  23  app/Console/Commands/RemindUnpaidOrders.php:129
      Illuminate\Database\Eloquent\Builder::get()
      [2m+13 vendor frames [22m

  37  artisan:13
      Illuminate\Foundation\Application::handleCommand()

12.03.2026 04:40:02 — To'lanmagan buyurtmalarga eslatma yuborish boshlandi...
Eslatma yuborish uchun buyurtma topilmadi.
12.03.2026 04:50:03 — To'lanmagan buyurtmalarga eslatma yuborish boshlandi...
Eslatma yuborish uchun buyurtma topilmadi.
12.03.2026 05:00:03 — To'lanmagan buyurtmalarga eslatma yuborish boshlandi...

   Illuminate\Database\QueryException 

  SQLSTATE[HY000] [2002] Connection refused (Connection: mysql, SQL: select * from `solds` where `paymentStatus` = 1 and `status` = A and `created_at` >= 2026-03-12 04:00:03)

  at vendor/laravel/framework/src/Illuminate/Database/Connection.php:825
    821▕                     $this->getName(), $query, $this->prepareBindings($bindings), $e
    822▕                 );
    823▕             }
    824▕ 
  ➜ 825▕             throw new QueryException(
    826▕                 $this->getName(), $query, $this->prepareBindings($bindings), $e
    827▕             );
    828▕         }
    829▕     }

      [2m+22 vendor frames [22m

  23  app/Console/Commands/RemindUnpaidOrders.php:129
      Illuminate\Database\Eloquent\Builder::get()
      [2m+13 vendor frames [22m

  37  artisan:13
      Illuminate\Foundation\Application::handleCommand()

12.03.2026 05:10:02 — To'lanmagan buyurtmalarga eslatma yuborish boshlandi...
Eslatma yuborish uchun buyurtma topilmadi.
12.03.2026 05:20:02 — To'lanmagan buyurtmalarga eslatma yuborish boshlandi...
Eslatma yuborish uchun buyurtma topilmadi.
12.03.2026 05:30:02 — To'lanmagan buyurtmalarga eslatma yuborish boshlandi...

   Illuminate\Database\QueryException 

  SQLSTATE[HY000] [2002] Connection refused (Connection: mysql, SQL: select * from `solds` where `paymentStatus` = 1 and `status` = A and `created_at` >= 2026-03-12 04:30:02)

  at vendor/laravel/framework/src/Illuminate/Database/Connection.php:825
    821▕                     $this->getName(), $query, $this->prepareBindings($bindings), $e
    822▕                 );
    823▕             }
    824▕ 
  ➜ 825▕             throw new QueryException(
    826▕                 $this->getName(), $query, $this->prepareBindings($bindings), $e
    827▕             );
    828▕         }
    829▕     }

      [2m+22 vendor frames [22m

  23  app/Console/Commands/RemindUnpaidOrders.php:129
      Illuminate\Database\Eloquent\Builder::get()
      [2m+13 vendor frames [22m

  37  artisan:13
      Illuminate\Foundation\Application::handleCommand()

12.03.2026 05:40:02 — To'lanmagan buyurtmalarga eslatma yuborish boshlandi...
Eslatma yuborish uchun buyurtma topilmadi.
12.03.2026 05:50:02 — To'lanmagan buyurtmalarga eslatma yuborish boshlandi...
Eslatma yuborish uchun buyurtma topilmadi.
12.03.2026 06:00:02 — To'lanmagan buyurtmalarga eslatma yuborish boshlandi...

   Illuminate\Database\QueryException 

  SQLSTATE[HY000] [2002] Connection refused (Connection: mysql, SQL: select * from `solds` where `paymentStatus` = 1 and `status` = A and `created_at` >= 2026-03-12 05:00:02)

  at vendor/laravel/framework/src/Illuminate/Database/Connection.php:825
    821▕                     $this->getName(), $query, $this->prepareBindings($bindings), $e
    822▕                 );
    823▕             }
    824▕ 
  ➜ 825▕             throw new QueryException(
    826▕                 $this->getName(), $query, $this->prepareBindings($bindings), $e
    827▕             );
    828▕         }
    829▕     }

      [2m+22 vendor frames [22m

  23  app/Console/Commands/RemindUnpaidOrders.php:129
      Illuminate\Database\Eloquent\Builder::get()
      [2m+13 vendor frames [22m

  37  artisan:13
      Illuminate\Foundation\Application::handleCommand()

12.03.2026 06:10:02 — To'lanmagan buyurtmalarga eslatma yuborish boshlandi...
Eslatma yuborish uchun buyurtma topilmadi.
12.03.2026 06:20:02 — To'lanmagan buyurtmalarga eslatma yuborish boshlandi...
Eslatma yuborish uchun buyurtma topilmadi.
12.03.2026 06:30:02 — To'lanmagan buyurtmalarga eslatma yuborish boshlandi...

   Illuminate\Database\QueryException 

  SQLSTATE[HY000] [2002] Connection refused (Connection: mysql, SQL: select * from `solds` where `paymentStatus` = 1 and `status` = A and `created_at` >= 2026-03-12 05:30:02)

  at vendor/laravel/framework/src/Illuminate/Database/Connection.php:825
    821▕                     $this->getName(), $query, $this->prepareBindings($bindings), $e
    822▕                 );
    823▕             }
    824▕ 
  ➜ 825▕             throw new QueryException(
    826▕                 $this->getName(), $query, $this->prepareBindings($bindings), $e
    827▕             );
    828▕         }
    829▕     }

      [2m+22 vendor frames [22m

  23  app/Console/Commands/RemindUnpaidOrders.php:129
      Illuminate\Database\Eloquent\Builder::get()
      [2m+13 vendor frames [22m

  37  artisan:13
      Illuminate\Foundation\Application::handleCommand()

12.03.2026 06:40:02 — To'lanmagan buyurtmalarga eslatma yuborish boshlandi...
Eslatma yuborish uchun buyurtma topilmadi.
12.03.2026 06:50:02 — To'lanmagan buyurtmalarga eslatma yuborish boshlandi...
Eslatma yuborish uchun buyurtma topilmadi.
12.03.2026 07:00:02 — To'lanmagan buyurtmalarga eslatma yuborish boshlandi...

   Illuminate\Database\QueryException 

  SQLSTATE[HY000] [2002] Connection refused (Connection: mysql, SQL: select * from `solds` where `paymentStatus` = 1 and `status` = A and `created_at` >= 2026-03-12 06:00:02)

  at vendor/laravel/framework/src/Illuminate/Database/Connection.php:825
    821▕                     $this->getName(), $query, $this->prepareBindings($bindings), $e
    822▕                 );
    823▕             }
    824▕ 
  ➜ 825▕             throw new QueryException(
    826▕                 $this->getName(), $query, $this->prepareBindings($bindings), $e
    827▕             );
    828▕         }
    829▕     }

      [2m+22 vendor frames [22m

  23  app/Console/Commands/RemindUnpaidOrders.php:129
      Illuminate\Database\Eloquent\Builder::get()
      [2m+13 vendor frames [22m

  37  artisan:13
      Illuminate\Foundation\Application::handleCommand()

12.03.2026 07:10:02 — To'lanmagan buyurtmalarga eslatma yuborish boshlandi...
Eslatma yuborish uchun buyurtma topilmadi.
12.03.2026 07:20:02 — To'lanmagan buyurtmalarga eslatma yuborish boshlandi...
Eslatma yuborish uchun buyurtma topilmadi.
12.03.2026 07:30:02 — To'lanmagan buyurtmalarga eslatma yuborish boshlandi...

   Illuminate\Database\QueryException 

  SQLSTATE[HY000] [2002] Connection refused (Connection: mysql, SQL: select * from `solds` where `paymentStatus` = 1 and `status` = A and `created_at` >= 2026-03-12 06:30:02)

  at vendor/laravel/framework/src/Illuminate/Database/Connection.php:825
    821▕                     $this->getName(), $query, $this->prepareBindings($bindings), $e
    822▕                 );
    823▕             }
    824▕ 
  ➜ 825▕             throw new QueryException(
    826▕                 $this->getName(), $query, $this->prepareBindings($bindings), $e
    827▕             );
    828▕         }
    829▕     }

      [2m+22 vendor frames [22m

  23  app/Console/Commands/RemindUnpaidOrders.php:129
      Illuminate\Database\Eloquent\Builder::get()
      [2m+13 vendor frames [22m

  37  artisan:13
      Illuminate\Foundation\Application::handleCommand()

12.03.2026 07:40:02 — To'lanmagan buyurtmalarga eslatma yuborish boshlandi...
Eslatma yuborish uchun buyurtma topilmadi.
12.03.2026 07:50:02 — To'lanmagan buyurtmalarga eslatma yuborish boshlandi...
Eslatma yuborish uchun buyurtma topilmadi.
12.03.2026 08:00:02 — To'lanmagan buyurtmalarga eslatma yuborish boshlandi...

   Illuminate\Database\QueryException 

  SQLSTATE[HY000] [2002] Connection refused (Connection: mysql, SQL: select * from `solds` where `paymentStatus` = 1 and `status` = A and `created_at` >= 2026-03-12 07:00:02)

  at vendor/laravel/framework/src/Illuminate/Database/Connection.php:825
    821▕                     $this->getName(), $query, $this->prepareBindings($bindings), $e
    822▕                 );
    823▕             }
    824▕ 
  ➜ 825▕             throw new QueryException(
    826▕                 $this->getName(), $query, $this->prepareBindings($bindings), $e
    827▕             );
    828▕         }
    829▕     }

      [2m+22 vendor frames [22m

  23  app/Console/Commands/RemindUnpaidOrders.php:129
      Illuminate\Database\Eloquent\Builder::get()
      [2m+13 vendor frames [22m

  37  artisan:13
      Illuminate\Foundation\Application::handleCommand()

12.03.2026 08:10:02 — To'lanmagan buyurtmalarga eslatma yuborish boshlandi...
Eslatma yuborish uchun buyurtma topilmadi.
12.03.2026 08:20:02 — To'lanmagan buyurtmalarga eslatma yuborish boshlandi...
Eslatma yuborish uchun buyurtma topilmadi.
12.03.2026 08:30:03 — To'lanmagan buyurtmalarga eslatma yuborish boshlandi...

   Illuminate\Database\QueryException 

  SQLSTATE[HY000] [2002] Connection refused (Connection: mysql, SQL: select * from `solds` where `paymentStatus` = 1 and `status` = A and `created_at` >= 2026-03-12 07:30:03)

  at vendor/laravel/framework/src/Illuminate/Database/Connection.php:825
    821▕                     $this->getName(), $query, $this->prepareBindings($bindings), $e
    822▕                 );
    823▕             }
    824▕ 
  ➜ 825▕             throw new QueryException(
    826▕                 $this->getName(), $query, $this->prepareBindings($bindings), $e
    827▕             );
    828▕         }
    829▕     }

      [2m+22 vendor frames [22m

  23  app/Console/Commands/RemindUnpaidOrders.php:129
      Illuminate\Database\Eloquent\Builder::get()
      [2m+13 vendor frames [22m

  37  artisan:13
      Illuminate\Foundation\Application::handleCommand()

12.03.2026 08:40:02 — To'lanmagan buyurtmalarga eslatma yuborish boshlandi...
Eslatma yuborish uchun buyurtma topilmadi.
12.03.2026 08:50:02 — To'lanmagan buyurtmalarga eslatma yuborish boshlandi...
Eslatma yuborish uchun buyurtma topilmadi.
12.03.2026 09:00:02 — To'lanmagan buyurtmalarga eslatma yuborish boshlandi...

   Illuminate\Database\QueryException 

  SQLSTATE[HY000] [2002] Connection refused (Connection: mysql, SQL: select * from `solds` where `paymentStatus` = 1 and `status` = A and `created_at` >= 2026-03-12 08:00:02)

  at vendor/laravel/framework/src/Illuminate/Database/Connection.php:825
    821▕                     $this->getName(), $query, $this->prepareBindings($bindings), $e
    822▕                 );
    823▕             }
    824▕ 
  ➜ 825▕             throw new QueryException(
    826▕                 $this->getName(), $query, $this->prepareBindings($bindings), $e
    827▕             );
    828▕         }
    829▕     }

      [2m+22 vendor frames [22m

  23  app/Console/Commands/RemindUnpaidOrders.php:129
      Illuminate\Database\Eloquent\Builder::get()
      [2m+13 vendor frames [22m

  37  artisan:13
      Illuminate\Foundation\Application::handleCommand()

12.03.2026 09:10:02 — To'lanmagan buyurtmalarga eslatma yuborish boshlandi...
Eslatma yuborish uchun buyurtma topilmadi.
12.03.2026 09:20:02 — To'lanmagan buyurtmalarga eslatma yuborish boshlandi...
Eslatma yuborish uchun buyurtma topilmadi.
12.03.2026 09:30:02 — To'lanmagan buyurtmalarga eslatma yuborish boshlandi...

   Illuminate\Database\QueryException 

  SQLSTATE[HY000] [2002] Connection refused (Connection: mysql, SQL: select * from `solds` where `paymentStatus` = 1 and `status` = A and `created_at` >= 2026-03-12 08:30:02)

  at vendor/laravel/framework/src/Illuminate/Database/Connection.php:825
    821▕                     $this->getName(), $query, $this->prepareBindings($bindings), $e
    822▕                 );
    823▕             }
    824▕ 
  ➜ 825▕             throw new QueryException(
    826▕                 $this->getName(), $query, $this->prepareBindings($bindings), $e
    827▕             );
    828▕         }
    829▕     }

      [2m+22 vendor frames [22m

  23  app/Console/Commands/RemindUnpaidOrders.php:129
      Illuminate\Database\Eloquent\Builder::get()
      [2m+13 vendor frames [22m

  37  artisan:13
      Illuminate\Foundation\Application::handleCommand()

12.03.2026 09:40:02 — To'lanmagan buyurtmalarga eslatma yuborish boshlandi...
Eslatma yuborish uchun buyurtma topilmadi.
12.03.2026 09:50:02 — To'lanmagan buyurtmalarga eslatma yuborish boshlandi...
Eslatma yuborish uchun buyurtma topilmadi.
12.03.2026 10:00:03 — To'lanmagan buyurtmalarga eslatma yuborish boshlandi...

   Illuminate\Database\QueryException 

  SQLSTATE[HY000] [2002] Connection refused (Connection: mysql, SQL: select * from `solds` where `paymentStatus` = 1 and `status` = A and `created_at` >= 2026-03-12 09:00:03)

  at vendor/laravel/framework/src/Illuminate/Database/Connection.php:825
    821▕                     $this->getName(), $query, $this->prepareBindings($bindings), $e
    822▕                 );
    823▕             }
    824▕ 
  ➜ 825▕             throw new QueryException(
    826▕                 $this->getName(), $query, $this->prepareBindings($bindings), $e
    827▕             );
    828▕         }
    829▕     }

      [2m+22 vendor frames [22m

  23  app/Console/Commands/RemindUnpaidOrders.php:129
      Illuminate\Database\Eloquent\Builder::get()
      [2m+13 vendor frames [22m

  37  artisan:13
      Illuminate\Foundation\Application::handleCommand()

12.03.2026 10:10:02 — To'lanmagan buyurtmalarga eslatma yuborish boshlandi...
Eslatma yuborish uchun buyurtma topilmadi.
12.03.2026 10:20:02 — To'lanmagan buyurtmalarga eslatma yuborish boshlandi...
Eslatma yuborish uchun buyurtma topilmadi.
12.03.2026 10:30:03 — To'lanmagan buyurtmalarga eslatma yuborish boshlandi...

   Illuminate\Database\QueryException 

  SQLSTATE[HY000] [2002] Connection refused (Connection: mysql, SQL: select * from `solds` where `paymentStatus` = 1 and `status` = A and `created_at` >= 2026-03-12 09:30:03)

  at vendor/laravel/framework/src/Illuminate/Database/Connection.php:825
    821▕                     $this->getName(), $query, $this->prepareBindings($bindings), $e
    822▕                 );
    823▕             }
    824▕ 
  ➜ 825▕             throw new QueryException(
    826▕                 $this->getName(), $query, $this->prepareBindings($bindings), $e
    827▕             );
    828▕         }
    829▕     }

      [2m+22 vendor frames [22m

  23  app/Console/Commands/RemindUnpaidOrders.php:129
      Illuminate\Database\Eloquent\Builder::get()
      [2m+13 vendor frames [22m

  37  artisan:13
      Illuminate\Foundation\Application::handleCommand()

12.03.2026 10:40:02 — To'lanmagan buyurtmalarga eslatma yuborish boshlandi...
Eslatma yuborish uchun buyurtma topilmadi.
12.03.2026 10:50:02 — To'lanmagan buyurtmalarga eslatma yuborish boshlandi...
Eslatma yuborish uchun buyurtma topilmadi.
12.03.2026 11:00:03 — To'lanmagan buyurtmalarga eslatma yuborish boshlandi...

   Illuminate\Database\QueryException 

  SQLSTATE[HY000] [2002] Connection refused (Connection: mysql, SQL: select * from `solds` where `paymentStatus` = 1 and `status` = A and `created_at` >= 2026-03-12 10:00:03)

  at vendor/laravel/framework/src/Illuminate/Database/Connection.php:825
    821▕                     $this->getName(), $query, $this->prepareBindings($bindings), $e
    822▕                 );
    823▕             }
    824▕ 
  ➜ 825▕             throw new QueryException(
    826▕                 $this->getName(), $query, $this->prepareBindings($bindings), $e
    827▕             );
    828▕         }
    829▕     }

      [2m+22 vendor frames [22m

  23  app/Console/Commands/RemindUnpaidOrders.php:129
      Illuminate\Database\Eloquent\Builder::get()
      [2m+13 vendor frames [22m

  37  artisan:13
      Illuminate\Foundation\Application::handleCommand()

12.03.2026 11:10:02 — To'lanmagan buyurtmalarga eslatma yuborish boshlandi...
Eslatma yuborish uchun buyurtma topilmadi.
12.03.2026 11:20:02 — To'lanmagan buyurtmalarga eslatma yuborish boshlandi...
Eslatma yuborish uchun buyurtma topilmadi.
12.03.2026 11:30:02 — To'lanmagan buyurtmalarga eslatma yuborish boshlandi...

   Illuminate\Database\QueryException 

  SQLSTATE[HY000] [2002] Connection refused (Connection: mysql, SQL: select * from `solds` where `paymentStatus` = 1 and `status` = A and `created_at` >= 2026-03-12 10:30:02)

  at vendor/laravel/framework/src/Illuminate/Database/Connection.php:825
    821▕                     $this->getName(), $query, $this->prepareBindings($bindings), $e
    822▕                 );
    823▕             }
    824▕ 
  ➜ 825▕             throw new QueryException(
    826▕                 $this->getName(), $query, $this->prepareBindings($bindings), $e
    827▕             );
    828▕         }
    829▕     }

      [2m+22 vendor frames [22m

  23  app/Console/Commands/RemindUnpaidOrders.php:129
      Illuminate\Database\Eloquent\Builder::get()
      [2m+13 vendor frames [22m

  37  artisan:13
      Illuminate\Foundation\Application::handleCommand()

12.03.2026 11:40:02 — To'lanmagan buyurtmalarga eslatma yuborish boshlandi...
Eslatma yuborish uchun buyurtma topilmadi.
12.03.2026 11:50:02 — To'lanmagan buyurtmalarga eslatma yuborish boshlandi...
Eslatma yuborish uchun buyurtma topilmadi.
12.03.2026 12:00:02 — To'lanmagan buyurtmalarga eslatma yuborish boshlandi...

   Illuminate\Database\QueryException 

  SQLSTATE[HY000] [2002] Connection refused (Connection: mysql, SQL: select * from `solds` where `paymentStatus` = 1 and `status` = A and `created_at` >= 2026-03-12 11:00:02)

  at vendor/laravel/framework/src/Illuminate/Database/Connection.php:825
    821▕                     $this->getName(), $query, $this->prepareBindings($bindings), $e
    822▕                 );
    823▕             }
    824▕ 
  ➜ 825▕             throw new QueryException(
    826▕                 $this->getName(), $query, $this->prepareBindings($bindings), $e
    827▕             );
    828▕         }
    829▕     }

      [2m+22 vendor frames [22m

  23  app/Console/Commands/RemindUnpaidOrders.php:129
      Illuminate\Database\Eloquent\Builder::get()
      [2m+13 vendor frames [22m

  37  artisan:13
      Illuminate\Foundation\Application::handleCommand()

12.03.2026 12:10:02 — To'lanmagan buyurtmalarga eslatma yuborish boshlandi...
Eslatma yuborish uchun buyurtma topilmadi.
12.03.2026 12:20:02 — To'lanmagan buyurtmalarga eslatma yuborish boshlandi...
Eslatma yuborish uchun buyurtma topilmadi.
12.03.2026 12:30:02 — To'lanmagan buyurtmalarga eslatma yuborish boshlandi...

   Illuminate\Database\QueryException 

  SQLSTATE[HY000] [2002] Connection refused (Connection: mysql, SQL: select * from `solds` where `paymentStatus` = 1 and `status` = A and `created_at` >= 2026-03-12 11:30:02)

  at vendor/laravel/framework/src/Illuminate/Database/Connection.php:825
    821▕                     $this->getName(), $query, $this->prepareBindings($bindings), $e
    822▕                 );
    823▕             }
    824▕ 
  ➜ 825▕             throw new QueryException(
    826▕                 $this->getName(), $query, $this->prepareBindings($bindings), $e
    827▕             );
    828▕         }
    829▕     }

      [2m+22 vendor frames [22m

  23  app/Console/Commands/RemindUnpaidOrders.php:129
      Illuminate\Database\Eloquent\Builder::get()
      [2m+13 vendor frames [22m

  37  artisan:13
      Illuminate\Foundation\Application::handleCommand()

12.03.2026 12:40:02 — To'lanmagan buyurtmalarga eslatma yuborish boshlandi...
Eslatma yuborish uchun buyurtma topilmadi.
12.03.2026 12:50:03 — To'lanmagan buyurtmalarga eslatma yuborish boshlandi...
Eslatma yuborish uchun buyurtma topilmadi.
12.03.2026 13:00:02 — To'lanmagan buyurtmalarga eslatma yuborish boshlandi...

   Illuminate\Database\QueryException 

  SQLSTATE[HY000] [2002] Connection refused (Connection: mysql, SQL: select * from `solds` where `paymentStatus` = 1 and `status` = A and `created_at` >= 2026-03-12 12:00:02)

  at vendor/laravel/framework/src/Illuminate/Database/Connection.php:825
    821▕                     $this->getName(), $query, $this->prepareBindings($bindings), $e
    822▕                 );
    823▕             }
    824▕ 
  ➜ 825▕             throw new QueryException(
    826▕                 $this->getName(), $query, $this->prepareBindings($bindings), $e
    827▕             );
    828▕         }
    829▕     }

      [2m+22 vendor frames [22m

  23  app/Console/Commands/RemindUnpaidOrders.php:129
      Illuminate\Database\Eloquent\Builder::get()
      [2m+13 vendor frames [22m

  37  artisan:13
      Illuminate\Foundation\Application::handleCommand()

12.03.2026 13:10:02 — To'lanmagan buyurtmalarga eslatma yuborish boshlandi...
Eslatma yuborish uchun buyurtma topilmadi.
12.03.2026 13:20:02 — To'lanmagan buyurtmalarga eslatma yuborish boshlandi...
Eslatma yuborish uchun buyurtma topilmadi.
12.03.2026 13:30:02 — To'lanmagan buyurtmalarga eslatma yuborish boshlandi...

   Illuminate\Database\QueryException 

  SQLSTATE[HY000] [2002] Connection refused (Connection: mysql, SQL: select * from `solds` where `paymentStatus` = 1 and `status` = A and `created_at` >= 2026-03-12 12:30:02)

  at vendor/laravel/framework/src/Illuminate/Database/Connection.php:825
    821▕                     $this->getName(), $query, $this->prepareBindings($bindings), $e
    822▕                 );
    823▕             }
    824▕ 
  ➜ 825▕             throw new QueryException(
    826▕                 $this->getName(), $query, $this->prepareBindings($bindings), $e
    827▕             );
    828▕         }
    829▕     }

      [2m+22 vendor frames [22m

  23  app/Console/Commands/RemindUnpaidOrders.php:129
      Illuminate\Database\Eloquent\Builder::get()
      [2m+13 vendor frames [22m

  37  artisan:13
      Illuminate\Foundation\Application::handleCommand()

12.03.2026 13:40:02 — To'lanmagan buyurtmalarga eslatma yuborish boshlandi...
Eslatma yuborish uchun buyurtma topilmadi.
12.03.2026 13:50:02 — To'lanmagan buyurtmalarga eslatma yuborish boshlandi...
Eslatma yuborish uchun buyurtma topilmadi.
12.03.2026 14:00:02 — To'lanmagan buyurtmalarga eslatma yuborish boshlandi...

   Illuminate\Database\QueryException 

  SQLSTATE[HY000] [2002] Connection refused (Connection: mysql, SQL: select * from `solds` where `paymentStatus` = 1 and `status` = A and `created_at` >= 2026-03-12 13:00:02)

  at vendor/laravel/framework/src/Illuminate/Database/Connection.php:825
    821▕                     $this->getName(), $query, $this->prepareBindings($bindings), $e
    822▕                 );
    823▕             }
    824▕ 
  ➜ 825▕             throw new QueryException(
    826▕                 $this->getName(), $query, $this->prepareBindings($bindings), $e
    827▕             );
    828▕         }
    829▕     }

      [2m+22 vendor frames [22m

  23  app/Console/Commands/RemindUnpaidOrders.php:129
      Illuminate\Database\Eloquent\Builder::get()
      [2m+13 vendor frames [22m

  37  artisan:13
      Illuminate\Foundation\Application::handleCommand()

12.03.2026 14:10:02 — To'lanmagan buyurtmalarga eslatma yuborish boshlandi...
Eslatma yuborish uchun buyurtma topilmadi.
12.03.2026 14:20:03 — To'lanmagan buyurtmalarga eslatma yuborish boshlandi...
Eslatma yuborish uchun buyurtma topilmadi.
12.03.2026 14:30:03 — To'lanmagan buyurtmalarga eslatma yuborish boshlandi...

   Illuminate\Database\QueryException 

  SQLSTATE[HY000] [2002] Connection refused (Connection: mysql, SQL: select * from `solds` where `paymentStatus` = 1 and `status` = A and `created_at` >= 2026-03-12 13:30:03)

  at vendor/laravel/framework/src/Illuminate/Database/Connection.php:825
    821▕                     $this->getName(), $query, $this->prepareBindings($bindings), $e
    822▕                 );
    823▕             }
    824▕ 
  ➜ 825▕             throw new QueryException(
    826▕                 $this->getName(), $query, $this->prepareBindings($bindings), $e
    827▕             );
    828▕         }
    829▕     }

      [2m+22 vendor frames [22m

  23  app/Console/Commands/RemindUnpaidOrders.php:129
      Illuminate\Database\Eloquent\Builder::get()
      [2m+13 vendor frames [22m

  37  artisan:13
      Illuminate\Foundation\Application::handleCommand()

12.03.2026 14:40:02 — To'lanmagan buyurtmalarga eslatma yuborish boshlandi...
Eslatma yuborish uchun buyurtma topilmadi.
12.03.2026 14:50:02 — To'lanmagan buyurtmalarga eslatma yuborish boshlandi...
Eslatma yuborish uchun buyurtma topilmadi.
12.03.2026 15:00:03 — To'lanmagan buyurtmalarga eslatma yuborish boshlandi...

   Illuminate\Database\QueryException 

  SQLSTATE[HY000] [2002] Connection refused (Connection: mysql, SQL: select * from `solds` where `paymentStatus` = 1 and `status` = A and `created_at` >= 2026-03-12 14:00:03)

  at vendor/laravel/framework/src/Illuminate/Database/Connection.php:825
    821▕                     $this->getName(), $query, $this->prepareBindings($bindings), $e
    822▕                 );
    823▕             }
    824▕ 
  ➜ 825▕             throw new QueryException(
    826▕                 $this->getName(), $query, $this->prepareBindings($bindings), $e
    827▕             );
    828▕         }
    829▕     }

      [2m+22 vendor frames [22m

  23  app/Console/Commands/RemindUnpaidOrders.php:129
      Illuminate\Database\Eloquent\Builder::get()
      [2m+13 vendor frames [22m

  37  artisan:13
      Illuminate\Foundation\Application::handleCommand()

12.03.2026 15:10:02 — To'lanmagan buyurtmalarga eslatma yuborish boshlandi...
Eslatma yuborish uchun buyurtma topilmadi.
12.03.2026 15:20:02 — To'lanmagan buyurtmalarga eslatma yuborish boshlandi...
Eslatma yuborish uchun buyurtma topilmadi.
12.03.2026 15:30:03 — To'lanmagan buyurtmalarga eslatma yuborish boshlandi...

   Illuminate\Database\QueryException 

  SQLSTATE[HY000] [2002] Connection refused (Connection: mysql, SQL: select * from `solds` where `paymentStatus` = 1 and `status` = A and `created_at` >= 2026-03-12 14:30:03)

  at vendor/laravel/framework/src/Illuminate/Database/Connection.php:825
    821▕                     $this->getName(), $query, $this->prepareBindings($bindings), $e
    822▕                 );
    823▕             }
    824▕ 
  ➜ 825▕             throw new QueryException(
    826▕                 $this->getName(), $query, $this->prepareBindings($bindings), $e
    827▕             );
    828▕         }
    829▕     }

      [2m+22 vendor frames [22m

  23  app/Console/Commands/RemindUnpaidOrders.php:129
      Illuminate\Database\Eloquent\Builder::get()
      [2m+13 vendor frames [22m

  37  artisan:13
      Illuminate\Foundation\Application::handleCommand()

12.03.2026 15:40:02 — To'lanmagan buyurtmalarga eslatma yuborish boshlandi...
Eslatma yuborish uchun buyurtma topilmadi.
12.03.2026 15:50:02 — To'lanmagan buyurtmalarga eslatma yuborish boshlandi...
Eslatma yuborish uchun buyurtma topilmadi.
12.03.2026 16:00:02 — To'lanmagan buyurtmalarga eslatma yuborish boshlandi...

   Illuminate\Database\QueryException 

  SQLSTATE[HY000] [2002] Connection refused (Connection: mysql, SQL: select * from `solds` where `paymentStatus` = 1 and `status` = A and `created_at` >= 2026-03-12 15:00:02)

  at vendor/laravel/framework/src/Illuminate/Database/Connection.php:825
    821▕                     $this->getName(), $query, $this->prepareBindings($bindings), $e
    822▕                 );
    823▕             }
    824▕ 
  ➜ 825▕             throw new QueryException(
    826▕                 $this->getName(), $query, $this->prepareBindings($bindings), $e
    827▕             );
    828▕         }
    829▕     }

      [2m+22 vendor frames [22m

  23  app/Console/Commands/RemindUnpaidOrders.php:129
      Illuminate\Database\Eloquent\Builder::get()
      [2m+13 vendor frames [22m

  37  artisan:13
      Illuminate\Foundation\Application::handleCommand()

12.03.2026 16:10:03 — To'lanmagan buyurtmalarga eslatma yuborish boshlandi...
Eslatma yuborish uchun buyurtma topilmadi.
12.03.2026 16:20:03 — To'lanmagan buyurtmalarga eslatma yuborish boshlandi...
Eslatma yuborish uchun buyurtma topilmadi.
12.03.2026 16:30:02 — To'lanmagan buyurtmalarga eslatma yuborish boshlandi...

   Illuminate\Database\QueryException 

  SQLSTATE[HY000] [2002] Connection refused (Connection: mysql, SQL: select * from `solds` where `paymentStatus` = 1 and `status` = A and `created_at` >= 2026-03-12 15:30:02)

  at vendor/laravel/framework/src/Illuminate/Database/Connection.php:825
    821▕                     $this->getName(), $query, $this->prepareBindings($bindings), $e
    822▕                 );
    823▕             }
    824▕ 
  ➜ 825▕             throw new QueryException(
    826▕                 $this->getName(), $query, $this->prepareBindings($bindings), $e
    827▕             );
    828▕         }
    829▕     }

      [2m+22 vendor frames [22m

  23  app/Console/Commands/RemindUnpaidOrders.php:129
      Illuminate\Database\Eloquent\Builder::get()
      [2m+13 vendor frames [22m

  37  artisan:13
      Illuminate\Foundation\Application::handleCommand()

12.03.2026 16:40:03 — To'lanmagan buyurtmalarga eslatma yuborish boshlandi...
Eslatma yuborish uchun buyurtma topilmadi.
12.03.2026 16:50:02 — To'lanmagan buyurtmalarga eslatma yuborish boshlandi...
Eslatma yuborish uchun buyurtma topilmadi.
12.03.2026 17:00:02 — To'lanmagan buyurtmalarga eslatma yuborish boshlandi...

   Illuminate\Database\QueryException 

  SQLSTATE[HY000] [2002] Connection refused (Connection: mysql, SQL: select * from `solds` where `paymentStatus` = 1 and `status` = A and `created_at` >= 2026-03-12 16:00:02)

  at vendor/laravel/framework/src/Illuminate/Database/Connection.php:825
    821▕                     $this->getName(), $query, $this->prepareBindings($bindings), $e
    822▕                 );
    823▕             }
    824▕ 
  ➜ 825▕             throw new QueryException(
    826▕                 $this->getName(), $query, $this->prepareBindings($bindings), $e
    827▕             );
    828▕         }
    829▕     }

      [2m+22 vendor frames [22m

  23  app/Console/Commands/RemindUnpaidOrders.php:129
      Illuminate\Database\Eloquent\Builder::get()
      [2m+13 vendor frames [22m

  37  artisan:13
      Illuminate\Foundation\Application::handleCommand()

12.03.2026 17:10:02 — To'lanmagan buyurtmalarga eslatma yuborish boshlandi...
Eslatma yuborish uchun buyurtma topilmadi.
12.03.2026 17:20:02 — To'lanmagan buyurtmalarga eslatma yuborish boshlandi...
Eslatma yuborish uchun buyurtma topilmadi.
12.03.2026 17:30:02 — To'lanmagan buyurtmalarga eslatma yuborish boshlandi...

   Illuminate\Database\QueryException 

  SQLSTATE[HY000] [2002] Connection refused (Connection: mysql, SQL: select * from `solds` where `paymentStatus` = 1 and `status` = A and `created_at` >= 2026-03-12 16:30:02)

  at vendor/laravel/framework/src/Illuminate/Database/Connection.php:825
    821▕                     $this->getName(), $query, $this->prepareBindings($bindings), $e
    822▕                 );
    823▕             }
    824▕ 
  ➜ 825▕             throw new QueryException(
    826▕                 $this->getName(), $query, $this->prepareBindings($bindings), $e
    827▕             );
    828▕         }
    829▕     }

      [2m+22 vendor frames [22m

  23  app/Console/Commands/RemindUnpaidOrders.php:129
      Illuminate\Database\Eloquent\Builder::get()
      [2m+13 vendor frames [22m

  37  artisan:13
      Illuminate\Foundation\Application::handleCommand()

12.03.2026 17:40:03 — To'lanmagan buyurtmalarga eslatma yuborish boshlandi...
Eslatma yuborish uchun buyurtma topilmadi.
12.03.2026 17:50:02 — To'lanmagan buyurtmalarga eslatma yuborish boshlandi...
Eslatma yuborish uchun buyurtma topilmadi.
12.03.2026 18:00:02 — To'lanmagan buyurtmalarga eslatma yuborish boshlandi...

   Illuminate\Database\QueryException 

  SQLSTATE[HY000] [2002] Connection refused (Connection: mysql, SQL: select * from `solds` where `paymentStatus` = 1 and `status` = A and `created_at` >= 2026-03-12 17:00:02)

  at vendor/laravel/framework/src/Illuminate/Database/Connection.php:825
    821▕                     $this->getName(), $query, $this->prepareBindings($bindings), $e
    822▕                 );
    823▕             }
    824▕ 
  ➜ 825▕             throw new QueryException(
    826▕                 $this->getName(), $query, $this->prepareBindings($bindings), $e
    827▕             );
    828▕         }
    829▕     }

      [2m+22 vendor frames [22m

  23  app/Console/Commands/RemindUnpaidOrders.php:129
      Illuminate\Database\Eloquent\Builder::get()
      [2m+13 vendor frames [22m

  37  artisan:13
      Illuminate\Foundation\Application::handleCommand()

12.03.2026 18:10:02 — To'lanmagan buyurtmalarga eslatma yuborish boshlandi...
Eslatma yuborish uchun buyurtma topilmadi.
12.03.2026 18:20:02 — To'lanmagan buyurtmalarga eslatma yuborish boshlandi...
Eslatma yuborish uchun buyurtma topilmadi.
12.03.2026 18:30:02 — To'lanmagan buyurtmalarga eslatma yuborish boshlandi...

   Illuminate\Database\QueryException 

  SQLSTATE[HY000] [2002] Connection refused (Connection: mysql, SQL: select * from `solds` where `paymentStatus` = 1 and `status` = A and `created_at` >= 2026-03-12 17:30:02)

  at vendor/laravel/framework/src/Illuminate/Database/Connection.php:825
    821▕                     $this->getName(), $query, $this->prepareBindings($bindings), $e
    822▕                 );
    823▕             }
    824▕ 
  ➜ 825▕             throw new QueryException(
    826▕                 $this->getName(), $query, $this->prepareBindings($bindings), $e
    827▕             );
    828▕         }
    829▕     }

      [2m+22 vendor frames [22m

  23  app/Console/Commands/RemindUnpaidOrders.php:129
      Illuminate\Database\Eloquent\Builder::get()
      [2m+13 vendor frames [22m

  37  artisan:13
      Illuminate\Foundation\Application::handleCommand()

12.03.2026 18:40:02 — To'lanmagan buyurtmalarga eslatma yuborish boshlandi...
Eslatma yuborish uchun buyurtma topilmadi.
12.03.2026 18:50:02 — To'lanmagan buyurtmalarga eslatma yuborish boshlandi...
Eslatma yuborish uchun buyurtma topilmadi.
12.03.2026 19:00:02 — To'lanmagan buyurtmalarga eslatma yuborish boshlandi...

   Illuminate\Database\QueryException 

  SQLSTATE[HY000] [2002] Connection refused (Connection: mysql, SQL: select * from `solds` where `paymentStatus` = 1 and `status` = A and `created_at` >= 2026-03-12 18:00:02)

  at vendor/laravel/framework/src/Illuminate/Database/Connection.php:825
    821▕                     $this->getName(), $query, $this->prepareBindings($bindings), $e
    822▕                 );
    823▕             }
    824▕ 
  ➜ 825▕             throw new QueryException(
    826▕                 $this->getName(), $query, $this->prepareBindings($bindings), $e
    827▕             );
    828▕         }
    829▕     }

      [2m+22 vendor frames [22m

  23  app/Console/Commands/RemindUnpaidOrders.php:129
      Illuminate\Database\Eloquent\Builder::get()
      [2m+13 vendor frames [22m

  37  artisan:13
      Illuminate\Foundation\Application::handleCommand()

12.03.2026 19:10:02 — To'lanmagan buyurtmalarga eslatma yuborish boshlandi...
Eslatma yuborish uchun buyurtma topilmadi.
12.03.2026 19:20:02 — To'lanmagan buyurtmalarga eslatma yuborish boshlandi...
Eslatma yuborish uchun buyurtma topilmadi.
12.03.2026 19:30:02 — To'lanmagan buyurtmalarga eslatma yuborish boshlandi...

   Illuminate\Database\QueryException 

  SQLSTATE[HY000] [2002] Connection refused (Connection: mysql, SQL: select * from `solds` where `paymentStatus` = 1 and `status` = A and `created_at` >= 2026-03-12 18:30:02)

  at vendor/laravel/framework/src/Illuminate/Database/Connection.php:825
    821▕                     $this->getName(), $query, $this->prepareBindings($bindings), $e
    822▕                 );
    823▕             }
    824▕ 
  ➜ 825▕             throw new QueryException(
    826▕                 $this->getName(), $query, $this->prepareBindings($bindings), $e
    827▕             );
    828▕         }
    829▕     }

      [2m+22 vendor frames [22m

  23  app/Console/Commands/RemindUnpaidOrders.php:129
      Illuminate\Database\Eloquent\Builder::get()
      [2m+13 vendor frames [22m

  37  artisan:13
      Illuminate\Foundation\Application::handleCommand()

12.03.2026 19:40:02 — To'lanmagan buyurtmalarga eslatma yuborish boshlandi...
Eslatma yuborish uchun buyurtma topilmadi.
12.03.2026 19:50:02 — To'lanmagan buyurtmalarga eslatma yuborish boshlandi...
Eslatma yuborish uchun buyurtma topilmadi.
12.03.2026 20:00:03 — To'lanmagan buyurtmalarga eslatma yuborish boshlandi...

   Illuminate\Database\QueryException 

  SQLSTATE[HY000] [2002] Connection refused (Connection: mysql, SQL: select * from `solds` where `paymentStatus` = 1 and `status` = A and `created_at` >= 2026-03-12 19:00:03)

  at vendor/laravel/framework/src/Illuminate/Database/Connection.php:825
    821▕                     $this->getName(), $query, $this->prepareBindings($bindings), $e
    822▕                 );
    823▕             }
    824▕ 
  ➜ 825▕             throw new QueryException(
    826▕                 $this->getName(), $query, $this->prepareBindings($bindings), $e
    827▕             );
    828▕         }
    829▕     }

      [2m+22 vendor frames [22m

  23  app/Console/Commands/RemindUnpaidOrders.php:129
      Illuminate\Database\Eloquent\Builder::get()
      [2m+13 vendor frames [22m

  37  artisan:13
      Illuminate\Foundation\Application::handleCommand()

12.03.2026 20:10:03 — To'lanmagan buyurtmalarga eslatma yuborish boshlandi...
Eslatma yuborish uchun buyurtma topilmadi.
12.03.2026 20:20:02 — To'lanmagan buyurtmalarga eslatma yuborish boshlandi...
Eslatma yuborish uchun buyurtma topilmadi.
12.03.2026 20:30:03 — To'lanmagan buyurtmalarga eslatma yuborish boshlandi...

   Illuminate\Database\QueryException 

  SQLSTATE[HY000] [2002] Connection refused (Connection: mysql, SQL: select * from `solds` where `paymentStatus` = 1 and `status` = A and `created_at` >= 2026-03-12 19:30:03)

  at vendor/laravel/framework/src/Illuminate/Database/Connection.php:825
    821▕                     $this->getName(), $query, $this->prepareBindings($bindings), $e
    822▕                 );
    823▕             }
    824▕ 
  ➜ 825▕             throw new QueryException(
    826▕                 $this->getName(), $query, $this->prepareBindings($bindings), $e
    827▕             );
    828▕         }
    829▕     }

      [2m+22 vendor frames [22m

  23  app/Console/Commands/RemindUnpaidOrders.php:129
      Illuminate\Database\Eloquent\Builder::get()
      [2m+13 vendor frames [22m

  37  artisan:13
      Illuminate\Foundation\Application::handleCommand()

12.03.2026 20:40:02 — To'lanmagan buyurtmalarga eslatma yuborish boshlandi...
Eslatma yuborish uchun buyurtma topilmadi.
12.03.2026 20:50:02 — To'lanmagan buyurtmalarga eslatma yuborish boshlandi...
Eslatma yuborish uchun buyurtma topilmadi.
12.03.2026 21:00:02 — To'lanmagan buyurtmalarga eslatma yuborish boshlandi...

   Illuminate\Database\QueryException 

  SQLSTATE[HY000] [2002] Connection refused (Connection: mysql, SQL: select * from `solds` where `paymentStatus` = 1 and `status` = A and `created_at` >= 2026-03-12 20:00:02)

  at vendor/laravel/framework/src/Illuminate/Database/Connection.php:825
    821▕                     $this->getName(), $query, $this->prepareBindings($bindings), $e
    822▕                 );
    823▕             }
    824▕ 
  ➜ 825▕             throw new QueryException(
    826▕                 $this->getName(), $query, $this->prepareBindings($bindings), $e
    827▕             );
    828▕         }
    829▕     }

      [2m+22 vendor frames [22m

  23  app/Console/Commands/RemindUnpaidOrders.php:129
      Illuminate\Database\Eloquent\Builder::get()
      [2m+13 vendor frames [22m

  37  artisan:13
      Illuminate\Foundation\Application::handleCommand()

12.03.2026 21:10:03 — To'lanmagan buyurtmalarga eslatma yuborish boshlandi...
Eslatma yuborish uchun buyurtma topilmadi.
12.03.2026 21:20:02 — To'lanmagan buyurtmalarga eslatma yuborish boshlandi...
Eslatma yuborish uchun buyurtma topilmadi.
12.03.2026 21:30:02 — To'lanmagan buyurtmalarga eslatma yuborish boshlandi...

   Illuminate\Database\QueryException 

  SQLSTATE[HY000] [2002] Connection refused (Connection: mysql, SQL: select * from `solds` where `paymentStatus` = 1 and `status` = A and `created_at` >= 2026-03-12 20:30:02)

  at vendor/laravel/framework/src/Illuminate/Database/Connection.php:825
    821▕                     $this->getName(), $query, $this->prepareBindings($bindings), $e
    822▕                 );
    823▕             }
    824▕ 
  ➜ 825▕             throw new QueryException(
    826▕                 $this->getName(), $query, $this->prepareBindings($bindings), $e
    827▕             );
    828▕         }
    829▕     }

      [2m+22 vendor frames [22m

  23  app/Console/Commands/RemindUnpaidOrders.php:129
      Illuminate\Database\Eloquent\Builder::get()
      [2m+13 vendor frames [22m

  37  artisan:13
      Illuminate\Foundation\Application::handleCommand()

12.03.2026 21:40:02 — To'lanmagan buyurtmalarga eslatma yuborish boshlandi...
Eslatma yuborish uchun buyurtma topilmadi.
12.03.2026 21:50:02 — To'lanmagan buyurtmalarga eslatma yuborish boshlandi...
Eslatma yuborish uchun buyurtma topilmadi.
12.03.2026 22:00:02 — To'lanmagan buyurtmalarga eslatma yuborish boshlandi...

   Illuminate\Database\QueryException 

  SQLSTATE[HY000] [2002] Connection refused (Connection: mysql, SQL: select * from `solds` where `paymentStatus` = 1 and `status` = A and `created_at` >= 2026-03-12 21:00:02)

  at vendor/laravel/framework/src/Illuminate/Database/Connection.php:825
    821▕                     $this->getName(), $query, $this->prepareBindings($bindings), $e
    822▕                 );
    823▕             }
    824▕ 
  ➜ 825▕             throw new QueryException(
    826▕                 $this->getName(), $query, $this->prepareBindings($bindings), $e
    827▕             );
    828▕         }
    829▕     }

      [2m+22 vendor frames [22m

  23  app/Console/Commands/RemindUnpaidOrders.php:129
      Illuminate\Database\Eloquent\Builder::get()
      [2m+13 vendor frames [22m

  37  artisan:13
      Illuminate\Foundation\Application::handleCommand()

12.03.2026 22:10:02 — To'lanmagan buyurtmalarga eslatma yuborish boshlandi...
Eslatma yuborish uchun buyurtma topilmadi.
12.03.2026 22:20:02 — To'lanmagan buyurtmalarga eslatma yuborish boshlandi...
Eslatma yuborish uchun buyurtma topilmadi.
12.03.2026 22:30:03 — To'lanmagan buyurtmalarga eslatma yuborish boshlandi...

   Illuminate\Database\QueryException 

  SQLSTATE[HY000] [2002] Connection refused (Connection: mysql, SQL: select * from `solds` where `paymentStatus` = 1 and `status` = A and `created_at` >= 2026-03-12 21:30:03)

  at vendor/laravel/framework/src/Illuminate/Database/Connection.php:825
    821▕                     $this->getName(), $query, $this->prepareBindings($bindings), $e
    822▕                 );
    823▕             }
    824▕ 
  ➜ 825▕             throw new QueryException(
    826▕                 $this->getName(), $query, $this->prepareBindings($bindings), $e
    827▕             );
    828▕         }
    829▕     }

      [2m+22 vendor frames [22m

  23  app/Console/Commands/RemindUnpaidOrders.php:129
      Illuminate\Database\Eloquent\Builder::get()
      [2m+13 vendor frames [22m

  37  artisan:13
      Illuminate\Foundation\Application::handleCommand()

12.03.2026 22:40:02 — To'lanmagan buyurtmalarga eslatma yuborish boshlandi...
Eslatma yuborish uchun buyurtma topilmadi.
12.03.2026 22:50:02 — To'lanmagan buyurtmalarga eslatma yuborish boshlandi...
Eslatma yuborish uchun buyurtma topilmadi.
12.03.2026 23:00:03 — To'lanmagan buyurtmalarga eslatma yuborish boshlandi...

   Illuminate\Database\QueryException 

  SQLSTATE[HY000] [2002] Connection refused (Connection: mysql, SQL: select * from `solds` where `paymentStatus` = 1 and `status` = A and `created_at` >= 2026-03-12 22:00:03)

  at vendor/laravel/framework/src/Illuminate/Database/Connection.php:825
    821▕                     $this->getName(), $query, $this->prepareBindings($bindings), $e
    822▕                 );
    823▕             }
    824▕ 
  ➜ 825▕             throw new QueryException(
    826▕                 $this->getName(), $query, $this->prepareBindings($bindings), $e
    827▕             );
    828▕         }
    829▕     }

      [2m+22 vendor frames [22m

  23  app/Console/Commands/RemindUnpaidOrders.php:129
      Illuminate\Database\Eloquent\Builder::get()
      [2m+13 vendor frames [22m

  37  artisan:13
      Illuminate\Foundation\Application::handleCommand()

12.03.2026 23:10:02 — To'lanmagan buyurtmalarga eslatma yuborish boshlandi...
Eslatma yuborish uchun buyurtma topilmadi.
12.03.2026 23:20:02 — To'lanmagan buyurtmalarga eslatma yuborish boshlandi...
Eslatma yuborish uchun buyurtma topilmadi.
12.03.2026 23:30:02 — To'lanmagan buyurtmalarga eslatma yuborish boshlandi...

   Illuminate\Database\QueryException 

  SQLSTATE[HY000] [2002] Connection refused (Connection: mysql, SQL: select * from `solds` where `paymentStatus` = 1 and `status` = A and `created_at` >= 2026-03-12 22:30:02)

  at vendor/laravel/framework/src/Illuminate/Database/Connection.php:825
    821▕                     $this->getName(), $query, $this->prepareBindings($bindings), $e
    822▕                 );
    823▕             }
    824▕ 
  ➜ 825▕             throw new QueryException(
    826▕                 $this->getName(), $query, $this->prepareBindings($bindings), $e
    827▕             );
    828▕         }
    829▕     }

      [2m+22 vendor frames [22m

  23  app/Console/Commands/RemindUnpaidOrders.php:129
      Illuminate\Database\Eloquent\Builder::get()
      [2m+13 vendor frames [22m

  37  artisan:13
      Illuminate\Foundation\Application::handleCommand()

12.03.2026 23:40:02 — To'lanmagan buyurtmalarga eslatma yuborish boshlandi...
Eslatma yuborish uchun buyurtma topilmadi.
12.03.2026 23:50:02 — To'lanmagan buyurtmalarga eslatma yuborish boshlandi...
Eslatma yuborish uchun buyurtma topilmadi.
13.03.2026 00:00:03 — To'lanmagan buyurtmalarga eslatma yuborish boshlandi...

   Illuminate\Database\QueryException 

  SQLSTATE[HY000] [2002] Connection refused (Connection: mysql, SQL: select * from `solds` where `paymentStatus` = 1 and `status` = A and `created_at` >= 2026-03-12 23:00:03)

  at vendor/laravel/framework/src/Illuminate/Database/Connection.php:825
    821▕                     $this->getName(), $query, $this->prepareBindings($bindings), $e
    822▕                 );
    823▕             }
    824▕ 
  ➜ 825▕             throw new QueryException(
    826▕                 $this->getName(), $query, $this->prepareBindings($bindings), $e
    827▕             );
    828▕         }
    829▕     }

      [2m+22 vendor frames [22m

  23  app/Console/Commands/RemindUnpaidOrders.php:129
      Illuminate\Database\Eloquent\Builder::get()
      [2m+13 vendor frames [22m

  37  artisan:13
      Illuminate\Foundation\Application::handleCommand()

13.03.2026 00:10:02 — To'lanmagan buyurtmalarga eslatma yuborish boshlandi...
Eslatma yuborish uchun buyurtma topilmadi.
13.03.2026 00:20:02 — To'lanmagan buyurtmalarga eslatma yuborish boshlandi...
Eslatma yuborish uchun buyurtma topilmadi.
13.03.2026 00:30:02 — To'lanmagan buyurtmalarga eslatma yuborish boshlandi...

   Illuminate\Database\QueryException 

  SQLSTATE[HY000] [2002] Connection refused (Connection: mysql, SQL: select * from `solds` where `paymentStatus` = 1 and `status` = A and `created_at` >= 2026-03-12 23:30:02)

  at vendor/laravel/framework/src/Illuminate/Database/Connection.php:825
    821▕                     $this->getName(), $query, $this->prepareBindings($bindings), $e
    822▕                 );
    823▕             }
    824▕ 
  ➜ 825▕             throw new QueryException(
    826▕                 $this->getName(), $query, $this->prepareBindings($bindings), $e
    827▕             );
    828▕         }
    829▕     }

      [2m+22 vendor frames [22m

  23  app/Console/Commands/RemindUnpaidOrders.php:129
      Illuminate\Database\Eloquent\Builder::get()
      [2m+13 vendor frames [22m

  37  artisan:13
      Illuminate\Foundation\Application::handleCommand()

13.03.2026 00:40:02 — To'lanmagan buyurtmalarga eslatma yuborish boshlandi...
Eslatma yuborish uchun buyurtma topilmadi.
13.03.2026 00:50:02 — To'lanmagan buyurtmalarga eslatma yuborish boshlandi...
Eslatma yuborish uchun buyurtma topilmadi.
13.03.2026 01:00:02 — To'lanmagan buyurtmalarga eslatma yuborish boshlandi...

   Illuminate\Database\QueryException 

  SQLSTATE[HY000] [2002] Connection refused (Connection: mysql, SQL: select * from `solds` where `paymentStatus` = 1 and `status` = A and `created_at` >= 2026-03-13 00:00:02)

  at vendor/laravel/framework/src/Illuminate/Database/Connection.php:825
    821▕                     $this->getName(), $query, $this->prepareBindings($bindings), $e
    822▕                 );
    823▕             }
    824▕ 
  ➜ 825▕             throw new QueryException(
    826▕                 $this->getName(), $query, $this->prepareBindings($bindings), $e
    827▕             );
    828▕         }
    829▕     }

      [2m+22 vendor frames [22m

  23  app/Console/Commands/RemindUnpaidOrders.php:129
      Illuminate\Database\Eloquent\Builder::get()
      [2m+13 vendor frames [22m

  37  artisan:13
      Illuminate\Foundation\Application::handleCommand()

13.03.2026 01:10:02 — To'lanmagan buyurtmalarga eslatma yuborish boshlandi...
Eslatma yuborish uchun buyurtma topilmadi.
13.03.2026 01:20:02 — To'lanmagan buyurtmalarga eslatma yuborish boshlandi...
Eslatma yuborish uchun buyurtma topilmadi.
13.03.2026 01:30:02 — To'lanmagan buyurtmalarga eslatma yuborish boshlandi...

   Illuminate\Database\QueryException 

  SQLSTATE[HY000] [2002] Connection refused (Connection: mysql, SQL: select * from `solds` where `paymentStatus` = 1 and `status` = A and `created_at` >= 2026-03-13 00:30:02)

  at vendor/laravel/framework/src/Illuminate/Database/Connection.php:825
    821▕                     $this->getName(), $query, $this->prepareBindings($bindings), $e
    822▕                 );
    823▕             }
    824▕ 
  ➜ 825▕             throw new QueryException(
    826▕                 $this->getName(), $query, $this->prepareBindings($bindings), $e
    827▕             );
    828▕         }
    829▕     }

      [2m+22 vendor frames [22m

  23  app/Console/Commands/RemindUnpaidOrders.php:129
      Illuminate\Database\Eloquent\Builder::get()
      [2m+13 vendor frames [22m

  37  artisan:13
      Illuminate\Foundation\Application::handleCommand()

13.03.2026 01:40:02 — To'lanmagan buyurtmalarga eslatma yuborish boshlandi...
Eslatma yuborish uchun buyurtma topilmadi.
13.03.2026 01:50:02 — To'lanmagan buyurtmalarga eslatma yuborish boshlandi...
Eslatma yuborish uchun buyurtma topilmadi.
13.03.2026 02:00:02 — To'lanmagan buyurtmalarga eslatma yuborish boshlandi...

   Illuminate\Database\QueryException 

  SQLSTATE[HY000] [2002] Connection refused (Connection: mysql, SQL: select * from `solds` where `paymentStatus` = 1 and `status` = A and `created_at` >= 2026-03-13 01:00:02)

  at vendor/laravel/framework/src/Illuminate/Database/Connection.php:825
    821▕                     $this->getName(), $query, $this->prepareBindings($bindings), $e
    822▕                 );
    823▕             }
    824▕ 
  ➜ 825▕             throw new QueryException(
    826▕                 $this->getName(), $query, $this->prepareBindings($bindings), $e
    827▕             );
    828▕         }
    829▕     }

      [2m+22 vendor frames [22m

  23  app/Console/Commands/RemindUnpaidOrders.php:129
      Illuminate\Database\Eloquent\Builder::get()
      [2m+13 vendor frames [22m

  37  artisan:13
      Illuminate\Foundation\Application::handleCommand()

13.03.2026 02:10:02 — To'lanmagan buyurtmalarga eslatma yuborish boshlandi...
Eslatma yuborish uchun buyurtma topilmadi.
13.03.2026 02:20:03 — To'lanmagan buyurtmalarga eslatma yuborish boshlandi...
Eslatma yuborish uchun buyurtma topilmadi.
13.03.2026 02:30:02 — To'lanmagan buyurtmalarga eslatma yuborish boshlandi...

   Illuminate\Database\QueryException 

  SQLSTATE[HY000] [2002] Connection refused (Connection: mysql, SQL: select * from `solds` where `paymentStatus` = 1 and `status` = A and `created_at` >= 2026-03-13 01:30:02)

  at vendor/laravel/framework/src/Illuminate/Database/Connection.php:825
    821▕                     $this->getName(), $query, $this->prepareBindings($bindings), $e
    822▕                 );
    823▕             }
    824▕ 
  ➜ 825▕             throw new QueryException(
    826▕                 $this->getName(), $query, $this->prepareBindings($bindings), $e
    827▕             );
    828▕         }
    829▕     }

      [2m+22 vendor frames [22m

  23  app/Console/Commands/RemindUnpaidOrders.php:129
      Illuminate\Database\Eloquent\Builder::get()
      [2m+13 vendor frames [22m

  37  artisan:13
      Illuminate\Foundation\Application::handleCommand()

13.03.2026 02:40:03 — To'lanmagan buyurtmalarga eslatma yuborish boshlandi...
Eslatma yuborish uchun buyurtma topilmadi.
13.03.2026 02:50:02 — To'lanmagan buyurtmalarga eslatma yuborish boshlandi...
Eslatma yuborish uchun buyurtma topilmadi.
13.03.2026 03:00:02 — To'lanmagan buyurtmalarga eslatma yuborish boshlandi...

   Illuminate\Database\QueryException 

  SQLSTATE[HY000] [2002] Connection refused (Connection: mysql, SQL: select * from `solds` where `paymentStatus` = 1 and `status` = A and `created_at` >= 2026-03-13 02:00:02)

  at vendor/laravel/framework/src/Illuminate/Database/Connection.php:825
    821▕                     $this->getName(), $query, $this->prepareBindings($bindings), $e
    822▕                 );
    823▕             }
    824▕ 
  ➜ 825▕             throw new QueryException(
    826▕                 $this->getName(), $query, $this->prepareBindings($bindings), $e
    827▕             );
    828▕         }
    829▕     }

      [2m+22 vendor frames [22m

  23  app/Console/Commands/RemindUnpaidOrders.php:129
      Illuminate\Database\Eloquent\Builder::get()
      [2m+13 vendor frames [22m

  37  artisan:13
      Illuminate\Foundation\Application::handleCommand()

13.03.2026 03:10:02 — To'lanmagan buyurtmalarga eslatma yuborish boshlandi...
Topilgan buyurtmalar: 1
Push yuborildi: order #65, user #2, lang=uz, msg=1
Eslatmalar yuborildi.
13.03.2026 03:20:02 — To'lanmagan buyurtmalarga eslatma yuborish boshlandi...
Topilgan buyurtmalar: 1
Push yuborildi: order #65, user #2, lang=uz, msg=2
Eslatmalar yuborildi.
13.03.2026 03:30:02 — To'lanmagan buyurtmalarga eslatma yuborish boshlandi...

   Illuminate\Database\QueryException 

  SQLSTATE[HY000] [2002] Connection refused (Connection: mysql, SQL: select * from `solds` where `paymentStatus` = 1 and `status` = A and `created_at` >= 2026-03-13 02:30:02)

  at vendor/laravel/framework/src/Illuminate/Database/Connection.php:825
    821▕                     $this->getName(), $query, $this->prepareBindings($bindings), $e
    822▕                 );
    823▕             }
    824▕ 
  ➜ 825▕             throw new QueryException(
    826▕                 $this->getName(), $query, $this->prepareBindings($bindings), $e
    827▕             );
    828▕         }
    829▕     }

      [2m+22 vendor frames [22m

  23  app/Console/Commands/RemindUnpaidOrders.php:129
      Illuminate\Database\Eloquent\Builder::get()
      [2m+13 vendor frames [22m

  37  artisan:13
      Illuminate\Foundation\Application::handleCommand()

13.03.2026 03:40:02 — To'lanmagan buyurtmalarga eslatma yuborish boshlandi...
Topilgan buyurtmalar: 1
Push yuborildi: order #65, user #2, lang=uz, msg=4
Eslatmalar yuborildi.
13.03.2026 03:50:02 — To'lanmagan buyurtmalarga eslatma yuborish boshlandi...
Topilgan buyurtmalar: 1
Push yuborildi: order #65, user #2, lang=uz, msg=0
Eslatmalar yuborildi.
13.03.2026 04:00:02 — To'lanmagan buyurtmalarga eslatma yuborish boshlandi...

   Illuminate\Database\QueryException 

  SQLSTATE[HY000] [2002] Connection refused (Connection: mysql, SQL: select * from `solds` where `paymentStatus` = 1 and `status` = A and `created_at` >= 2026-03-13 03:00:02)

  at vendor/laravel/framework/src/Illuminate/Database/Connection.php:825
    821▕                     $this->getName(), $query, $this->prepareBindings($bindings), $e
    822▕                 );
    823▕             }
    824▕ 
  ➜ 825▕             throw new QueryException(
    826▕                 $this->getName(), $query, $this->prepareBindings($bindings), $e
    827▕             );
    828▕         }
    829▕     }

      [2m+22 vendor frames [22m

  23  app/Console/Commands/RemindUnpaidOrders.php:129
      Illuminate\Database\Eloquent\Builder::get()
      [2m+13 vendor frames [22m

  37  artisan:13
      Illuminate\Foundation\Application::handleCommand()

13.03.2026 04:10:02 — To'lanmagan buyurtmalarga eslatma yuborish boshlandi...
Eslatma yuborish uchun buyurtma topilmadi.
13.03.2026 04:20:02 — To'lanmagan buyurtmalarga eslatma yuborish boshlandi...
Eslatma yuborish uchun buyurtma topilmadi.
13.03.2026 04:30:03 — To'lanmagan buyurtmalarga eslatma yuborish boshlandi...

   Illuminate\Database\QueryException 

  SQLSTATE[HY000] [2002] Connection refused (Connection: mysql, SQL: select * from `solds` where `paymentStatus` = 1 and `status` = A and `created_at` >= 2026-03-13 03:30:03)

  at vendor/laravel/framework/src/Illuminate/Database/Connection.php:825
    821▕                     $this->getName(), $query, $this->prepareBindings($bindings), $e
    822▕                 );
    823▕             }
    824▕ 
  ➜ 825▕             throw new QueryException(
    826▕                 $this->getName(), $query, $this->prepareBindings($bindings), $e
    827▕             );
    828▕         }
    829▕     }

      [2m+22 vendor frames [22m

  23  app/Console/Commands/RemindUnpaidOrders.php:129
      Illuminate\Database\Eloquent\Builder::get()
      [2m+13 vendor frames [22m

  37  artisan:13
      Illuminate\Foundation\Application::handleCommand()

13.03.2026 04:40:02 — To'lanmagan buyurtmalarga eslatma yuborish boshlandi...
Eslatma yuborish uchun buyurtma topilmadi.
13.03.2026 04:50:02 — To'lanmagan buyurtmalarga eslatma yuborish boshlandi...
Eslatma yuborish uchun buyurtma topilmadi.
13.03.2026 05:00:03 — To'lanmagan buyurtmalarga eslatma yuborish boshlandi...

   Illuminate\Database\QueryException 

  SQLSTATE[HY000] [2002] Connection refused (Connection: mysql, SQL: select * from `solds` where `paymentStatus` = 1 and `status` = A and `created_at` >= 2026-03-13 04:00:03)

  at vendor/laravel/framework/src/Illuminate/Database/Connection.php:825
    821▕                     $this->getName(), $query, $this->prepareBindings($bindings), $e
    822▕                 );
    823▕             }
    824▕ 
  ➜ 825▕             throw new QueryException(
    826▕                 $this->getName(), $query, $this->prepareBindings($bindings), $e
    827▕             );
    828▕         }
    829▕     }

      [2m+22 vendor frames [22m

  23  app/Console/Commands/RemindUnpaidOrders.php:129
      Illuminate\Database\Eloquent\Builder::get()
      [2m+13 vendor frames [22m

  37  artisan:13
      Illuminate\Foundation\Application::handleCommand()

13.03.2026 05:10:02 — To'lanmagan buyurtmalarga eslatma yuborish boshlandi...
Eslatma yuborish uchun buyurtma topilmadi.
13.03.2026 05:20:02 — To'lanmagan buyurtmalarga eslatma yuborish boshlandi...
Eslatma yuborish uchun buyurtma topilmadi.
13.03.2026 05:30:02 — To'lanmagan buyurtmalarga eslatma yuborish boshlandi...

   Illuminate\Database\QueryException 

  SQLSTATE[HY000] [2002] Connection refused (Connection: mysql, SQL: select * from `solds` where `paymentStatus` = 1 and `status` = A and `created_at` >= 2026-03-13 04:30:02)

  at vendor/laravel/framework/src/Illuminate/Database/Connection.php:825
    821▕                     $this->getName(), $query, $this->prepareBindings($bindings), $e
    822▕                 );
    823▕             }
    824▕ 
  ➜ 825▕             throw new QueryException(
    826▕                 $this->getName(), $query, $this->prepareBindings($bindings), $e
    827▕             );
    828▕         }
    829▕     }

      [2m+22 vendor frames [22m

  23  app/Console/Commands/RemindUnpaidOrders.php:129
      Illuminate\Database\Eloquent\Builder::get()
      [2m+13 vendor frames [22m

  37  artisan:13
      Illuminate\Foundation\Application::handleCommand()

13.03.2026 05:40:03 — To'lanmagan buyurtmalarga eslatma yuborish boshlandi...
Eslatma yuborish uchun buyurtma topilmadi.
13.03.2026 05:50:02 — To'lanmagan buyurtmalarga eslatma yuborish boshlandi...
Eslatma yuborish uchun buyurtma topilmadi.
13.03.2026 06:00:02 — To'lanmagan buyurtmalarga eslatma yuborish boshlandi...

   Illuminate\Database\QueryException 

  SQLSTATE[HY000] [2002] Connection refused (Connection: mysql, SQL: select * from `solds` where `paymentStatus` = 1 and `status` = A and `created_at` >= 2026-03-13 05:00:02)

  at vendor/laravel/framework/src/Illuminate/Database/Connection.php:825
    821▕                     $this->getName(), $query, $this->prepareBindings($bindings), $e
    822▕                 );
    823▕             }
    824▕ 
  ➜ 825▕             throw new QueryException(
    826▕                 $this->getName(), $query, $this->prepareBindings($bindings), $e
    827▕             );
    828▕         }
    829▕     }

      [2m+22 vendor frames [22m

  23  app/Console/Commands/RemindUnpaidOrders.php:129
      Illuminate\Database\Eloquent\Builder::get()
      [2m+13 vendor frames [22m

  37  artisan:13
      Illuminate\Foundation\Application::handleCommand()

13.03.2026 06:10:02 — To'lanmagan buyurtmalarga eslatma yuborish boshlandi...
Eslatma yuborish uchun buyurtma topilmadi.
13.03.2026 06:20:03 — To'lanmagan buyurtmalarga eslatma yuborish boshlandi...
Eslatma yuborish uchun buyurtma topilmadi.
13.03.2026 06:30:03 — To'lanmagan buyurtmalarga eslatma yuborish boshlandi...

   Illuminate\Database\QueryException 

  SQLSTATE[HY000] [2002] Connection refused (Connection: mysql, SQL: select * from `solds` where `paymentStatus` = 1 and `status` = A and `created_at` >= 2026-03-13 05:30:03)

  at vendor/laravel/framework/src/Illuminate/Database/Connection.php:825
    821▕                     $this->getName(), $query, $this->prepareBindings($bindings), $e
    822▕                 );
    823▕             }
    824▕ 
  ➜ 825▕             throw new QueryException(
    826▕                 $this->getName(), $query, $this->prepareBindings($bindings), $e
    827▕             );
    828▕         }
    829▕     }

      [2m+22 vendor frames [22m

  23  app/Console/Commands/RemindUnpaidOrders.php:129
      Illuminate\Database\Eloquent\Builder::get()
      [2m+13 vendor frames [22m

  37  artisan:13
      Illuminate\Foundation\Application::handleCommand()

13.03.2026 06:40:02 — To'lanmagan buyurtmalarga eslatma yuborish boshlandi...
Eslatma yuborish uchun buyurtma topilmadi.
13.03.2026 06:50:02 — To'lanmagan buyurtmalarga eslatma yuborish boshlandi...
Eslatma yuborish uchun buyurtma topilmadi.
13.03.2026 07:00:03 — To'lanmagan buyurtmalarga eslatma yuborish boshlandi...

   Illuminate\Database\QueryException 

  SQLSTATE[HY000] [2002] Connection refused (Connection: mysql, SQL: select * from `solds` where `paymentStatus` = 1 and `status` = A and `created_at` >= 2026-03-13 06:00:03)

  at vendor/laravel/framework/src/Illuminate/Database/Connection.php:825
    821▕                     $this->getName(), $query, $this->prepareBindings($bindings), $e
    822▕                 );
    823▕             }
    824▕ 
  ➜ 825▕             throw new QueryException(
    826▕                 $this->getName(), $query, $this->prepareBindings($bindings), $e
    827▕             );
    828▕         }
    829▕     }

      [2m+22 vendor frames [22m

  23  app/Console/Commands/RemindUnpaidOrders.php:129
      Illuminate\Database\Eloquent\Builder::get()
      [2m+13 vendor frames [22m

  37  artisan:13
      Illuminate\Foundation\Application::handleCommand()

13.03.2026 07:10:02 — To'lanmagan buyurtmalarga eslatma yuborish boshlandi...
Eslatma yuborish uchun buyurtma topilmadi.
13.03.2026 07:20:02 — To'lanmagan buyurtmalarga eslatma yuborish boshlandi...
Eslatma yuborish uchun buyurtma topilmadi.
13.03.2026 07:30:02 — To'lanmagan buyurtmalarga eslatma yuborish boshlandi...

   Illuminate\Database\QueryException 

  SQLSTATE[HY000] [2002] Connection refused (Connection: mysql, SQL: select * from `solds` where `paymentStatus` = 1 and `status` = A and `created_at` >= 2026-03-13 06:30:02)

  at vendor/laravel/framework/src/Illuminate/Database/Connection.php:825
    821▕                     $this->getName(), $query, $this->prepareBindings($bindings), $e
    822▕                 );
    823▕             }
    824▕ 
  ➜ 825▕             throw new QueryException(
    826▕                 $this->getName(), $query, $this->prepareBindings($bindings), $e
    827▕             );
    828▕         }
    829▕     }

      [2m+22 vendor frames [22m

  23  app/Console/Commands/RemindUnpaidOrders.php:129
      Illuminate\Database\Eloquent\Builder::get()
      [2m+13 vendor frames [22m

  37  artisan:13
      Illuminate\Foundation\Application::handleCommand()

13.03.2026 07:40:02 — To'lanmagan buyurtmalarga eslatma yuborish boshlandi...
Eslatma yuborish uchun buyurtma topilmadi.
13.03.2026 07:50:02 — To'lanmagan buyurtmalarga eslatma yuborish boshlandi...
Eslatma yuborish uchun buyurtma topilmadi.
13.03.2026 08:00:02 — To'lanmagan buyurtmalarga eslatma yuborish boshlandi...

   Illuminate\Database\QueryException 

  SQLSTATE[HY000] [2002] Connection refused (Connection: mysql, SQL: select * from `solds` where `paymentStatus` = 1 and `status` = A and `created_at` >= 2026-03-13 07:00:02)

  at vendor/laravel/framework/src/Illuminate/Database/Connection.php:825
    821▕                     $this->getName(), $query, $this->prepareBindings($bindings), $e
    822▕                 );
    823▕             }
    824▕ 
  ➜ 825▕             throw new QueryException(
    826▕                 $this->getName(), $query, $this->prepareBindings($bindings), $e
    827▕             );
    828▕         }
    829▕     }

      [2m+22 vendor frames [22m

  23  app/Console/Commands/RemindUnpaidOrders.php:129
      Illuminate\Database\Eloquent\Builder::get()
      [2m+13 vendor frames [22m

  37  artisan:13
      Illuminate\Foundation\Application::handleCommand()

13.03.2026 08:10:03 — To'lanmagan buyurtmalarga eslatma yuborish boshlandi...
Eslatma yuborish uchun buyurtma topilmadi.
13.03.2026 08:20:03 — To'lanmagan buyurtmalarga eslatma yuborish boshlandi...
Eslatma yuborish uchun buyurtma topilmadi.
13.03.2026 08:30:02 — To'lanmagan buyurtmalarga eslatma yuborish boshlandi...

   Illuminate\Database\QueryException 

  SQLSTATE[HY000] [2002] Connection refused (Connection: mysql, SQL: select * from `solds` where `paymentStatus` = 1 and `status` = A and `created_at` >= 2026-03-13 07:30:02)

  at vendor/laravel/framework/src/Illuminate/Database/Connection.php:825
    821▕                     $this->getName(), $query, $this->prepareBindings($bindings), $e
    822▕                 );
    823▕             }
    824▕ 
  ➜ 825▕             throw new QueryException(
    826▕                 $this->getName(), $query, $this->prepareBindings($bindings), $e
    827▕             );
    828▕         }
    829▕     }

      [2m+22 vendor frames [22m

  23  app/Console/Commands/RemindUnpaidOrders.php:129
      Illuminate\Database\Eloquent\Builder::get()
      [2m+13 vendor frames [22m

  37  artisan:13
      Illuminate\Foundation\Application::handleCommand()

13.03.2026 08:40:02 — To'lanmagan buyurtmalarga eslatma yuborish boshlandi...
Eslatma yuborish uchun buyurtma topilmadi.
13.03.2026 08:50:02 — To'lanmagan buyurtmalarga eslatma yuborish boshlandi...
Eslatma yuborish uchun buyurtma topilmadi.
13.03.2026 09:00:03 — To'lanmagan buyurtmalarga eslatma yuborish boshlandi...

   Illuminate\Database\QueryException 

  SQLSTATE[HY000] [2002] Connection refused (Connection: mysql, SQL: select * from `solds` where `paymentStatus` = 1 and `status` = A and `created_at` >= 2026-03-13 08:00:03)

  at vendor/laravel/framework/src/Illuminate/Database/Connection.php:825
    821▕                     $this->getName(), $query, $this->prepareBindings($bindings), $e
    822▕                 );
    823▕             }
    824▕ 
  ➜ 825▕             throw new QueryException(
    826▕                 $this->getName(), $query, $this->prepareBindings($bindings), $e
    827▕             );
    828▕         }
    829▕     }

      [2m+22 vendor frames [22m

  23  app/Console/Commands/RemindUnpaidOrders.php:129
      Illuminate\Database\Eloquent\Builder::get()
      [2m+13 vendor frames [22m

  37  artisan:13
      Illuminate\Foundation\Application::handleCommand()

13.03.2026 09:10:02 — To'lanmagan buyurtmalarga eslatma yuborish boshlandi...
Eslatma yuborish uchun buyurtma topilmadi.
13.03.2026 09:20:02 — To'lanmagan buyurtmalarga eslatma yuborish boshlandi...
Eslatma yuborish uchun buyurtma topilmadi.
13.03.2026 09:30:02 — To'lanmagan buyurtmalarga eslatma yuborish boshlandi...

   Illuminate\Database\QueryException 

  SQLSTATE[HY000] [2002] Connection refused (Connection: mysql, SQL: select * from `solds` where `paymentStatus` = 1 and `status` = A and `created_at` >= 2026-03-13 08:30:02)

  at vendor/laravel/framework/src/Illuminate/Database/Connection.php:825
    821▕                     $this->getName(), $query, $this->prepareBindings($bindings), $e
    822▕                 );
    823▕             }
    824▕ 
  ➜ 825▕             throw new QueryException(
    826▕                 $this->getName(), $query, $this->prepareBindings($bindings), $e
    827▕             );
    828▕         }
    829▕     }

      [2m+22 vendor frames [22m

  23  app/Console/Commands/RemindUnpaidOrders.php:129
      Illuminate\Database\Eloquent\Builder::get()
      [2m+13 vendor frames [22m

  37  artisan:13
      Illuminate\Foundation\Application::handleCommand()

13.03.2026 09:40:02 — To'lanmagan buyurtmalarga eslatma yuborish boshlandi...
Eslatma yuborish uchun buyurtma topilmadi.
13.03.2026 09:50:02 — To'lanmagan buyurtmalarga eslatma yuborish boshlandi...
Eslatma yuborish uchun buyurtma topilmadi.
13.03.2026 10:00:02 — To'lanmagan buyurtmalarga eslatma yuborish boshlandi...

   Illuminate\Database\QueryException 

  SQLSTATE[HY000] [2002] Connection refused (Connection: mysql, SQL: select * from `solds` where `paymentStatus` = 1 and `status` = A and `created_at` >= 2026-03-13 09:00:02)

  at vendor/laravel/framework/src/Illuminate/Database/Connection.php:825
    821▕                     $this->getName(), $query, $this->prepareBindings($bindings), $e
    822▕                 );
    823▕             }
    824▕ 
  ➜ 825▕             throw new QueryException(
    826▕                 $this->getName(), $query, $this->prepareBindings($bindings), $e
    827▕             );
    828▕         }
    829▕     }

      [2m+22 vendor frames [22m

  23  app/Console/Commands/RemindUnpaidOrders.php:129
      Illuminate\Database\Eloquent\Builder::get()
      [2m+13 vendor frames [22m

  37  artisan:13
      Illuminate\Foundation\Application::handleCommand()

13.03.2026 10:10:03 — To'lanmagan buyurtmalarga eslatma yuborish boshlandi...
Eslatma yuborish uchun buyurtma topilmadi.
13.03.2026 10:20:02 — To'lanmagan buyurtmalarga eslatma yuborish boshlandi...
Eslatma yuborish uchun buyurtma topilmadi.
13.03.2026 10:30:02 — To'lanmagan buyurtmalarga eslatma yuborish boshlandi...

   Illuminate\Database\QueryException 

  SQLSTATE[HY000] [2002] Connection refused (Connection: mysql, SQL: select * from `solds` where `paymentStatus` = 1 and `status` = A and `created_at` >= 2026-03-13 09:30:02)

  at vendor/laravel/framework/src/Illuminate/Database/Connection.php:825
    821▕                     $this->getName(), $query, $this->prepareBindings($bindings), $e
    822▕                 );
    823▕             }
    824▕ 
  ➜ 825▕             throw new QueryException(
    826▕                 $this->getName(), $query, $this->prepareBindings($bindings), $e
    827▕             );
    828▕         }
    829▕     }

      [2m+22 vendor frames [22m

  23  app/Console/Commands/RemindUnpaidOrders.php:129
      Illuminate\Database\Eloquent\Builder::get()
      [2m+13 vendor frames [22m

  37  artisan:13
      Illuminate\Foundation\Application::handleCommand()

13.03.2026 10:40:02 — To'lanmagan buyurtmalarga eslatma yuborish boshlandi...
Eslatma yuborish uchun buyurtma topilmadi.
13.03.2026 10:50:02 — To'lanmagan buyurtmalarga eslatma yuborish boshlandi...
Eslatma yuborish uchun buyurtma topilmadi.
13.03.2026 11:00:02 — To'lanmagan buyurtmalarga eslatma yuborish boshlandi...

   Illuminate\Database\QueryException 

  SQLSTATE[HY000] [2002] Connection refused (Connection: mysql, SQL: select * from `solds` where `paymentStatus` = 1 and `status` = A and `created_at` >= 2026-03-13 10:00:02)

  at vendor/laravel/framework/src/Illuminate/Database/Connection.php:825
    821▕                     $this->getName(), $query, $this->prepareBindings($bindings), $e
    822▕                 );
    823▕             }
    824▕ 
  ➜ 825▕             throw new QueryException(
    826▕                 $this->getName(), $query, $this->prepareBindings($bindings), $e
    827▕             );
    828▕         }
    829▕     }

      [2m+22 vendor frames [22m

  23  app/Console/Commands/RemindUnpaidOrders.php:129
      Illuminate\Database\Eloquent\Builder::get()
      [2m+13 vendor frames [22m

  37  artisan:13
      Illuminate\Foundation\Application::handleCommand()

13.03.2026 11:10:03 — To'lanmagan buyurtmalarga eslatma yuborish boshlandi...
Eslatma yuborish uchun buyurtma topilmadi.
13.03.2026 11:20:02 — To'lanmagan buyurtmalarga eslatma yuborish boshlandi...
Eslatma yuborish uchun buyurtma topilmadi.
13.03.2026 11:30:02 — To'lanmagan buyurtmalarga eslatma yuborish boshlandi...

   Illuminate\Database\QueryException 

  SQLSTATE[HY000] [2002] Connection refused (Connection: mysql, SQL: select * from `solds` where `paymentStatus` = 1 and `status` = A and `created_at` >= 2026-03-13 10:30:02)

  at vendor/laravel/framework/src/Illuminate/Database/Connection.php:825
    821▕                     $this->getName(), $query, $this->prepareBindings($bindings), $e
    822▕                 );
    823▕             }
    824▕ 
  ➜ 825▕             throw new QueryException(
    826▕                 $this->getName(), $query, $this->prepareBindings($bindings), $e
    827▕             );
    828▕         }
    829▕     }

      [2m+22 vendor frames [22m

  23  app/Console/Commands/RemindUnpaidOrders.php:129
      Illuminate\Database\Eloquent\Builder::get()
      [2m+13 vendor frames [22m

  37  artisan:13
      Illuminate\Foundation\Application::handleCommand()

13.03.2026 11:40:03 — To'lanmagan buyurtmalarga eslatma yuborish boshlandi...
Eslatma yuborish uchun buyurtma topilmadi.
13.03.2026 11:50:02 — To'lanmagan buyurtmalarga eslatma yuborish boshlandi...
Eslatma yuborish uchun buyurtma topilmadi.
13.03.2026 12:00:03 — To'lanmagan buyurtmalarga eslatma yuborish boshlandi...

   Illuminate\Database\QueryException 

  SQLSTATE[HY000] [2002] Connection refused (Connection: mysql, SQL: select * from `solds` where `paymentStatus` = 1 and `status` = A and `created_at` >= 2026-03-13 11:00:03)

  at vendor/laravel/framework/src/Illuminate/Database/Connection.php:825
    821▕                     $this->getName(), $query, $this->prepareBindings($bindings), $e
    822▕                 );
    823▕             }
    824▕ 
  ➜ 825▕             throw new QueryException(
    826▕                 $this->getName(), $query, $this->prepareBindings($bindings), $e
    827▕             );
    828▕         }
    829▕     }

      [2m+22 vendor frames [22m

  23  app/Console/Commands/RemindUnpaidOrders.php:129
      Illuminate\Database\Eloquent\Builder::get()
      [2m+13 vendor frames [22m

  37  artisan:13
      Illuminate\Foundation\Application::handleCommand()

13.03.2026 12:10:02 — To'lanmagan buyurtmalarga eslatma yuborish boshlandi...
Eslatma yuborish uchun buyurtma topilmadi.
13.03.2026 12:20:02 — To'lanmagan buyurtmalarga eslatma yuborish boshlandi...
Eslatma yuborish uchun buyurtma topilmadi.
13.03.2026 12:30:02 — To'lanmagan buyurtmalarga eslatma yuborish boshlandi...

   Illuminate\Database\QueryException 

  SQLSTATE[HY000] [2002] Connection refused (Connection: mysql, SQL: select * from `solds` where `paymentStatus` = 1 and `status` = A and `created_at` >= 2026-03-13 11:30:02)

  at vendor/laravel/framework/src/Illuminate/Database/Connection.php:825
    821▕                     $this->getName(), $query, $this->prepareBindings($bindings), $e
    822▕                 );
    823▕             }
    824▕ 
  ➜ 825▕             throw new QueryException(
    826▕                 $this->getName(), $query, $this->prepareBindings($bindings), $e
    827▕             );
    828▕         }
    829▕     }

      [2m+22 vendor frames [22m

  23  app/Console/Commands/RemindUnpaidOrders.php:129
      Illuminate\Database\Eloquent\Builder::get()
      [2m+13 vendor frames [22m

  37  artisan:13
      Illuminate\Foundation\Application::handleCommand()

13.03.2026 12:40:03 — To'lanmagan buyurtmalarga eslatma yuborish boshlandi...
Eslatma yuborish uchun buyurtma topilmadi.
13.03.2026 12:50:02 — To'lanmagan buyurtmalarga eslatma yuborish boshlandi...
Eslatma yuborish uchun buyurtma topilmadi.
13.03.2026 13:00:03 — To'lanmagan buyurtmalarga eslatma yuborish boshlandi...

   Illuminate\Database\QueryException 

  SQLSTATE[HY000] [2002] Connection refused (Connection: mysql, SQL: select * from `solds` where `paymentStatus` = 1 and `status` = A and `created_at` >= 2026-03-13 12:00:03)

  at vendor/laravel/framework/src/Illuminate/Database/Connection.php:825
    821▕                     $this->getName(), $query, $this->prepareBindings($bindings), $e
    822▕                 );
    823▕             }
    824▕ 
  ➜ 825▕             throw new QueryException(
    826▕                 $this->getName(), $query, $this->prepareBindings($bindings), $e
    827▕             );
    828▕         }
    829▕     }

      [2m+22 vendor frames [22m

  23  app/Console/Commands/RemindUnpaidOrders.php:129
      Illuminate\Database\Eloquent\Builder::get()
      [2m+13 vendor frames [22m

  37  artisan:13
      Illuminate\Foundation\Application::handleCommand()

13.03.2026 13:10:02 — To'lanmagan buyurtmalarga eslatma yuborish boshlandi...
Eslatma yuborish uchun buyurtma topilmadi.
13.03.2026 13:20:02 — To'lanmagan buyurtmalarga eslatma yuborish boshlandi...
Eslatma yuborish uchun buyurtma topilmadi.
13.03.2026 13:30:02 — To'lanmagan buyurtmalarga eslatma yuborish boshlandi...

   Illuminate\Database\QueryException 

  SQLSTATE[HY000] [2002] Connection refused (Connection: mysql, SQL: select * from `solds` where `paymentStatus` = 1 and `status` = A and `created_at` >= 2026-03-13 12:30:02)

  at vendor/laravel/framework/src/Illuminate/Database/Connection.php:825
    821▕                     $this->getName(), $query, $this->prepareBindings($bindings), $e
    822▕                 );
    823▕             }
    824▕ 
  ➜ 825▕             throw new QueryException(
    826▕                 $this->getName(), $query, $this->prepareBindings($bindings), $e
    827▕             );
    828▕         }
    829▕     }

      [2m+22 vendor frames [22m

  23  app/Console/Commands/RemindUnpaidOrders.php:129
      Illuminate\Database\Eloquent\Builder::get()
      [2m+13 vendor frames [22m

  37  artisan:13
      Illuminate\Foundation\Application::handleCommand()

13.03.2026 13:40:02 — To'lanmagan buyurtmalarga eslatma yuborish boshlandi...
Eslatma yuborish uchun buyurtma topilmadi.
13.03.2026 13:50:02 — To'lanmagan buyurtmalarga eslatma yuborish boshlandi...
Eslatma yuborish uchun buyurtma topilmadi.
13.03.2026 14:00:03 — To'lanmagan buyurtmalarga eslatma yuborish boshlandi...

   Illuminate\Database\QueryException 

  SQLSTATE[HY000] [2002] Connection refused (Connection: mysql, SQL: select * from `solds` where `paymentStatus` = 1 and `status` = A and `created_at` >= 2026-03-13 13:00:03)

  at vendor/laravel/framework/src/Illuminate/Database/Connection.php:825
    821▕                     $this->getName(), $query, $this->prepareBindings($bindings), $e
    822▕                 );
    823▕             }
    824▕ 
  ➜ 825▕             throw new QueryException(
    826▕                 $this->getName(), $query, $this->prepareBindings($bindings), $e
    827▕             );
    828▕         }
    829▕     }

      [2m+22 vendor frames [22m

  23  app/Console/Commands/RemindUnpaidOrders.php:129
      Illuminate\Database\Eloquent\Builder::get()
      [2m+13 vendor frames [22m

  37  artisan:13
      Illuminate\Foundation\Application::handleCommand()

13.03.2026 14:10:02 — To'lanmagan buyurtmalarga eslatma yuborish boshlandi...
Eslatma yuborish uchun buyurtma topilmadi.
13.03.2026 14:20:02 — To'lanmagan buyurtmalarga eslatma yuborish boshlandi...
Eslatma yuborish uchun buyurtma topilmadi.
13.03.2026 14:30:02 — To'lanmagan buyurtmalarga eslatma yuborish boshlandi...

   Illuminate\Database\QueryException 

  SQLSTATE[HY000] [2002] Connection refused (Connection: mysql, SQL: select * from `solds` where `paymentStatus` = 1 and `status` = A and `created_at` >= 2026-03-13 13:30:02)

  at vendor/laravel/framework/src/Illuminate/Database/Connection.php:825
    821▕                     $this->getName(), $query, $this->prepareBindings($bindings), $e
    822▕                 );
    823▕             }
    824▕ 
  ➜ 825▕             throw new QueryException(
    826▕                 $this->getName(), $query, $this->prepareBindings($bindings), $e
    827▕             );
    828▕         }
    829▕     }

      [2m+22 vendor frames [22m

  23  app/Console/Commands/RemindUnpaidOrders.php:129
      Illuminate\Database\Eloquent\Builder::get()
      [2m+13 vendor frames [22m

  37  artisan:13
      Illuminate\Foundation\Application::handleCommand()

13.03.2026 14:40:02 — To'lanmagan buyurtmalarga eslatma yuborish boshlandi...
Eslatma yuborish uchun buyurtma topilmadi.
13.03.2026 14:50:02 — To'lanmagan buyurtmalarga eslatma yuborish boshlandi...
Eslatma yuborish uchun buyurtma topilmadi.
13.03.2026 15:00:03 — To'lanmagan buyurtmalarga eslatma yuborish boshlandi...

   Illuminate\Database\QueryException 

  SQLSTATE[HY000] [2002] Connection refused (Connection: mysql, SQL: select * from `solds` where `paymentStatus` = 1 and `status` = A and `created_at` >= 2026-03-13 14:00:03)

  at vendor/laravel/framework/src/Illuminate/Database/Connection.php:825
    821▕                     $this->getName(), $query, $this->prepareBindings($bindings), $e
    822▕                 );
    823▕             }
    824▕ 
  ➜ 825▕             throw new QueryException(
    826▕                 $this->getName(), $query, $this->prepareBindings($bindings), $e
    827▕             );
    828▕         }
    829▕     }

      [2m+22 vendor frames [22m

  23  app/Console/Commands/RemindUnpaidOrders.php:129
      Illuminate\Database\Eloquent\Builder::get()
      [2m+13 vendor frames [22m

  37  artisan:13
      Illuminate\Foundation\Application::handleCommand()

13.03.2026 15:10:02 — To'lanmagan buyurtmalarga eslatma yuborish boshlandi...
Eslatma yuborish uchun buyurtma topilmadi.
13.03.2026 15:20:03 — To'lanmagan buyurtmalarga eslatma yuborish boshlandi...
Eslatma yuborish uchun buyurtma topilmadi.
13.03.2026 15:30:03 — To'lanmagan buyurtmalarga eslatma yuborish boshlandi...

   Illuminate\Database\QueryException 

  SQLSTATE[HY000] [2002] Connection refused (Connection: mysql, SQL: select * from `solds` where `paymentStatus` = 1 and `status` = A and `created_at` >= 2026-03-13 14:30:03)

  at vendor/laravel/framework/src/Illuminate/Database/Connection.php:825
    821▕                     $this->getName(), $query, $this->prepareBindings($bindings), $e
    822▕                 );
    823▕             }
    824▕ 
  ➜ 825▕             throw new QueryException(
    826▕                 $this->getName(), $query, $this->prepareBindings($bindings), $e
    827▕             );
    828▕         }
    829▕     }

      [2m+22 vendor frames [22m

  23  app/Console/Commands/RemindUnpaidOrders.php:129
      Illuminate\Database\Eloquent\Builder::get()
      [2m+13 vendor frames [22m

  37  artisan:13
      Illuminate\Foundation\Application::handleCommand()

13.03.2026 15:40:02 — To'lanmagan buyurtmalarga eslatma yuborish boshlandi...
Eslatma yuborish uchun buyurtma topilmadi.
13.03.2026 15:50:03 — To'lanmagan buyurtmalarga eslatma yuborish boshlandi...
Eslatma yuborish uchun buyurtma topilmadi.
13.03.2026 16:00:03 — To'lanmagan buyurtmalarga eslatma yuborish boshlandi...

   Illuminate\Database\QueryException 

  SQLSTATE[HY000] [2002] Connection refused (Connection: mysql, SQL: select * from `solds` where `paymentStatus` = 1 and `status` = A and `created_at` >= 2026-03-13 15:00:03)

  at vendor/laravel/framework/src/Illuminate/Database/Connection.php:825
    821▕                     $this->getName(), $query, $this->prepareBindings($bindings), $e
    822▕                 );
    823▕             }
    824▕ 
  ➜ 825▕             throw new QueryException(
    826▕                 $this->getName(), $query, $this->prepareBindings($bindings), $e
    827▕             );
    828▕         }
    829▕     }

      [2m+22 vendor frames [22m

  23  app/Console/Commands/RemindUnpaidOrders.php:129
      Illuminate\Database\Eloquent\Builder::get()
      [2m+13 vendor frames [22m

  37  artisan:13
      Illuminate\Foundation\Application::handleCommand()

13.03.2026 16:10:03 — To'lanmagan buyurtmalarga eslatma yuborish boshlandi...
Eslatma yuborish uchun buyurtma topilmadi.
13.03.2026 16:20:02 — To'lanmagan buyurtmalarga eslatma yuborish boshlandi...
Eslatma yuborish uchun buyurtma topilmadi.
13.03.2026 16:30:03 — To'lanmagan buyurtmalarga eslatma yuborish boshlandi...

   Illuminate\Database\QueryException 

  SQLSTATE[HY000] [2002] Connection refused (Connection: mysql, SQL: select * from `solds` where `paymentStatus` = 1 and `status` = A and `created_at` >= 2026-03-13 15:30:03)

  at vendor/laravel/framework/src/Illuminate/Database/Connection.php:825
    821▕                     $this->getName(), $query, $this->prepareBindings($bindings), $e
    822▕                 );
    823▕             }
    824▕ 
  ➜ 825▕             throw new QueryException(
    826▕                 $this->getName(), $query, $this->prepareBindings($bindings), $e
    827▕             );
    828▕         }
    829▕     }

      [2m+22 vendor frames [22m

  23  app/Console/Commands/RemindUnpaidOrders.php:129
      Illuminate\Database\Eloquent\Builder::get()
      [2m+13 vendor frames [22m

  37  artisan:13
      Illuminate\Foundation\Application::handleCommand()

13.03.2026 16:40:02 — To'lanmagan buyurtmalarga eslatma yuborish boshlandi...
Eslatma yuborish uchun buyurtma topilmadi.
13.03.2026 16:50:02 — To'lanmagan buyurtmalarga eslatma yuborish boshlandi...
Eslatma yuborish uchun buyurtma topilmadi.
13.03.2026 17:00:03 — To'lanmagan buyurtmalarga eslatma yuborish boshlandi...

   Illuminate\Database\QueryException 

  SQLSTATE[HY000] [2002] Connection refused (Connection: mysql, SQL: select * from `solds` where `paymentStatus` = 1 and `status` = A and `created_at` >= 2026-03-13 16:00:03)

  at vendor/laravel/framework/src/Illuminate/Database/Connection.php:825
    821▕                     $this->getName(), $query, $this->prepareBindings($bindings), $e
    822▕                 );
    823▕             }
    824▕ 
  ➜ 825▕             throw new QueryException(
    826▕                 $this->getName(), $query, $this->prepareBindings($bindings), $e
    827▕             );
    828▕         }
    829▕     }

      [2m+22 vendor frames [22m

  23  app/Console/Commands/RemindUnpaidOrders.php:129
      Illuminate\Database\Eloquent\Builder::get()
      [2m+13 vendor frames [22m

  37  artisan:13
      Illuminate\Foundation\Application::handleCommand()

13.03.2026 17:10:02 — To'lanmagan buyurtmalarga eslatma yuborish boshlandi...
Eslatma yuborish uchun buyurtma topilmadi.
13.03.2026 17:20:03 — To'lanmagan buyurtmalarga eslatma yuborish boshlandi...
Eslatma yuborish uchun buyurtma topilmadi.
13.03.2026 17:30:03 — To'lanmagan buyurtmalarga eslatma yuborish boshlandi...

   Illuminate\Database\QueryException 

  SQLSTATE[HY000] [2002] Connection refused (Connection: mysql, SQL: select * from `solds` where `paymentStatus` = 1 and `status` = A and `created_at` >= 2026-03-13 16:30:03)

  at vendor/laravel/framework/src/Illuminate/Database/Connection.php:825
    821▕                     $this->getName(), $query, $this->prepareBindings($bindings), $e
    822▕                 );
    823▕             }
    824▕ 
  ➜ 825▕             throw new QueryException(
    826▕                 $this->getName(), $query, $this->prepareBindings($bindings), $e
    827▕             );
    828▕         }
    829▕     }

      [2m+22 vendor frames [22m

  23  app/Console/Commands/RemindUnpaidOrders.php:129
      Illuminate\Database\Eloquent\Builder::get()
      [2m+13 vendor frames [22m

  37  artisan:13
      Illuminate\Foundation\Application::handleCommand()

13.03.2026 17:40:02 — To'lanmagan buyurtmalarga eslatma yuborish boshlandi...
Eslatma yuborish uchun buyurtma topilmadi.
13.03.2026 17:50:02 — To'lanmagan buyurtmalarga eslatma yuborish boshlandi...
Eslatma yuborish uchun buyurtma topilmadi.
13.03.2026 18:00:02 — To'lanmagan buyurtmalarga eslatma yuborish boshlandi...

   Illuminate\Database\QueryException 

  SQLSTATE[HY000] [2002] Connection refused (Connection: mysql, SQL: select * from `solds` where `paymentStatus` = 1 and `status` = A and `created_at` >= 2026-03-13 17:00:02)

  at vendor/laravel/framework/src/Illuminate/Database/Connection.php:825
    821▕                     $this->getName(), $query, $this->prepareBindings($bindings), $e
    822▕                 );
    823▕             }
    824▕ 
  ➜ 825▕             throw new QueryException(
    826▕                 $this->getName(), $query, $this->prepareBindings($bindings), $e
    827▕             );
    828▕         }
    829▕     }

      [2m+22 vendor frames [22m

  23  app/Console/Commands/RemindUnpaidOrders.php:129
      Illuminate\Database\Eloquent\Builder::get()
      [2m+13 vendor frames [22m

  37  artisan:13
      Illuminate\Foundation\Application::handleCommand()

13.03.2026 18:10:03 — To'lanmagan buyurtmalarga eslatma yuborish boshlandi...
Eslatma yuborish uchun buyurtma topilmadi.
13.03.2026 18:20:02 — To'lanmagan buyurtmalarga eslatma yuborish boshlandi...
Eslatma yuborish uchun buyurtma topilmadi.
13.03.2026 18:30:03 — To'lanmagan buyurtmalarga eslatma yuborish boshlandi...

   Illuminate\Database\QueryException 

  SQLSTATE[HY000] [2002] Connection refused (Connection: mysql, SQL: select * from `solds` where `paymentStatus` = 1 and `status` = A and `created_at` >= 2026-03-13 17:30:03)

  at vendor/laravel/framework/src/Illuminate/Database/Connection.php:825
    821▕                     $this->getName(), $query, $this->prepareBindings($bindings), $e
    822▕                 );
    823▕             }
    824▕ 
  ➜ 825▕             throw new QueryException(
    826▕                 $this->getName(), $query, $this->prepareBindings($bindings), $e
    827▕             );
    828▕         }
    829▕     }

      [2m+22 vendor frames [22m

  23  app/Console/Commands/RemindUnpaidOrders.php:129
      Illuminate\Database\Eloquent\Builder::get()
      [2m+13 vendor frames [22m

  37  artisan:13
      Illuminate\Foundation\Application::handleCommand()

13.03.2026 18:40:02 — To'lanmagan buyurtmalarga eslatma yuborish boshlandi...
Eslatma yuborish uchun buyurtma topilmadi.
13.03.2026 18:50:02 — To'lanmagan buyurtmalarga eslatma yuborish boshlandi...
Eslatma yuborish uchun buyurtma topilmadi.
13.03.2026 19:00:02 — To'lanmagan buyurtmalarga eslatma yuborish boshlandi...

   Illuminate\Database\QueryException 

  SQLSTATE[HY000] [2002] Connection refused (Connection: mysql, SQL: select * from `solds` where `paymentStatus` = 1 and `status` = A and `created_at` >= 2026-03-13 18:00:02)

  at vendor/laravel/framework/src/Illuminate/Database/Connection.php:825
    821▕                     $this->getName(), $query, $this->prepareBindings($bindings), $e
    822▕                 );
    823▕             }
    824▕ 
  ➜ 825▕             throw new QueryException(
    826▕                 $this->getName(), $query, $this->prepareBindings($bindings), $e
    827▕             );
    828▕         }
    829▕     }

      [2m+22 vendor frames [22m

  23  app/Console/Commands/RemindUnpaidOrders.php:129
      Illuminate\Database\Eloquent\Builder::get()
      [2m+13 vendor frames [22m

  37  artisan:13
      Illuminate\Foundation\Application::handleCommand()

13.03.2026 19:10:02 — To'lanmagan buyurtmalarga eslatma yuborish boshlandi...
Eslatma yuborish uchun buyurtma topilmadi.
13.03.2026 19:20:02 — To'lanmagan buyurtmalarga eslatma yuborish boshlandi...
Eslatma yuborish uchun buyurtma topilmadi.
13.03.2026 19:30:03 — To'lanmagan buyurtmalarga eslatma yuborish boshlandi...

   Illuminate\Database\QueryException 

  SQLSTATE[HY000] [2002] Connection refused (Connection: mysql, SQL: select * from `solds` where `paymentStatus` = 1 and `status` = A and `created_at` >= 2026-03-13 18:30:03)

  at vendor/laravel/framework/src/Illuminate/Database/Connection.php:825
    821▕                     $this->getName(), $query, $this->prepareBindings($bindings), $e
    822▕                 );
    823▕             }
    824▕ 
  ➜ 825▕             throw new QueryException(
    826▕                 $this->getName(), $query, $this->prepareBindings($bindings), $e
    827▕             );
    828▕         }
    829▕     }

      [2m+22 vendor frames [22m

  23  app/Console/Commands/RemindUnpaidOrders.php:129
      Illuminate\Database\Eloquent\Builder::get()
      [2m+13 vendor frames [22m

  37  artisan:13
      Illuminate\Foundation\Application::handleCommand()

13.03.2026 19:40:02 — To'lanmagan buyurtmalarga eslatma yuborish boshlandi...
Eslatma yuborish uchun buyurtma topilmadi.
13.03.2026 19:50:02 — To'lanmagan buyurtmalarga eslatma yuborish boshlandi...
Eslatma yuborish uchun buyurtma topilmadi.
13.03.2026 20:00:02 — To'lanmagan buyurtmalarga eslatma yuborish boshlandi...

   Illuminate\Database\QueryException 

  SQLSTATE[HY000] [2002] Connection refused (Connection: mysql, SQL: select * from `solds` where `paymentStatus` = 1 and `status` = A and `created_at` >= 2026-03-13 19:00:02)

  at vendor/laravel/framework/src/Illuminate/Database/Connection.php:825
    821▕                     $this->getName(), $query, $this->prepareBindings($bindings), $e
    822▕                 );
    823▕             }
    824▕ 
  ➜ 825▕             throw new QueryException(
    826▕                 $this->getName(), $query, $this->prepareBindings($bindings), $e
    827▕             );
    828▕         }
    829▕     }

      [2m+22 vendor frames [22m

  23  app/Console/Commands/RemindUnpaidOrders.php:129
      Illuminate\Database\Eloquent\Builder::get()
      [2m+13 vendor frames [22m

  37  artisan:13
      Illuminate\Foundation\Application::handleCommand()

13.03.2026 20:10:02 — To'lanmagan buyurtmalarga eslatma yuborish boshlandi...
Eslatma yuborish uchun buyurtma topilmadi.
13.03.2026 20:20:02 — To'lanmagan buyurtmalarga eslatma yuborish boshlandi...
Eslatma yuborish uchun buyurtma topilmadi.
13.03.2026 20:30:02 — To'lanmagan buyurtmalarga eslatma yuborish boshlandi...

   Illuminate\Database\QueryException 

  SQLSTATE[HY000] [2002] Connection refused (Connection: mysql, SQL: select * from `solds` where `paymentStatus` = 1 and `status` = A and `created_at` >= 2026-03-13 19:30:02)

  at vendor/laravel/framework/src/Illuminate/Database/Connection.php:825
    821▕                     $this->getName(), $query, $this->prepareBindings($bindings), $e
    822▕                 );
    823▕             }
    824▕ 
  ➜ 825▕             throw new QueryException(
    826▕                 $this->getName(), $query, $this->prepareBindings($bindings), $e
    827▕             );
    828▕         }
    829▕     }

      [2m+22 vendor frames [22m

  23  app/Console/Commands/RemindUnpaidOrders.php:129
      Illuminate\Database\Eloquent\Builder::get()
      [2m+13 vendor frames [22m

  37  artisan:13
      Illuminate\Foundation\Application::handleCommand()

13.03.2026 20:40:02 — To'lanmagan buyurtmalarga eslatma yuborish boshlandi...
Eslatma yuborish uchun buyurtma topilmadi.
13.03.2026 20:50:03 — To'lanmagan buyurtmalarga eslatma yuborish boshlandi...
Eslatma yuborish uchun buyurtma topilmadi.
13.03.2026 21:00:02 — To'lanmagan buyurtmalarga eslatma yuborish boshlandi...

   Illuminate\Database\QueryException 

  SQLSTATE[HY000] [2002] Connection refused (Connection: mysql, SQL: select * from `solds` where `paymentStatus` = 1 and `status` = A and `created_at` >= 2026-03-13 20:00:02)

  at vendor/laravel/framework/src/Illuminate/Database/Connection.php:825
    821▕                     $this->getName(), $query, $this->prepareBindings($bindings), $e
    822▕                 );
    823▕             }
    824▕ 
  ➜ 825▕             throw new QueryException(
    826▕                 $this->getName(), $query, $this->prepareBindings($bindings), $e
    827▕             );
    828▕         }
    829▕     }

      [2m+22 vendor frames [22m

  23  app/Console/Commands/RemindUnpaidOrders.php:129
      Illuminate\Database\Eloquent\Builder::get()
      [2m+13 vendor frames [22m

  37  artisan:13
      Illuminate\Foundation\Application::handleCommand()

13.03.2026 21:10:02 — To'lanmagan buyurtmalarga eslatma yuborish boshlandi...
Eslatma yuborish uchun buyurtma topilmadi.
13.03.2026 21:20:03 — To'lanmagan buyurtmalarga eslatma yuborish boshlandi...
Eslatma yuborish uchun buyurtma topilmadi.
13.03.2026 21:30:02 — To'lanmagan buyurtmalarga eslatma yuborish boshlandi...

   Illuminate\Database\QueryException 

  SQLSTATE[HY000] [2002] Connection refused (Connection: mysql, SQL: select * from `solds` where `paymentStatus` = 1 and `status` = A and `created_at` >= 2026-03-13 20:30:02)

  at vendor/laravel/framework/src/Illuminate/Database/Connection.php:825
    821▕                     $this->getName(), $query, $this->prepareBindings($bindings), $e
    822▕                 );
    823▕             }
    824▕ 
  ➜ 825▕             throw new QueryException(
    826▕                 $this->getName(), $query, $this->prepareBindings($bindings), $e
    827▕             );
    828▕         }
    829▕     }

      [2m+22 vendor frames [22m

  23  app/Console/Commands/RemindUnpaidOrders.php:129
      Illuminate\Database\Eloquent\Builder::get()
      [2m+13 vendor frames [22m

  37  artisan:13
      Illuminate\Foundation\Application::handleCommand()

13.03.2026 21:40:02 — To'lanmagan buyurtmalarga eslatma yuborish boshlandi...
Eslatma yuborish uchun buyurtma topilmadi.
13.03.2026 21:50:02 — To'lanmagan buyurtmalarga eslatma yuborish boshlandi...
Eslatma yuborish uchun buyurtma topilmadi.
13.03.2026 22:00:03 — To'lanmagan buyurtmalarga eslatma yuborish boshlandi...

   Illuminate\Database\QueryException 

  SQLSTATE[HY000] [2002] Connection refused (Connection: mysql, SQL: select * from `solds` where `paymentStatus` = 1 and `status` = A and `created_at` >= 2026-03-13 21:00:03)

  at vendor/laravel/framework/src/Illuminate/Database/Connection.php:825
    821▕                     $this->getName(), $query, $this->prepareBindings($bindings), $e
    822▕                 );
    823▕             }
    824▕ 
  ➜ 825▕             throw new QueryException(
    826▕                 $this->getName(), $query, $this->prepareBindings($bindings), $e
    827▕             );
    828▕         }
    829▕     }

      [2m+22 vendor frames [22m

  23  app/Console/Commands/RemindUnpaidOrders.php:129
      Illuminate\Database\Eloquent\Builder::get()
      [2m+13 vendor frames [22m

  37  artisan:13
      Illuminate\Foundation\Application::handleCommand()

13.03.2026 22:10:02 — To'lanmagan buyurtmalarga eslatma yuborish boshlandi...
Eslatma yuborish uchun buyurtma topilmadi.
13.03.2026 22:20:02 — To'lanmagan buyurtmalarga eslatma yuborish boshlandi...
Eslatma yuborish uchun buyurtma topilmadi.
13.03.2026 22:30:02 — To'lanmagan buyurtmalarga eslatma yuborish boshlandi...

   Illuminate\Database\QueryException 

  SQLSTATE[HY000] [2002] Connection refused (Connection: mysql, SQL: select * from `solds` where `paymentStatus` = 1 and `status` = A and `created_at` >= 2026-03-13 21:30:02)

  at vendor/laravel/framework/src/Illuminate/Database/Connection.php:825
    821▕                     $this->getName(), $query, $this->prepareBindings($bindings), $e
    822▕                 );
    823▕             }
    824▕ 
  ➜ 825▕             throw new QueryException(
    826▕                 $this->getName(), $query, $this->prepareBindings($bindings), $e
    827▕             );
    828▕         }
    829▕     }

      [2m+22 vendor frames [22m

  23  app/Console/Commands/RemindUnpaidOrders.php:129
      Illuminate\Database\Eloquent\Builder::get()
      [2m+13 vendor frames [22m

  37  artisan:13
      Illuminate\Foundation\Application::handleCommand()

13.03.2026 22:40:02 — To'lanmagan buyurtmalarga eslatma yuborish boshlandi...
Eslatma yuborish uchun buyurtma topilmadi.
13.03.2026 22:50:02 — To'lanmagan buyurtmalarga eslatma yuborish boshlandi...
Eslatma yuborish uchun buyurtma topilmadi.
13.03.2026 23:00:02 — To'lanmagan buyurtmalarga eslatma yuborish boshlandi...

   Illuminate\Database\QueryException 

  SQLSTATE[HY000] [2002] Connection refused (Connection: mysql, SQL: select * from `solds` where `paymentStatus` = 1 and `status` = A and `created_at` >= 2026-03-13 22:00:02)

  at vendor/laravel/framework/src/Illuminate/Database/Connection.php:825
    821▕                     $this->getName(), $query, $this->prepareBindings($bindings), $e
    822▕                 );
    823▕             }
    824▕ 
  ➜ 825▕             throw new QueryException(
    826▕                 $this->getName(), $query, $this->prepareBindings($bindings), $e
    827▕             );
    828▕         }
    829▕     }

      [2m+22 vendor frames [22m

  23  app/Console/Commands/RemindUnpaidOrders.php:129
      Illuminate\Database\Eloquent\Builder::get()
      [2m+13 vendor frames [22m

  37  artisan:13
      Illuminate\Foundation\Application::handleCommand()

13.03.2026 23:10:03 — To'lanmagan buyurtmalarga eslatma yuborish boshlandi...
Eslatma yuborish uchun buyurtma topilmadi.
13.03.2026 23:20:02 — To'lanmagan buyurtmalarga eslatma yuborish boshlandi...
Eslatma yuborish uchun buyurtma topilmadi.
13.03.2026 23:30:02 — To'lanmagan buyurtmalarga eslatma yuborish boshlandi...
Eslatma yuborish uchun buyurtma topilmadi.
13.03.2026 23:40:02 — To'lanmagan buyurtmalarga eslatma yuborish boshlandi...
Eslatma yuborish uchun buyurtma topilmadi.
13.03.2026 23:50:03 — To'lanmagan buyurtmalarga eslatma yuborish boshlandi...
Eslatma yuborish uchun buyurtma topilmadi.
14.03.2026 00:00:03 — To'lanmagan buyurtmalarga eslatma yuborish boshlandi...

   Illuminate\Database\QueryException 

  SQLSTATE[HY000] [2002] Connection refused (Connection: mysql, SQL: select * from `solds` where `paymentStatus` = 1 and `status` = A and `created_at` >= 2026-03-13 23:00:03)

  at vendor/laravel/framework/src/Illuminate/Database/Connection.php:825
    821▕                     $this->getName(), $query, $this->prepareBindings($bindings), $e
    822▕                 );
    823▕             }
    824▕ 
  ➜ 825▕             throw new QueryException(
    826▕                 $this->getName(), $query, $this->prepareBindings($bindings), $e
    827▕             );
    828▕         }
    829▕     }

      [2m+22 vendor frames [22m

  23  app/Console/Commands/RemindUnpaidOrders.php:129
      Illuminate\Database\Eloquent\Builder::get()
      [2m+13 vendor frames [22m

  37  artisan:13
      Illuminate\Foundation\Application::handleCommand()

14.03.2026 00:10:03 — To'lanmagan buyurtmalarga eslatma yuborish boshlandi...
Eslatma yuborish uchun buyurtma topilmadi.
14.03.2026 00:20:03 — To'lanmagan buyurtmalarga eslatma yuborish boshlandi...
Eslatma yuborish uchun buyurtma topilmadi.
14.03.2026 00:30:03 — To'lanmagan buyurtmalarga eslatma yuborish boshlandi...

   Illuminate\Database\QueryException 

  SQLSTATE[HY000] [2002] Connection refused (Connection: mysql, SQL: select * from `solds` where `paymentStatus` = 1 and `status` = A and `created_at` >= 2026-03-13 23:30:03)

  at vendor/laravel/framework/src/Illuminate/Database/Connection.php:825
    821▕                     $this->getName(), $query, $this->prepareBindings($bindings), $e
    822▕                 );
    823▕             }
    824▕ 
  ➜ 825▕             throw new QueryException(
    826▕                 $this->getName(), $query, $this->prepareBindings($bindings), $e
    827▕             );
    828▕         }
    829▕     }

      [2m+22 vendor frames [22m

  23  app/Console/Commands/RemindUnpaidOrders.php:129
      Illuminate\Database\Eloquent\Builder::get()
      [2m+13 vendor frames [22m

  37  artisan:13
      Illuminate\Foundation\Application::handleCommand()

14.03.2026 00:40:02 — To'lanmagan buyurtmalarga eslatma yuborish boshlandi...
Eslatma yuborish uchun buyurtma topilmadi.
14.03.2026 00:50:02 — To'lanmagan buyurtmalarga eslatma yuborish boshlandi...
Eslatma yuborish uchun buyurtma topilmadi.
14.03.2026 01:00:03 — To'lanmagan buyurtmalarga eslatma yuborish boshlandi...

   Illuminate\Database\QueryException 

  SQLSTATE[HY000] [2002] Connection refused (Connection: mysql, SQL: select * from `solds` where `paymentStatus` = 1 and `status` = A and `created_at` >= 2026-03-14 00:00:03)

  at vendor/laravel/framework/src/Illuminate/Database/Connection.php:825
    821▕                     $this->getName(), $query, $this->prepareBindings($bindings), $e
    822▕                 );
    823▕             }
    824▕ 
  ➜ 825▕             throw new QueryException(
    826▕                 $this->getName(), $query, $this->prepareBindings($bindings), $e
    827▕             );
    828▕         }
    829▕     }

      [2m+22 vendor frames [22m

  23  app/Console/Commands/RemindUnpaidOrders.php:129
      Illuminate\Database\Eloquent\Builder::get()
      [2m+13 vendor frames [22m

  37  artisan:13
      Illuminate\Foundation\Application::handleCommand()

14.03.2026 01:10:03 — To'lanmagan buyurtmalarga eslatma yuborish boshlandi...
Eslatma yuborish uchun buyurtma topilmadi.
14.03.2026 01:20:02 — To'lanmagan buyurtmalarga eslatma yuborish boshlandi...
Eslatma yuborish uchun buyurtma topilmadi.
14.03.2026 01:30:03 — To'lanmagan buyurtmalarga eslatma yuborish boshlandi...

   Illuminate\Database\QueryException 

  SQLSTATE[HY000] [2002] Connection refused (Connection: mysql, SQL: select * from `solds` where `paymentStatus` = 1 and `status` = A and `created_at` >= 2026-03-14 00:30:03)

  at vendor/laravel/framework/src/Illuminate/Database/Connection.php:825
    821▕                     $this->getName(), $query, $this->prepareBindings($bindings), $e
    822▕                 );
    823▕             }
    824▕ 
  ➜ 825▕             throw new QueryException(
    826▕                 $this->getName(), $query, $this->prepareBindings($bindings), $e
    827▕             );
    828▕         }
    829▕     }

      [2m+22 vendor frames [22m

  23  app/Console/Commands/RemindUnpaidOrders.php:129
      Illuminate\Database\Eloquent\Builder::get()
      [2m+13 vendor frames [22m

  37  artisan:13
      Illuminate\Foundation\Application::handleCommand()

14.03.2026 01:40:03 — To'lanmagan buyurtmalarga eslatma yuborish boshlandi...
Eslatma yuborish uchun buyurtma topilmadi.
14.03.2026 01:50:02 — To'lanmagan buyurtmalarga eslatma yuborish boshlandi...
Eslatma yuborish uchun buyurtma topilmadi.
14.03.2026 02:00:03 — To'lanmagan buyurtmalarga eslatma yuborish boshlandi...
Eslatma yuborish uchun buyurtma topilmadi.
14.03.2026 02:10:02 — To'lanmagan buyurtmalarga eslatma yuborish boshlandi...
Eslatma yuborish uchun buyurtma topilmadi.
14.03.2026 02:20:02 — To'lanmagan buyurtmalarga eslatma yuborish boshlandi...
Eslatma yuborish uchun buyurtma topilmadi.
14.03.2026 02:30:02 — To'lanmagan buyurtmalarga eslatma yuborish boshlandi...

   Illuminate\Database\QueryException 

  SQLSTATE[HY000] [2002] Connection refused (Connection: mysql, SQL: select * from `solds` where `paymentStatus` = 1 and `status` = A and `created_at` >= 2026-03-14 01:30:02)

  at vendor/laravel/framework/src/Illuminate/Database/Connection.php:825
    821▕                     $this->getName(), $query, $this->prepareBindings($bindings), $e
    822▕                 );
    823▕             }
    824▕ 
  ➜ 825▕             throw new QueryException(
    826▕                 $this->getName(), $query, $this->prepareBindings($bindings), $e
    827▕             );
    828▕         }
    829▕     }

      [2m+22 vendor frames [22m

  23  app/Console/Commands/RemindUnpaidOrders.php:129
      Illuminate\Database\Eloquent\Builder::get()
      [2m+13 vendor frames [22m

  37  artisan:13
      Illuminate\Foundation\Application::handleCommand()

14.03.2026 02:40:02 — To'lanmagan buyurtmalarga eslatma yuborish boshlandi...
Eslatma yuborish uchun buyurtma topilmadi.
14.03.2026 02:50:02 — To'lanmagan buyurtmalarga eslatma yuborish boshlandi...
Eslatma yuborish uchun buyurtma topilmadi.
14.03.2026 03:00:02 — To'lanmagan buyurtmalarga eslatma yuborish boshlandi...

   Illuminate\Database\QueryException 

  SQLSTATE[HY000] [2002] Connection refused (Connection: mysql, SQL: select * from `solds` where `paymentStatus` = 1 and `status` = A and `created_at` >= 2026-03-14 02:00:02)

  at vendor/laravel/framework/src/Illuminate/Database/Connection.php:825
    821▕                     $this->getName(), $query, $this->prepareBindings($bindings), $e
    822▕                 );
    823▕             }
    824▕ 
  ➜ 825▕             throw new QueryException(
    826▕                 $this->getName(), $query, $this->prepareBindings($bindings), $e
    827▕             );
    828▕         }
    829▕     }

      [2m+22 vendor frames [22m

  23  app/Console/Commands/RemindUnpaidOrders.php:129
      Illuminate\Database\Eloquent\Builder::get()
      [2m+13 vendor frames [22m

  37  artisan:13
      Illuminate\Foundation\Application::handleCommand()

14.03.2026 03:10:02 — To'lanmagan buyurtmalarga eslatma yuborish boshlandi...
Eslatma yuborish uchun buyurtma topilmadi.
14.03.2026 03:20:03 — To'lanmagan buyurtmalarga eslatma yuborish boshlandi...
Eslatma yuborish uchun buyurtma topilmadi.
14.03.2026 03:30:02 — To'lanmagan buyurtmalarga eslatma yuborish boshlandi...

   Illuminate\Database\QueryException 

  SQLSTATE[HY000] [2002] Connection refused (Connection: mysql, SQL: select * from `solds` where `paymentStatus` = 1 and `status` = A and `created_at` >= 2026-03-14 02:30:02)

  at vendor/laravel/framework/src/Illuminate/Database/Connection.php:825
    821▕                     $this->getName(), $query, $this->prepareBindings($bindings), $e
    822▕                 );
    823▕             }
    824▕ 
  ➜ 825▕             throw new QueryException(
    826▕                 $this->getName(), $query, $this->prepareBindings($bindings), $e
    827▕             );
    828▕         }
    829▕     }

      [2m+22 vendor frames [22m

  23  app/Console/Commands/RemindUnpaidOrders.php:129
      Illuminate\Database\Eloquent\Builder::get()
      [2m+13 vendor frames [22m

  37  artisan:13
      Illuminate\Foundation\Application::handleCommand()

14.03.2026 03:40:03 — To'lanmagan buyurtmalarga eslatma yuborish boshlandi...
Eslatma yuborish uchun buyurtma topilmadi.
14.03.2026 03:50:02 — To'lanmagan buyurtmalarga eslatma yuborish boshlandi...
Eslatma yuborish uchun buyurtma topilmadi.
14.03.2026 04:00:03 — To'lanmagan buyurtmalarga eslatma yuborish boshlandi...

   Illuminate\Database\QueryException 

  SQLSTATE[HY000] [2002] Connection refused (Connection: mysql, SQL: select * from `solds` where `paymentStatus` = 1 and `status` = A and `created_at` >= 2026-03-14 03:00:03)

  at vendor/laravel/framework/src/Illuminate/Database/Connection.php:825
    821▕                     $this->getName(), $query, $this->prepareBindings($bindings), $e
    822▕                 );
    823▕             }
    824▕ 
  ➜ 825▕             throw new QueryException(
    826▕                 $this->getName(), $query, $this->prepareBindings($bindings), $e
    827▕             );
    828▕         }
    829▕     }

      [2m+22 vendor frames [22m

  23  app/Console/Commands/RemindUnpaidOrders.php:129
      Illuminate\Database\Eloquent\Builder::get()
      [2m+13 vendor frames [22m

  37  artisan:13
      Illuminate\Foundation\Application::handleCommand()

14.03.2026 04:10:02 — To'lanmagan buyurtmalarga eslatma yuborish boshlandi...
Eslatma yuborish uchun buyurtma topilmadi.
14.03.2026 04:20:02 — To'lanmagan buyurtmalarga eslatma yuborish boshlandi...
Eslatma yuborish uchun buyurtma topilmadi.
14.03.2026 04:30:03 — To'lanmagan buyurtmalarga eslatma yuborish boshlandi...

   Illuminate\Database\QueryException 

  SQLSTATE[HY000] [2002] Connection refused (Connection: mysql, SQL: select * from `solds` where `paymentStatus` = 1 and `status` = A and `created_at` >= 2026-03-14 03:30:03)

  at vendor/laravel/framework/src/Illuminate/Database/Connection.php:825
    821▕                     $this->getName(), $query, $this->prepareBindings($bindings), $e
    822▕                 );
    823▕             }
    824▕ 
  ➜ 825▕             throw new QueryException(
    826▕                 $this->getName(), $query, $this->prepareBindings($bindings), $e
    827▕             );
    828▕         }
    829▕     }

      [2m+22 vendor frames [22m

  23  app/Console/Commands/RemindUnpaidOrders.php:129
      Illuminate\Database\Eloquent\Builder::get()
      [2m+13 vendor frames [22m

  37  artisan:13
      Illuminate\Foundation\Application::handleCommand()

14.03.2026 04:40:02 — To'lanmagan buyurtmalarga eslatma yuborish boshlandi...
Eslatma yuborish uchun buyurtma topilmadi.
14.03.2026 04:50:02 — To'lanmagan buyurtmalarga eslatma yuborish boshlandi...
Eslatma yuborish uchun buyurtma topilmadi.
14.03.2026 05:00:02 — To'lanmagan buyurtmalarga eslatma yuborish boshlandi...

   Illuminate\Database\QueryException 

  SQLSTATE[HY000] [2002] Connection refused (Connection: mysql, SQL: select * from `solds` where `paymentStatus` = 1 and `status` = A and `created_at` >= 2026-03-14 04:00:02)

  at vendor/laravel/framework/src/Illuminate/Database/Connection.php:825
    821▕                     $this->getName(), $query, $this->prepareBindings($bindings), $e
    822▕                 );
    823▕             }
    824▕ 
  ➜ 825▕             throw new QueryException(
    826▕                 $this->getName(), $query, $this->prepareBindings($bindings), $e
    827▕             );
    828▕         }
    829▕     }

      [2m+22 vendor frames [22m

  23  app/Console/Commands/RemindUnpaidOrders.php:129
      Illuminate\Database\Eloquent\Builder::get()
      [2m+13 vendor frames [22m

  37  artisan:13
      Illuminate\Foundation\Application::handleCommand()

14.03.2026 05:10:03 — To'lanmagan buyurtmalarga eslatma yuborish boshlandi...
Eslatma yuborish uchun buyurtma topilmadi.
14.03.2026 05:20:03 — To'lanmagan buyurtmalarga eslatma yuborish boshlandi...
Eslatma yuborish uchun buyurtma topilmadi.
14.03.2026 05:30:03 — To'lanmagan buyurtmalarga eslatma yuborish boshlandi...

   Illuminate\Database\QueryException 

  SQLSTATE[HY000] [2002] Connection refused (Connection: mysql, SQL: select * from `solds` where `paymentStatus` = 1 and `status` = A and `created_at` >= 2026-03-14 04:30:03)

  at vendor/laravel/framework/src/Illuminate/Database/Connection.php:825
    821▕                     $this->getName(), $query, $this->prepareBindings($bindings), $e
    822▕                 );
    823▕             }
    824▕ 
  ➜ 825▕             throw new QueryException(
    826▕                 $this->getName(), $query, $this->prepareBindings($bindings), $e
    827▕             );
    828▕         }
    829▕     }

      [2m+22 vendor frames [22m

  23  app/Console/Commands/RemindUnpaidOrders.php:129
      Illuminate\Database\Eloquent\Builder::get()
      [2m+13 vendor frames [22m

  37  artisan:13
      Illuminate\Foundation\Application::handleCommand()

14.03.2026 05:40:02 — To'lanmagan buyurtmalarga eslatma yuborish boshlandi...
Eslatma yuborish uchun buyurtma topilmadi.
14.03.2026 05:50:02 — To'lanmagan buyurtmalarga eslatma yuborish boshlandi...
Eslatma yuborish uchun buyurtma topilmadi.
14.03.2026 06:00:03 — To'lanmagan buyurtmalarga eslatma yuborish boshlandi...

   Illuminate\Database\QueryException 

  SQLSTATE[HY000] [2002] Connection refused (Connection: mysql, SQL: select * from `solds` where `paymentStatus` = 1 and `status` = A and `created_at` >= 2026-03-14 05:00:03)

  at vendor/laravel/framework/src/Illuminate/Database/Connection.php:825
    821▕                     $this->getName(), $query, $this->prepareBindings($bindings), $e
    822▕                 );
    823▕             }
    824▕ 
  ➜ 825▕             throw new QueryException(
    826▕                 $this->getName(), $query, $this->prepareBindings($bindings), $e
    827▕             );
    828▕         }
    829▕     }

      [2m+22 vendor frames [22m

  23  app/Console/Commands/RemindUnpaidOrders.php:129
      Illuminate\Database\Eloquent\Builder::get()
      [2m+13 vendor frames [22m

  37  artisan:13
      Illuminate\Foundation\Application::handleCommand()

14.03.2026 06:10:02 — To'lanmagan buyurtmalarga eslatma yuborish boshlandi...
Eslatma yuborish uchun buyurtma topilmadi.
14.03.2026 06:20:02 — To'lanmagan buyurtmalarga eslatma yuborish boshlandi...
Eslatma yuborish uchun buyurtma topilmadi.
14.03.2026 06:30:03 — To'lanmagan buyurtmalarga eslatma yuborish boshlandi...

   Illuminate\Database\QueryException 

  SQLSTATE[HY000] [2002] Connection refused (Connection: mysql, SQL: select * from `solds` where `paymentStatus` = 1 and `status` = A and `created_at` >= 2026-03-14 05:30:03)

  at vendor/laravel/framework/src/Illuminate/Database/Connection.php:825
    821▕                     $this->getName(), $query, $this->prepareBindings($bindings), $e
    822▕                 );
    823▕             }
    824▕ 
  ➜ 825▕             throw new QueryException(
    826▕                 $this->getName(), $query, $this->prepareBindings($bindings), $e
    827▕             );
    828▕         }
    829▕     }

      [2m+22 vendor frames [22m

  23  app/Console/Commands/RemindUnpaidOrders.php:129
      Illuminate\Database\Eloquent\Builder::get()
      [2m+13 vendor frames [22m

  37  artisan:13
      Illuminate\Foundation\Application::handleCommand()

14.03.2026 06:40:02 — To'lanmagan buyurtmalarga eslatma yuborish boshlandi...
Eslatma yuborish uchun buyurtma topilmadi.
14.03.2026 06:50:02 — To'lanmagan buyurtmalarga eslatma yuborish boshlandi...
Eslatma yuborish uchun buyurtma topilmadi.
14.03.2026 07:00:03 — To'lanmagan buyurtmalarga eslatma yuborish boshlandi...

   Illuminate\Database\QueryException 

  SQLSTATE[HY000] [2002] Connection refused (Connection: mysql, SQL: select * from `solds` where `paymentStatus` = 1 and `status` = A and `created_at` >= 2026-03-14 06:00:03)

  at vendor/laravel/framework/src/Illuminate/Database/Connection.php:825
    821▕                     $this->getName(), $query, $this->prepareBindings($bindings), $e
    822▕                 );
    823▕             }
    824▕ 
  ➜ 825▕             throw new QueryException(
    826▕                 $this->getName(), $query, $this->prepareBindings($bindings), $e
    827▕             );
    828▕         }
    829▕     }

      [2m+22 vendor frames [22m

  23  app/Console/Commands/RemindUnpaidOrders.php:129
      Illuminate\Database\Eloquent\Builder::get()
      [2m+13 vendor frames [22m

  37  artisan:13
      Illuminate\Foundation\Application::handleCommand()

14.03.2026 07:10:02 — To'lanmagan buyurtmalarga eslatma yuborish boshlandi...
Eslatma yuborish uchun buyurtma topilmadi.
14.03.2026 07:20:02 — To'lanmagan buyurtmalarga eslatma yuborish boshlandi...
Eslatma yuborish uchun buyurtma topilmadi.
14.03.2026 07:30:03 — To'lanmagan buyurtmalarga eslatma yuborish boshlandi...

   Illuminate\Database\QueryException 

  SQLSTATE[HY000] [2002] Connection refused (Connection: mysql, SQL: select * from `solds` where `paymentStatus` = 1 and `status` = A and `created_at` >= 2026-03-14 06:30:03)

  at vendor/laravel/framework/src/Illuminate/Database/Connection.php:825
    821▕                     $this->getName(), $query, $this->prepareBindings($bindings), $e
    822▕                 );
    823▕             }
    824▕ 
  ➜ 825▕             throw new QueryException(
    826▕                 $this->getName(), $query, $this->prepareBindings($bindings), $e
    827▕             );
    828▕         }
    829▕     }

      [2m+22 vendor frames [22m

  23  app/Console/Commands/RemindUnpaidOrders.php:129
      Illuminate\Database\Eloquent\Builder::get()
      [2m+13 vendor frames [22m

  37  artisan:13
      Illuminate\Foundation\Application::handleCommand()

14.03.2026 07:40:02 — To'lanmagan buyurtmalarga eslatma yuborish boshlandi...
Eslatma yuborish uchun buyurtma topilmadi.
14.03.2026 07:50:02 — To'lanmagan buyurtmalarga eslatma yuborish boshlandi...
Eslatma yuborish uchun buyurtma topilmadi.
14.03.2026 08:00:03 — To'lanmagan buyurtmalarga eslatma yuborish boshlandi...

   Illuminate\Database\QueryException 

  SQLSTATE[HY000] [2002] Connection refused (Connection: mysql, SQL: select * from `solds` where `paymentStatus` = 1 and `status` = A and `created_at` >= 2026-03-14 07:00:03)

  at vendor/laravel/framework/src/Illuminate/Database/Connection.php:825
    821▕                     $this->getName(), $query, $this->prepareBindings($bindings), $e
    822▕                 );
    823▕             }
    824▕ 
  ➜ 825▕             throw new QueryException(
    826▕                 $this->getName(), $query, $this->prepareBindings($bindings), $e
    827▕             );
    828▕         }
    829▕     }

      [2m+22 vendor frames [22m

  23  app/Console/Commands/RemindUnpaidOrders.php:129
      Illuminate\Database\Eloquent\Builder::get()
      [2m+13 vendor frames [22m

  37  artisan:13
      Illuminate\Foundation\Application::handleCommand()

14.03.2026 08:10:02 — To'lanmagan buyurtmalarga eslatma yuborish boshlandi...
Eslatma yuborish uchun buyurtma topilmadi.
14.03.2026 08:20:02 — To'lanmagan buyurtmalarga eslatma yuborish boshlandi...
Eslatma yuborish uchun buyurtma topilmadi.
14.03.2026 08:30:02 — To'lanmagan buyurtmalarga eslatma yuborish boshlandi...

   Illuminate\Database\QueryException 

  SQLSTATE[HY000] [2002] Connection refused (Connection: mysql, SQL: select * from `solds` where `paymentStatus` = 1 and `status` = A and `created_at` >= 2026-03-14 07:30:02)

  at vendor/laravel/framework/src/Illuminate/Database/Connection.php:825
    821▕                     $this->getName(), $query, $this->prepareBindings($bindings), $e
    822▕                 );
    823▕             }
    824▕ 
  ➜ 825▕             throw new QueryException(
    826▕                 $this->getName(), $query, $this->prepareBindings($bindings), $e
    827▕             );
    828▕         }
    829▕     }

      [2m+22 vendor frames [22m

  23  app/Console/Commands/RemindUnpaidOrders.php:129
      Illuminate\Database\Eloquent\Builder::get()
      [2m+13 vendor frames [22m

  37  artisan:13
      Illuminate\Foundation\Application::handleCommand()

14.03.2026 08:40:03 — To'lanmagan buyurtmalarga eslatma yuborish boshlandi...
Eslatma yuborish uchun buyurtma topilmadi.
14.03.2026 08:50:02 — To'lanmagan buyurtmalarga eslatma yuborish boshlandi...
Eslatma yuborish uchun buyurtma topilmadi.
14.03.2026 09:00:02 — To'lanmagan buyurtmalarga eslatma yuborish boshlandi...

   Illuminate\Database\QueryException 

  SQLSTATE[HY000] [2002] Connection refused (Connection: mysql, SQL: select * from `solds` where `paymentStatus` = 1 and `status` = A and `created_at` >= 2026-03-14 08:00:02)

  at vendor/laravel/framework/src/Illuminate/Database/Connection.php:825
    821▕                     $this->getName(), $query, $this->prepareBindings($bindings), $e
    822▕                 );
    823▕             }
    824▕ 
  ➜ 825▕             throw new QueryException(
    826▕                 $this->getName(), $query, $this->prepareBindings($bindings), $e
    827▕             );
    828▕         }
    829▕     }

      [2m+22 vendor frames [22m

  23  app/Console/Commands/RemindUnpaidOrders.php:129
      Illuminate\Database\Eloquent\Builder::get()
      [2m+13 vendor frames [22m

  37  artisan:13
      Illuminate\Foundation\Application::handleCommand()

14.03.2026 09:10:03 — To'lanmagan buyurtmalarga eslatma yuborish boshlandi...
Eslatma yuborish uchun buyurtma topilmadi.
14.03.2026 09:20:03 — To'lanmagan buyurtmalarga eslatma yuborish boshlandi...
Eslatma yuborish uchun buyurtma topilmadi.
14.03.2026 09:30:03 — To'lanmagan buyurtmalarga eslatma yuborish boshlandi...

   Illuminate\Database\QueryException 

  SQLSTATE[HY000] [2002] Connection refused (Connection: mysql, SQL: select * from `solds` where `paymentStatus` = 1 and `status` = A and `created_at` >= 2026-03-14 08:30:03)

  at vendor/laravel/framework/src/Illuminate/Database/Connection.php:825
    821▕                     $this->getName(), $query, $this->prepareBindings($bindings), $e
    822▕                 );
    823▕             }
    824▕ 
  ➜ 825▕             throw new QueryException(
    826▕                 $this->getName(), $query, $this->prepareBindings($bindings), $e
    827▕             );
    828▕         }
    829▕     }

      [2m+22 vendor frames [22m

  23  app/Console/Commands/RemindUnpaidOrders.php:129
      Illuminate\Database\Eloquent\Builder::get()
      [2m+13 vendor frames [22m

  37  artisan:13
      Illuminate\Foundation\Application::handleCommand()

14.03.2026 09:40:02 — To'lanmagan buyurtmalarga eslatma yuborish boshlandi...
Eslatma yuborish uchun buyurtma topilmadi.
14.03.2026 09:50:02 — To'lanmagan buyurtmalarga eslatma yuborish boshlandi...
Eslatma yuborish uchun buyurtma topilmadi.
14.03.2026 10:00:02 — To'lanmagan buyurtmalarga eslatma yuborish boshlandi...

   Illuminate\Database\QueryException 

  SQLSTATE[HY000] [2002] Connection refused (Connection: mysql, SQL: select * from `solds` where `paymentStatus` = 1 and `status` = A and `created_at` >= 2026-03-14 09:00:02)

  at vendor/laravel/framework/src/Illuminate/Database/Connection.php:825
    821▕                     $this->getName(), $query, $this->prepareBindings($bindings), $e
    822▕                 );
    823▕             }
    824▕ 
  ➜ 825▕             throw new QueryException(
    826▕                 $this->getName(), $query, $this->prepareBindings($bindings), $e
    827▕             );
    828▕         }
    829▕     }

      [2m+22 vendor frames [22m

  23  app/Console/Commands/RemindUnpaidOrders.php:129
      Illuminate\Database\Eloquent\Builder::get()
      [2m+13 vendor frames [22m

  37  artisan:13
      Illuminate\Foundation\Application::handleCommand()

14.03.2026 10:10:02 — To'lanmagan buyurtmalarga eslatma yuborish boshlandi...
Eslatma yuborish uchun buyurtma topilmadi.
14.03.2026 10:20:02 — To'lanmagan buyurtmalarga eslatma yuborish boshlandi...
Eslatma yuborish uchun buyurtma topilmadi.
14.03.2026 10:30:02 — To'lanmagan buyurtmalarga eslatma yuborish boshlandi...

   Illuminate\Database\QueryException 

  SQLSTATE[HY000] [2002] Connection refused (Connection: mysql, SQL: select * from `solds` where `paymentStatus` = 1 and `status` = A and `created_at` >= 2026-03-14 09:30:02)

  at vendor/laravel/framework/src/Illuminate/Database/Connection.php:825
    821▕                     $this->getName(), $query, $this->prepareBindings($bindings), $e
    822▕                 );
    823▕             }
    824▕ 
  ➜ 825▕             throw new QueryException(
    826▕                 $this->getName(), $query, $this->prepareBindings($bindings), $e
    827▕             );
    828▕         }
    829▕     }

      [2m+22 vendor frames [22m

  23  app/Console/Commands/RemindUnpaidOrders.php:129
      Illuminate\Database\Eloquent\Builder::get()
      [2m+13 vendor frames [22m

  37  artisan:13
      Illuminate\Foundation\Application::handleCommand()

14.03.2026 10:40:03 — To'lanmagan buyurtmalarga eslatma yuborish boshlandi...
Eslatma yuborish uchun buyurtma topilmadi.
14.03.2026 10:50:03 — To'lanmagan buyurtmalarga eslatma yuborish boshlandi...
Eslatma yuborish uchun buyurtma topilmadi.
14.03.2026 11:00:02 — To'lanmagan buyurtmalarga eslatma yuborish boshlandi...

   Illuminate\Database\QueryException 

  SQLSTATE[HY000] [2002] Connection refused (Connection: mysql, SQL: select * from `solds` where `paymentStatus` = 1 and `status` = A and `created_at` >= 2026-03-14 10:00:02)

  at vendor/laravel/framework/src/Illuminate/Database/Connection.php:825
    821▕                     $this->getName(), $query, $this->prepareBindings($bindings), $e
    822▕                 );
    823▕             }
    824▕ 
  ➜ 825▕             throw new QueryException(
    826▕                 $this->getName(), $query, $this->prepareBindings($bindings), $e
    827▕             );
    828▕         }
    829▕     }

      [2m+22 vendor frames [22m

  23  app/Console/Commands/RemindUnpaidOrders.php:129
      Illuminate\Database\Eloquent\Builder::get()
      [2m+13 vendor frames [22m

  37  artisan:13
      Illuminate\Foundation\Application::handleCommand()

14.03.2026 11:10:03 — To'lanmagan buyurtmalarga eslatma yuborish boshlandi...
Eslatma yuborish uchun buyurtma topilmadi.
14.03.2026 11:20:03 — To'lanmagan buyurtmalarga eslatma yuborish boshlandi...
Eslatma yuborish uchun buyurtma topilmadi.
14.03.2026 11:30:02 — To'lanmagan buyurtmalarga eslatma yuborish boshlandi...

   Illuminate\Database\QueryException 

  SQLSTATE[HY000] [2002] Connection refused (Connection: mysql, SQL: select * from `solds` where `paymentStatus` = 1 and `status` = A and `created_at` >= 2026-03-14 10:30:02)

  at vendor/laravel/framework/src/Illuminate/Database/Connection.php:825
    821▕                     $this->getName(), $query, $this->prepareBindings($bindings), $e
    822▕                 );
    823▕             }
    824▕ 
  ➜ 825▕             throw new QueryException(
    826▕                 $this->getName(), $query, $this->prepareBindings($bindings), $e
    827▕             );
    828▕         }
    829▕     }

      [2m+22 vendor frames [22m

  23  app/Console/Commands/RemindUnpaidOrders.php:129
      Illuminate\Database\Eloquent\Builder::get()
      [2m+13 vendor frames [22m

  37  artisan:13
      Illuminate\Foundation\Application::handleCommand()

14.03.2026 11:40:02 — To'lanmagan buyurtmalarga eslatma yuborish boshlandi...
Eslatma yuborish uchun buyurtma topilmadi.
14.03.2026 11:50:03 — To'lanmagan buyurtmalarga eslatma yuborish boshlandi...
Eslatma yuborish uchun buyurtma topilmadi.
14.03.2026 12:00:03 — To'lanmagan buyurtmalarga eslatma yuborish boshlandi...

   Illuminate\Database\QueryException 

  SQLSTATE[HY000] [2002] Connection refused (Connection: mysql, SQL: select * from `solds` where `paymentStatus` = 1 and `status` = A and `created_at` >= 2026-03-14 11:00:03)

  at vendor/laravel/framework/src/Illuminate/Database/Connection.php:825
    821▕                     $this->getName(), $query, $this->prepareBindings($bindings), $e
    822▕                 );
    823▕             }
    824▕ 
  ➜ 825▕             throw new QueryException(
    826▕                 $this->getName(), $query, $this->prepareBindings($bindings), $e
    827▕             );
    828▕         }
    829▕     }

      [2m+22 vendor frames [22m

  23  app/Console/Commands/RemindUnpaidOrders.php:129
      Illuminate\Database\Eloquent\Builder::get()
      [2m+13 vendor frames [22m

  37  artisan:13
      Illuminate\Foundation\Application::handleCommand()

14.03.2026 12:10:02 — To'lanmagan buyurtmalarga eslatma yuborish boshlandi...
Eslatma yuborish uchun buyurtma topilmadi.
14.03.2026 12:20:03 — To'lanmagan buyurtmalarga eslatma yuborish boshlandi...
Eslatma yuborish uchun buyurtma topilmadi.
14.03.2026 12:30:03 — To'lanmagan buyurtmalarga eslatma yuborish boshlandi...

   Illuminate\Database\QueryException 

  SQLSTATE[HY000] [2002] Connection refused (Connection: mysql, SQL: select * from `solds` where `paymentStatus` = 1 and `status` = A and `created_at` >= 2026-03-14 11:30:03)

  at vendor/laravel/framework/src/Illuminate/Database/Connection.php:825
    821▕                     $this->getName(), $query, $this->prepareBindings($bindings), $e
    822▕                 );
    823▕             }
    824▕ 
  ➜ 825▕             throw new QueryException(
    826▕                 $this->getName(), $query, $this->prepareBindings($bindings), $e
    827▕             );
    828▕         }
    829▕     }

      [2m+22 vendor frames [22m

  23  app/Console/Commands/RemindUnpaidOrders.php:129
      Illuminate\Database\Eloquent\Builder::get()
      [2m+13 vendor frames [22m

  37  artisan:13
      Illuminate\Foundation\Application::handleCommand()

14.03.2026 12:40:03 — To'lanmagan buyurtmalarga eslatma yuborish boshlandi...
Eslatma yuborish uchun buyurtma topilmadi.
14.03.2026 12:50:02 — To'lanmagan buyurtmalarga eslatma yuborish boshlandi...
Eslatma yuborish uchun buyurtma topilmadi.
14.03.2026 13:00:02 — To'lanmagan buyurtmalarga eslatma yuborish boshlandi...

   Illuminate\Database\QueryException 

  SQLSTATE[HY000] [2002] Connection refused (Connection: mysql, SQL: select * from `solds` where `paymentStatus` = 1 and `status` = A and `created_at` >= 2026-03-14 12:00:02)

  at vendor/laravel/framework/src/Illuminate/Database/Connection.php:825
    821▕                     $this->getName(), $query, $this->prepareBindings($bindings), $e
    822▕                 );
    823▕             }
    824▕ 
  ➜ 825▕             throw new QueryException(
    826▕                 $this->getName(), $query, $this->prepareBindings($bindings), $e
    827▕             );
    828▕         }
    829▕     }

      [2m+22 vendor frames [22m

  23  app/Console/Commands/RemindUnpaidOrders.php:129
      Illuminate\Database\Eloquent\Builder::get()
      [2m+13 vendor frames [22m

  37  artisan:13
      Illuminate\Foundation\Application::handleCommand()

14.03.2026 13:10:02 — To'lanmagan buyurtmalarga eslatma yuborish boshlandi...
Eslatma yuborish uchun buyurtma topilmadi.
14.03.2026 13:20:02 — To'lanmagan buyurtmalarga eslatma yuborish boshlandi...
Eslatma yuborish uchun buyurtma topilmadi.
14.03.2026 13:30:02 — To'lanmagan buyurtmalarga eslatma yuborish boshlandi...

   Illuminate\Database\QueryException 

  SQLSTATE[HY000] [2002] Connection refused (Connection: mysql, SQL: select * from `solds` where `paymentStatus` = 1 and `status` = A and `created_at` >= 2026-03-14 12:30:02)

  at vendor/laravel/framework/src/Illuminate/Database/Connection.php:825
    821▕                     $this->getName(), $query, $this->prepareBindings($bindings), $e
    822▕                 );
    823▕             }
    824▕ 
  ➜ 825▕             throw new QueryException(
    826▕                 $this->getName(), $query, $this->prepareBindings($bindings), $e
    827▕             );
    828▕         }
    829▕     }

      [2m+22 vendor frames [22m

  23  app/Console/Commands/RemindUnpaidOrders.php:129
      Illuminate\Database\Eloquent\Builder::get()
      [2m+13 vendor frames [22m

  37  artisan:13
      Illuminate\Foundation\Application::handleCommand()

14.03.2026 13:40:03 — To'lanmagan buyurtmalarga eslatma yuborish boshlandi...
Eslatma yuborish uchun buyurtma topilmadi.
14.03.2026 13:50:03 — To'lanmagan buyurtmalarga eslatma yuborish boshlandi...
Eslatma yuborish uchun buyurtma topilmadi.
14.03.2026 14:00:02 — To'lanmagan buyurtmalarga eslatma yuborish boshlandi...

   Illuminate\Database\QueryException 

  SQLSTATE[HY000] [2002] Connection refused (Connection: mysql, SQL: select * from `solds` where `paymentStatus` = 1 and `status` = A and `created_at` >= 2026-03-14 13:00:02)

  at vendor/laravel/framework/src/Illuminate/Database/Connection.php:825
    821▕                     $this->getName(), $query, $this->prepareBindings($bindings), $e
    822▕                 );
    823▕             }
    824▕ 
  ➜ 825▕             throw new QueryException(
    826▕                 $this->getName(), $query, $this->prepareBindings($bindings), $e
    827▕             );
    828▕         }
    829▕     }

      [2m+22 vendor frames [22m

  23  app/Console/Commands/RemindUnpaidOrders.php:129
      Illuminate\Database\Eloquent\Builder::get()
      [2m+13 vendor frames [22m

  37  artisan:13
      Illuminate\Foundation\Application::handleCommand()

14.03.2026 14:10:02 — To'lanmagan buyurtmalarga eslatma yuborish boshlandi...
Eslatma yuborish uchun buyurtma topilmadi.
14.03.2026 14:20:02 — To'lanmagan buyurtmalarga eslatma yuborish boshlandi...
Eslatma yuborish uchun buyurtma topilmadi.
14.03.2026 14:30:03 — To'lanmagan buyurtmalarga eslatma yuborish boshlandi...

   Illuminate\Database\QueryException 

  SQLSTATE[HY000] [2002] Connection refused (Connection: mysql, SQL: select * from `solds` where `paymentStatus` = 1 and `status` = A and `created_at` >= 2026-03-14 13:30:03)

  at vendor/laravel/framework/src/Illuminate/Database/Connection.php:825
    821▕                     $this->getName(), $query, $this->prepareBindings($bindings), $e
    822▕                 );
    823▕             }
    824▕ 
  ➜ 825▕             throw new QueryException(
    826▕                 $this->getName(), $query, $this->prepareBindings($bindings), $e
    827▕             );
    828▕         }
    829▕     }

      [2m+22 vendor frames [22m

  23  app/Console/Commands/RemindUnpaidOrders.php:129
      Illuminate\Database\Eloquent\Builder::get()
      [2m+13 vendor frames [22m

  37  artisan:13
      Illuminate\Foundation\Application::handleCommand()

14.03.2026 14:40:02 — To'lanmagan buyurtmalarga eslatma yuborish boshlandi...
Eslatma yuborish uchun buyurtma topilmadi.
14.03.2026 14:50:03 — To'lanmagan buyurtmalarga eslatma yuborish boshlandi...
Eslatma yuborish uchun buyurtma topilmadi.
14.03.2026 15:00:02 — To'lanmagan buyurtmalarga eslatma yuborish boshlandi...

   Illuminate\Database\QueryException 

  SQLSTATE[HY000] [2002] Connection refused (Connection: mysql, SQL: select * from `solds` where `paymentStatus` = 1 and `status` = A and `created_at` >= 2026-03-14 14:00:02)

  at vendor/laravel/framework/src/Illuminate/Database/Connection.php:825
    821▕                     $this->getName(), $query, $this->prepareBindings($bindings), $e
    822▕                 );
    823▕             }
    824▕ 
  ➜ 825▕             throw new QueryException(
    826▕                 $this->getName(), $query, $this->prepareBindings($bindings), $e
    827▕             );
    828▕         }
    829▕     }

      [2m+22 vendor frames [22m

  23  app/Console/Commands/RemindUnpaidOrders.php:129
      Illuminate\Database\Eloquent\Builder::get()
      [2m+13 vendor frames [22m

  37  artisan:13
      Illuminate\Foundation\Application::handleCommand()

14.03.2026 15:10:03 — To'lanmagan buyurtmalarga eslatma yuborish boshlandi...
Eslatma yuborish uchun buyurtma topilmadi.
14.03.2026 15:20:02 — To'lanmagan buyurtmalarga eslatma yuborish boshlandi...
Eslatma yuborish uchun buyurtma topilmadi.
14.03.2026 15:30:02 — To'lanmagan buyurtmalarga eslatma yuborish boshlandi...

   Illuminate\Database\QueryException 

  SQLSTATE[HY000] [2002] Connection refused (Connection: mysql, SQL: select * from `solds` where `paymentStatus` = 1 and `status` = A and `created_at` >= 2026-03-14 14:30:02)

  at vendor/laravel/framework/src/Illuminate/Database/Connection.php:825
    821▕                     $this->getName(), $query, $this->prepareBindings($bindings), $e
    822▕                 );
    823▕             }
    824▕ 
  ➜ 825▕             throw new QueryException(
    826▕                 $this->getName(), $query, $this->prepareBindings($bindings), $e
    827▕             );
    828▕         }
    829▕     }

      [2m+22 vendor frames [22m

  23  app/Console/Commands/RemindUnpaidOrders.php:129
      Illuminate\Database\Eloquent\Builder::get()
      [2m+13 vendor frames [22m

  37  artisan:13
      Illuminate\Foundation\Application::handleCommand()

14.03.2026 15:40:03 — To'lanmagan buyurtmalarga eslatma yuborish boshlandi...
Eslatma yuborish uchun buyurtma topilmadi.
14.03.2026 15:50:02 — To'lanmagan buyurtmalarga eslatma yuborish boshlandi...
Eslatma yuborish uchun buyurtma topilmadi.
14.03.2026 16:00:03 — To'lanmagan buyurtmalarga eslatma yuborish boshlandi...
Eslatma yuborish uchun buyurtma topilmadi.
14.03.2026 16:10:02 — To'lanmagan buyurtmalarga eslatma yuborish boshlandi...
Eslatma yuborish uchun buyurtma topilmadi.
14.03.2026 16:20:02 — To'lanmagan buyurtmalarga eslatma yuborish boshlandi...
Eslatma yuborish uchun buyurtma topilmadi.
14.03.2026 16:30:03 — To'lanmagan buyurtmalarga eslatma yuborish boshlandi...

   Illuminate\Database\QueryException 

  SQLSTATE[HY000] [2002] Connection refused (Connection: mysql, SQL: select * from `solds` where `paymentStatus` = 1 and `status` = A and `created_at` >= 2026-03-14 15:30:03)

  at vendor/laravel/framework/src/Illuminate/Database/Connection.php:825
    821▕                     $this->getName(), $query, $this->prepareBindings($bindings), $e
    822▕                 );
    823▕             }
    824▕ 
  ➜ 825▕             throw new QueryException(
    826▕                 $this->getName(), $query, $this->prepareBindings($bindings), $e
    827▕             );
    828▕         }
    829▕     }

      [2m+22 vendor frames [22m

  23  app/Console/Commands/RemindUnpaidOrders.php:129
      Illuminate\Database\Eloquent\Builder::get()
      [2m+13 vendor frames [22m

  37  artisan:13
      Illuminate\Foundation\Application::handleCommand()

14.03.2026 16:40:02 — To'lanmagan buyurtmalarga eslatma yuborish boshlandi...
Eslatma yuborish uchun buyurtma topilmadi.
14.03.2026 16:50:02 — To'lanmagan buyurtmalarga eslatma yuborish boshlandi...
Eslatma yuborish uchun buyurtma topilmadi.
14.03.2026 17:00:03 — To'lanmagan buyurtmalarga eslatma yuborish boshlandi...

   Illuminate\Database\QueryException 

  SQLSTATE[HY000] [2002] Connection refused (Connection: mysql, SQL: select * from `solds` where `paymentStatus` = 1 and `status` = A and `created_at` >= 2026-03-14 16:00:03)

  at vendor/laravel/framework/src/Illuminate/Database/Connection.php:825
    821▕                     $this->getName(), $query, $this->prepareBindings($bindings), $e
    822▕                 );
    823▕             }
    824▕ 
  ➜ 825▕             throw new QueryException(
    826▕                 $this->getName(), $query, $this->prepareBindings($bindings), $e
    827▕             );
    828▕         }
    829▕     }

      [2m+22 vendor frames [22m

  23  app/Console/Commands/RemindUnpaidOrders.php:129
      Illuminate\Database\Eloquent\Builder::get()
      [2m+13 vendor frames [22m

  37  artisan:13
      Illuminate\Foundation\Application::handleCommand()

14.03.2026 17:10:02 — To'lanmagan buyurtmalarga eslatma yuborish boshlandi...
Eslatma yuborish uchun buyurtma topilmadi.
14.03.2026 17:20:02 — To'lanmagan buyurtmalarga eslatma yuborish boshlandi...
Eslatma yuborish uchun buyurtma topilmadi.
14.03.2026 17:30:02 — To'lanmagan buyurtmalarga eslatma yuborish boshlandi...

   Illuminate\Database\QueryException 

  SQLSTATE[HY000] [2002] Connection refused (Connection: mysql, SQL: select * from `solds` where `paymentStatus` = 1 and `status` = A and `created_at` >= 2026-03-14 16:30:02)

  at vendor/laravel/framework/src/Illuminate/Database/Connection.php:825
    821▕                     $this->getName(), $query, $this->prepareBindings($bindings), $e
    822▕                 );
    823▕             }
    824▕ 
  ➜ 825▕             throw new QueryException(
    826▕                 $this->getName(), $query, $this->prepareBindings($bindings), $e
    827▕             );
    828▕         }
    829▕     }

      [2m+22 vendor frames [22m

  23  app/Console/Commands/RemindUnpaidOrders.php:129
      Illuminate\Database\Eloquent\Builder::get()
      [2m+13 vendor frames [22m

  37  artisan:13
      Illuminate\Foundation\Application::handleCommand()

14.03.2026 17:40:02 — To'lanmagan buyurtmalarga eslatma yuborish boshlandi...
Eslatma yuborish uchun buyurtma topilmadi.
14.03.2026 17:50:02 — To'lanmagan buyurtmalarga eslatma yuborish boshlandi...
Eslatma yuborish uchun buyurtma topilmadi.
14.03.2026 18:00:02 — To'lanmagan buyurtmalarga eslatma yuborish boshlandi...

   Illuminate\Database\QueryException 

  SQLSTATE[HY000] [2002] Connection refused (Connection: mysql, SQL: select * from `solds` where `paymentStatus` = 1 and `status` = A and `created_at` >= 2026-03-14 17:00:02)

  at vendor/laravel/framework/src/Illuminate/Database/Connection.php:825
    821▕                     $this->getName(), $query, $this->prepareBindings($bindings), $e
    822▕                 );
    823▕             }
    824▕ 
  ➜ 825▕             throw new QueryException(
    826▕                 $this->getName(), $query, $this->prepareBindings($bindings), $e
    827▕             );
    828▕         }
    829▕     }

      [2m+22 vendor frames [22m

  23  app/Console/Commands/RemindUnpaidOrders.php:129
      Illuminate\Database\Eloquent\Builder::get()
      [2m+13 vendor frames [22m

  37  artisan:13
      Illuminate\Foundation\Application::handleCommand()

14.03.2026 18:10:02 — To'lanmagan buyurtmalarga eslatma yuborish boshlandi...
Eslatma yuborish uchun buyurtma topilmadi.
14.03.2026 18:20:03 — To'lanmagan buyurtmalarga eslatma yuborish boshlandi...
Eslatma yuborish uchun buyurtma topilmadi.
14.03.2026 18:30:03 — To'lanmagan buyurtmalarga eslatma yuborish boshlandi...

   Illuminate\Database\QueryException 

  SQLSTATE[HY000] [2002] Connection refused (Connection: mysql, SQL: select * from `solds` where `paymentStatus` = 1 and `status` = A and `created_at` >= 2026-03-14 17:30:03)

  at vendor/laravel/framework/src/Illuminate/Database/Connection.php:825
    821▕                     $this->getName(), $query, $this->prepareBindings($bindings), $e
    822▕                 );
    823▕             }
    824▕ 
  ➜ 825▕             throw new QueryException(
    826▕                 $this->getName(), $query, $this->prepareBindings($bindings), $e
    827▕             );
    828▕         }
    829▕     }

      [2m+22 vendor frames [22m

  23  app/Console/Commands/RemindUnpaidOrders.php:129
      Illuminate\Database\Eloquent\Builder::get()
      [2m+13 vendor frames [22m

  37  artisan:13
      Illuminate\Foundation\Application::handleCommand()

14.03.2026 18:40:02 — To'lanmagan buyurtmalarga eslatma yuborish boshlandi...
Eslatma yuborish uchun buyurtma topilmadi.
14.03.2026 18:50:02 — To'lanmagan buyurtmalarga eslatma yuborish boshlandi...
Eslatma yuborish uchun buyurtma topilmadi.
14.03.2026 19:00:02 — To'lanmagan buyurtmalarga eslatma yuborish boshlandi...

   Illuminate\Database\QueryException 

  SQLSTATE[HY000] [2002] Connection refused (Connection: mysql, SQL: select * from `solds` where `paymentStatus` = 1 and `status` = A and `created_at` >= 2026-03-14 18:00:02)

  at vendor/laravel/framework/src/Illuminate/Database/Connection.php:825
    821▕                     $this->getName(), $query, $this->prepareBindings($bindings), $e
    822▕                 );
    823▕             }
    824▕ 
  ➜ 825▕             throw new QueryException(
    826▕                 $this->getName(), $query, $this->prepareBindings($bindings), $e
    827▕             );
    828▕         }
    829▕     }

      [2m+22 vendor frames [22m

  23  app/Console/Commands/RemindUnpaidOrders.php:129
      Illuminate\Database\Eloquent\Builder::get()
      [2m+13 vendor frames [22m

  37  artisan:13
      Illuminate\Foundation\Application::handleCommand()

14.03.2026 19:10:02 — To'lanmagan buyurtmalarga eslatma yuborish boshlandi...
Eslatma yuborish uchun buyurtma topilmadi.
14.03.2026 19:20:02 — To'lanmagan buyurtmalarga eslatma yuborish boshlandi...
Eslatma yuborish uchun buyurtma topilmadi.
14.03.2026 19:30:02 — To'lanmagan buyurtmalarga eslatma yuborish boshlandi...

   Illuminate\Database\QueryException 

  SQLSTATE[HY000] [2002] Connection refused (Connection: mysql, SQL: select * from `solds` where `paymentStatus` = 1 and `status` = A and `created_at` >= 2026-03-14 18:30:02)

  at vendor/laravel/framework/src/Illuminate/Database/Connection.php:825
    821▕                     $this->getName(), $query, $this->prepareBindings($bindings), $e
    822▕                 );
    823▕             }
    824▕ 
  ➜ 825▕             throw new QueryException(
    826▕                 $this->getName(), $query, $this->prepareBindings($bindings), $e
    827▕             );
    828▕         }
    829▕     }

      [2m+22 vendor frames [22m

  23  app/Console/Commands/RemindUnpaidOrders.php:129
      Illuminate\Database\Eloquent\Builder::get()
      [2m+13 vendor frames [22m

  37  artisan:13
      Illuminate\Foundation\Application::handleCommand()

14.03.2026 19:40:02 — To'lanmagan buyurtmalarga eslatma yuborish boshlandi...
Eslatma yuborish uchun buyurtma topilmadi.
14.03.2026 19:50:02 — To'lanmagan buyurtmalarga eslatma yuborish boshlandi...
Eslatma yuborish uchun buyurtma topilmadi.
14.03.2026 20:00:02 — To'lanmagan buyurtmalarga eslatma yuborish boshlandi...
Eslatma yuborish uchun buyurtma topilmadi.
14.03.2026 20:10:02 — To'lanmagan buyurtmalarga eslatma yuborish boshlandi...
Eslatma yuborish uchun buyurtma topilmadi.
14.03.2026 20:20:03 — To'lanmagan buyurtmalarga eslatma yuborish boshlandi...
Eslatma yuborish uchun buyurtma topilmadi.
14.03.2026 20:30:02 — To'lanmagan buyurtmalarga eslatma yuborish boshlandi...

   Illuminate\Database\QueryException 

  SQLSTATE[HY000] [2002] Connection refused (Connection: mysql, SQL: select * from `solds` where `paymentStatus` = 1 and `status` = A and `created_at` >= 2026-03-14 19:30:02)

  at vendor/laravel/framework/src/Illuminate/Database/Connection.php:825
    821▕                     $this->getName(), $query, $this->prepareBindings($bindings), $e
    822▕                 );
    823▕             }
    824▕ 
  ➜ 825▕             throw new QueryException(
    826▕                 $this->getName(), $query, $this->prepareBindings($bindings), $e
    827▕             );
    828▕         }
    829▕     }

      [2m+22 vendor frames [22m

  23  app/Console/Commands/RemindUnpaidOrders.php:129
      Illuminate\Database\Eloquent\Builder::get()
      [2m+13 vendor frames [22m

  37  artisan:13
      Illuminate\Foundation\Application::handleCommand()

14.03.2026 20:40:02 — To'lanmagan buyurtmalarga eslatma yuborish boshlandi...
Eslatma yuborish uchun buyurtma topilmadi.
14.03.2026 20:50:02 — To'lanmagan buyurtmalarga eslatma yuborish boshlandi...
Eslatma yuborish uchun buyurtma topilmadi.
14.03.2026 21:00:02 — To'lanmagan buyurtmalarga eslatma yuborish boshlandi...

   Illuminate\Database\QueryException 

  SQLSTATE[HY000] [2002] Connection refused (Connection: mysql, SQL: select * from `solds` where `paymentStatus` = 1 and `status` = A and `created_at` >= 2026-03-14 20:00:02)

  at vendor/laravel/framework/src/Illuminate/Database/Connection.php:825
    821▕                     $this->getName(), $query, $this->prepareBindings($bindings), $e
    822▕                 );
    823▕             }
    824▕ 
  ➜ 825▕             throw new QueryException(
    826▕                 $this->getName(), $query, $this->prepareBindings($bindings), $e
    827▕             );
    828▕         }
    829▕     }

      [2m+22 vendor frames [22m

  23  app/Console/Commands/RemindUnpaidOrders.php:129
      Illuminate\Database\Eloquent\Builder::get()
      [2m+13 vendor frames [22m

  37  artisan:13
      Illuminate\Foundation\Application::handleCommand()

14.03.2026 21:10:02 — To'lanmagan buyurtmalarga eslatma yuborish boshlandi...
Eslatma yuborish uchun buyurtma topilmadi.
14.03.2026 21:20:02 — To'lanmagan buyurtmalarga eslatma yuborish boshlandi...
Eslatma yuborish uchun buyurtma topilmadi.
14.03.2026 21:30:02 — To'lanmagan buyurtmalarga eslatma yuborish boshlandi...

   Illuminate\Database\QueryException 

  SQLSTATE[HY000] [2002] Connection refused (Connection: mysql, SQL: select * from `solds` where `paymentStatus` = 1 and `status` = A and `created_at` >= 2026-03-14 20:30:02)

  at vendor/laravel/framework/src/Illuminate/Database/Connection.php:825
    821▕                     $this->getName(), $query, $this->prepareBindings($bindings), $e
    822▕                 );
    823▕             }
    824▕ 
  ➜ 825▕             throw new QueryException(
    826▕                 $this->getName(), $query, $this->prepareBindings($bindings), $e
    827▕             );
    828▕         }
    829▕     }

      [2m+22 vendor frames [22m

  23  app/Console/Commands/RemindUnpaidOrders.php:129
      Illuminate\Database\Eloquent\Builder::get()
      [2m+13 vendor frames [22m

  37  artisan:13
      Illuminate\Foundation\Application::handleCommand()

14.03.2026 21:40:02 — To'lanmagan buyurtmalarga eslatma yuborish boshlandi...
Eslatma yuborish uchun buyurtma topilmadi.
14.03.2026 21:50:02 — To'lanmagan buyurtmalarga eslatma yuborish boshlandi...
Eslatma yuborish uchun buyurtma topilmadi.
14.03.2026 22:00:03 — To'lanmagan buyurtmalarga eslatma yuborish boshlandi...

   Illuminate\Database\QueryException 

  SQLSTATE[HY000] [2002] Connection refused (Connection: mysql, SQL: select * from `solds` where `paymentStatus` = 1 and `status` = A and `created_at` >= 2026-03-14 21:00:03)

  at vendor/laravel/framework/src/Illuminate/Database/Connection.php:825
    821▕                     $this->getName(), $query, $this->prepareBindings($bindings), $e
    822▕                 );
    823▕             }
    824▕ 
  ➜ 825▕             throw new QueryException(
    826▕                 $this->getName(), $query, $this->prepareBindings($bindings), $e
    827▕             );
    828▕         }
    829▕     }

      [2m+22 vendor frames [22m

  23  app/Console/Commands/RemindUnpaidOrders.php:129
      Illuminate\Database\Eloquent\Builder::get()
      [2m+13 vendor frames [22m

  37  artisan:13
      Illuminate\Foundation\Application::handleCommand()

14.03.2026 22:10:02 — To'lanmagan buyurtmalarga eslatma yuborish boshlandi...
Eslatma yuborish uchun buyurtma topilmadi.
14.03.2026 22:20:03 — To'lanmagan buyurtmalarga eslatma yuborish boshlandi...
Eslatma yuborish uchun buyurtma topilmadi.
14.03.2026 22:30:03 — To'lanmagan buyurtmalarga eslatma yuborish boshlandi...

   Illuminate\Database\QueryException 

  SQLSTATE[HY000] [2002] Connection refused (Connection: mysql, SQL: select * from `solds` where `paymentStatus` = 1 and `status` = A and `created_at` >= 2026-03-14 21:30:03)

  at vendor/laravel/framework/src/Illuminate/Database/Connection.php:825
    821▕                     $this->getName(), $query, $this->prepareBindings($bindings), $e
    822▕                 );
    823▕             }
    824▕ 
  ➜ 825▕             throw new QueryException(
    826▕                 $this->getName(), $query, $this->prepareBindings($bindings), $e
    827▕             );
    828▕         }
    829▕     }

      [2m+22 vendor frames [22m

  23  app/Console/Commands/RemindUnpaidOrders.php:129
      Illuminate\Database\Eloquent\Builder::get()
      [2m+13 vendor frames [22m

  37  artisan:13
      Illuminate\Foundation\Application::handleCommand()

14.03.2026 22:40:02 — To'lanmagan buyurtmalarga eslatma yuborish boshlandi...
Eslatma yuborish uchun buyurtma topilmadi.
14.03.2026 22:50:02 — To'lanmagan buyurtmalarga eslatma yuborish boshlandi...
Eslatma yuborish uchun buyurtma topilmadi.
14.03.2026 23:00:02 — To'lanmagan buyurtmalarga eslatma yuborish boshlandi...

   Illuminate\Database\QueryException 

  SQLSTATE[HY000] [2002] Connection refused (Connection: mysql, SQL: select * from `solds` where `paymentStatus` = 1 and `status` = A and `created_at` >= 2026-03-14 22:00:03)

  at vendor/laravel/framework/src/Illuminate/Database/Connection.php:825
    821▕                     $this->getName(), $query, $this->prepareBindings($bindings), $e
    822▕                 );
    823▕             }
    824▕ 
  ➜ 825▕             throw new QueryException(
    826▕                 $this->getName(), $query, $this->prepareBindings($bindings), $e
    827▕             );
    828▕         }
    829▕     }

      [2m+22 vendor frames [22m

  23  app/Console/Commands/RemindUnpaidOrders.php:129
      Illuminate\Database\Eloquent\Builder::get()
      [2m+13 vendor frames [22m

  37  artisan:13
      Illuminate\Foundation\Application::handleCommand()

14.03.2026 23:10:02 — To'lanmagan buyurtmalarga eslatma yuborish boshlandi...
Eslatma yuborish uchun buyurtma topilmadi.
14.03.2026 23:20:03 — To'lanmagan buyurtmalarga eslatma yuborish boshlandi...
Eslatma yuborish uchun buyurtma topilmadi.
14.03.2026 23:30:02 — To'lanmagan buyurtmalarga eslatma yuborish boshlandi...

   Illuminate\Database\QueryException 

  SQLSTATE[HY000] [2002] Connection refused (Connection: mysql, SQL: select * from `solds` where `paymentStatus` = 1 and `status` = A and `created_at` >= 2026-03-14 22:30:02)

  at vendor/laravel/framework/src/Illuminate/Database/Connection.php:825
    821▕                     $this->getName(), $query, $this->prepareBindings($bindings), $e
    822▕                 );
    823▕             }
    824▕ 
  ➜ 825▕             throw new QueryException(
    826▕                 $this->getName(), $query, $this->prepareBindings($bindings), $e
    827▕             );
    828▕         }
    829▕     }

      [2m+22 vendor frames [22m

  23  app/Console/Commands/RemindUnpaidOrders.php:129
      Illuminate\Database\Eloquent\Builder::get()
      [2m+13 vendor frames [22m

  37  artisan:13
      Illuminate\Foundation\Application::handleCommand()

14.03.2026 23:40:02 — To'lanmagan buyurtmalarga eslatma yuborish boshlandi...
Eslatma yuborish uchun buyurtma topilmadi.
14.03.2026 23:50:02 — To'lanmagan buyurtmalarga eslatma yuborish boshlandi...
Eslatma yuborish uchun buyurtma topilmadi.
15.03.2026 00:00:03 — To'lanmagan buyurtmalarga eslatma yuborish boshlandi...
Eslatma yuborish uchun buyurtma topilmadi.
15.03.2026 00:10:02 — To'lanmagan buyurtmalarga eslatma yuborish boshlandi...
Eslatma yuborish uchun buyurtma topilmadi.
15.03.2026 00:20:02 — To'lanmagan buyurtmalarga eslatma yuborish boshlandi...
Eslatma yuborish uchun buyurtma topilmadi.
15.03.2026 00:30:02 — To'lanmagan buyurtmalarga eslatma yuborish boshlandi...

   Illuminate\Database\QueryException 

  SQLSTATE[HY000] [2002] Connection refused (Connection: mysql, SQL: select * from `solds` where `paymentStatus` = 1 and `status` = A and `created_at` >= 2026-03-14 23:30:02)

  at vendor/laravel/framework/src/Illuminate/Database/Connection.php:825
    821▕                     $this->getName(), $query, $this->prepareBindings($bindings), $e
    822▕                 );
    823▕             }
    824▕ 
  ➜ 825▕             throw new QueryException(
    826▕                 $this->getName(), $query, $this->prepareBindings($bindings), $e
    827▕             );
    828▕         }
    829▕     }

      [2m+22 vendor frames [22m

  23  app/Console/Commands/RemindUnpaidOrders.php:129
      Illuminate\Database\Eloquent\Builder::get()
      [2m+13 vendor frames [22m

  37  artisan:13
      Illuminate\Foundation\Application::handleCommand()

15.03.2026 00:40:02 — To'lanmagan buyurtmalarga eslatma yuborish boshlandi...
Eslatma yuborish uchun buyurtma topilmadi.
15.03.2026 00:50:02 — To'lanmagan buyurtmalarga eslatma yuborish boshlandi...
Eslatma yuborish uchun buyurtma topilmadi.
15.03.2026 01:00:02 — To'lanmagan buyurtmalarga eslatma yuborish boshlandi...

   Illuminate\Database\QueryException 

  SQLSTATE[HY000] [2002] Connection refused (Connection: mysql, SQL: select * from `solds` where `paymentStatus` = 1 and `status` = A and `created_at` >= 2026-03-15 00:00:02)

  at vendor/laravel/framework/src/Illuminate/Database/Connection.php:825
    821▕                     $this->getName(), $query, $this->prepareBindings($bindings), $e
    822▕                 );
    823▕             }
    824▕ 
  ➜ 825▕             throw new QueryException(
    826▕                 $this->getName(), $query, $this->prepareBindings($bindings), $e
    827▕             );
    828▕         }
    829▕     }

      [2m+22 vendor frames [22m

  23  app/Console/Commands/RemindUnpaidOrders.php:129
      Illuminate\Database\Eloquent\Builder::get()
      [2m+13 vendor frames [22m

  37  artisan:13
      Illuminate\Foundation\Application::handleCommand()

15.03.2026 01:10:02 — To'lanmagan buyurtmalarga eslatma yuborish boshlandi...
Eslatma yuborish uchun buyurtma topilmadi.
15.03.2026 01:20:02 — To'lanmagan buyurtmalarga eslatma yuborish boshlandi...
Eslatma yuborish uchun buyurtma topilmadi.
15.03.2026 01:30:02 — To'lanmagan buyurtmalarga eslatma yuborish boshlandi...

   Illuminate\Database\QueryException 

  SQLSTATE[HY000] [2002] Connection refused (Connection: mysql, SQL: select * from `solds` where `paymentStatus` = 1 and `status` = A and `created_at` >= 2026-03-15 00:30:02)

  at vendor/laravel/framework/src/Illuminate/Database/Connection.php:825
    821▕                     $this->getName(), $query, $this->prepareBindings($bindings), $e
    822▕                 );
    823▕             }
    824▕ 
  ➜ 825▕             throw new QueryException(
    826▕                 $this->getName(), $query, $this->prepareBindings($bindings), $e
    827▕             );
    828▕         }
    829▕     }

      [2m+22 vendor frames [22m

  23  app/Console/Commands/RemindUnpaidOrders.php:129
      Illuminate\Database\Eloquent\Builder::get()
      [2m+13 vendor frames [22m

  37  artisan:13
      Illuminate\Foundation\Application::handleCommand()

15.03.2026 01:40:02 — To'lanmagan buyurtmalarga eslatma yuborish boshlandi...
Eslatma yuborish uchun buyurtma topilmadi.
15.03.2026 01:50:02 — To'lanmagan buyurtmalarga eslatma yuborish boshlandi...
Eslatma yuborish uchun buyurtma topilmadi.
15.03.2026 02:00:02 — To'lanmagan buyurtmalarga eslatma yuborish boshlandi...

   Illuminate\Database\QueryException 

  SQLSTATE[HY000] [2002] Connection refused (Connection: mysql, SQL: select * from `solds` where `paymentStatus` = 1 and `status` = A and `created_at` >= 2026-03-15 01:00:02)

  at vendor/laravel/framework/src/Illuminate/Database/Connection.php:825
    821▕                     $this->getName(), $query, $this->prepareBindings($bindings), $e
    822▕                 );
    823▕             }
    824▕ 
  ➜ 825▕             throw new QueryException(
    826▕                 $this->getName(), $query, $this->prepareBindings($bindings), $e
    827▕             );
    828▕         }
    829▕     }

      [2m+22 vendor frames [22m

  23  app/Console/Commands/RemindUnpaidOrders.php:129
      Illuminate\Database\Eloquent\Builder::get()
      [2m+13 vendor frames [22m

  37  artisan:13
      Illuminate\Foundation\Application::handleCommand()

15.03.2026 02:10:03 — To'lanmagan buyurtmalarga eslatma yuborish boshlandi...
Eslatma yuborish uchun buyurtma topilmadi.
15.03.2026 02:20:02 — To'lanmagan buyurtmalarga eslatma yuborish boshlandi...
Eslatma yuborish uchun buyurtma topilmadi.
15.03.2026 02:30:02 — To'lanmagan buyurtmalarga eslatma yuborish boshlandi...

   Illuminate\Database\QueryException 

  SQLSTATE[HY000] [2002] Connection refused (Connection: mysql, SQL: select * from `solds` where `paymentStatus` = 1 and `status` = A and `created_at` >= 2026-03-15 01:30:02)

  at vendor/laravel/framework/src/Illuminate/Database/Connection.php:825
    821▕                     $this->getName(), $query, $this->prepareBindings($bindings), $e
    822▕                 );
    823▕             }
    824▕ 
  ➜ 825▕             throw new QueryException(
    826▕                 $this->getName(), $query, $this->prepareBindings($bindings), $e
    827▕             );
    828▕         }
    829▕     }

      [2m+22 vendor frames [22m

  23  app/Console/Commands/RemindUnpaidOrders.php:129
      Illuminate\Database\Eloquent\Builder::get()
      [2m+13 vendor frames [22m

  37  artisan:13
      Illuminate\Foundation\Application::handleCommand()

15.03.2026 02:40:02 — To'lanmagan buyurtmalarga eslatma yuborish boshlandi...
Eslatma yuborish uchun buyurtma topilmadi.
15.03.2026 02:50:02 — To'lanmagan buyurtmalarga eslatma yuborish boshlandi...
Eslatma yuborish uchun buyurtma topilmadi.
15.03.2026 03:00:02 — To'lanmagan buyurtmalarga eslatma yuborish boshlandi...

   Illuminate\Database\QueryException 

  SQLSTATE[HY000] [2002] Connection refused (Connection: mysql, SQL: select * from `solds` where `paymentStatus` = 1 and `status` = A and `created_at` >= 2026-03-15 02:00:02)

  at vendor/laravel/framework/src/Illuminate/Database/Connection.php:825
    821▕                     $this->getName(), $query, $this->prepareBindings($bindings), $e
    822▕                 );
    823▕             }
    824▕ 
  ➜ 825▕             throw new QueryException(
    826▕                 $this->getName(), $query, $this->prepareBindings($bindings), $e
    827▕             );
    828▕         }
    829▕     }

      [2m+22 vendor frames [22m

  23  app/Console/Commands/RemindUnpaidOrders.php:129
      Illuminate\Database\Eloquent\Builder::get()
      [2m+13 vendor frames [22m

  37  artisan:13
      Illuminate\Foundation\Application::handleCommand()

15.03.2026 03:10:02 — To'lanmagan buyurtmalarga eslatma yuborish boshlandi...
Eslatma yuborish uchun buyurtma topilmadi.
15.03.2026 03:20:02 — To'lanmagan buyurtmalarga eslatma yuborish boshlandi...
Eslatma yuborish uchun buyurtma topilmadi.
15.03.2026 03:30:03 — To'lanmagan buyurtmalarga eslatma yuborish boshlandi...

   Illuminate\Database\QueryException 

  SQLSTATE[HY000] [2002] Connection refused (Connection: mysql, SQL: select * from `solds` where `paymentStatus` = 1 and `status` = A and `created_at` >= 2026-03-15 02:30:03)

  at vendor/laravel/framework/src/Illuminate/Database/Connection.php:825
    821▕                     $this->getName(), $query, $this->prepareBindings($bindings), $e
    822▕                 );
    823▕             }
    824▕ 
  ➜ 825▕             throw new QueryException(
    826▕                 $this->getName(), $query, $this->prepareBindings($bindings), $e
    827▕             );
    828▕         }
    829▕     }

      [2m+22 vendor frames [22m

  23  app/Console/Commands/RemindUnpaidOrders.php:129
      Illuminate\Database\Eloquent\Builder::get()
      [2m+13 vendor frames [22m

  37  artisan:13
      Illuminate\Foundation\Application::handleCommand()

15.03.2026 03:40:02 — To'lanmagan buyurtmalarga eslatma yuborish boshlandi...
Eslatma yuborish uchun buyurtma topilmadi.
15.03.2026 03:50:02 — To'lanmagan buyurtmalarga eslatma yuborish boshlandi...
Eslatma yuborish uchun buyurtma topilmadi.
15.03.2026 04:00:03 — To'lanmagan buyurtmalarga eslatma yuborish boshlandi...

   Illuminate\Database\QueryException 

  SQLSTATE[HY000] [2002] Connection refused (Connection: mysql, SQL: select * from `solds` where `paymentStatus` = 1 and `status` = A and `created_at` >= 2026-03-15 03:00:03)

  at vendor/laravel/framework/src/Illuminate/Database/Connection.php:825
    821▕                     $this->getName(), $query, $this->prepareBindings($bindings), $e
    822▕                 );
    823▕             }
    824▕ 
  ➜ 825▕             throw new QueryException(
    826▕                 $this->getName(), $query, $this->prepareBindings($bindings), $e
    827▕             );
    828▕         }
    829▕     }

      [2m+22 vendor frames [22m

  23  app/Console/Commands/RemindUnpaidOrders.php:129
      Illuminate\Database\Eloquent\Builder::get()
      [2m+13 vendor frames [22m

  37  artisan:13
      Illuminate\Foundation\Application::handleCommand()

15.03.2026 04:10:02 — To'lanmagan buyurtmalarga eslatma yuborish boshlandi...
Eslatma yuborish uchun buyurtma topilmadi.
15.03.2026 04:20:02 — To'lanmagan buyurtmalarga eslatma yuborish boshlandi...
Eslatma yuborish uchun buyurtma topilmadi.
15.03.2026 04:30:03 — To'lanmagan buyurtmalarga eslatma yuborish boshlandi...

   Illuminate\Database\QueryException 

  SQLSTATE[HY000] [2002] Connection refused (Connection: mysql, SQL: select * from `solds` where `paymentStatus` = 1 and `status` = A and `created_at` >= 2026-03-15 03:30:03)

  at vendor/laravel/framework/src/Illuminate/Database/Connection.php:825
    821▕                     $this->getName(), $query, $this->prepareBindings($bindings), $e
    822▕                 );
    823▕             }
    824▕ 
  ➜ 825▕             throw new QueryException(
    826▕                 $this->getName(), $query, $this->prepareBindings($bindings), $e
    827▕             );
    828▕         }
    829▕     }

      [2m+22 vendor frames [22m

  23  app/Console/Commands/RemindUnpaidOrders.php:129
      Illuminate\Database\Eloquent\Builder::get()
      [2m+13 vendor frames [22m

  37  artisan:13
      Illuminate\Foundation\Application::handleCommand()

15.03.2026 04:40:02 — To'lanmagan buyurtmalarga eslatma yuborish boshlandi...
Eslatma yuborish uchun buyurtma topilmadi.
15.03.2026 04:50:02 — To'lanmagan buyurtmalarga eslatma yuborish boshlandi...
Eslatma yuborish uchun buyurtma topilmadi.
15.03.2026 05:00:02 — To'lanmagan buyurtmalarga eslatma yuborish boshlandi...

   Illuminate\Database\QueryException 

  SQLSTATE[HY000] [2002] Connection refused (Connection: mysql, SQL: select * from `solds` where `paymentStatus` = 1 and `status` = A and `created_at` >= 2026-03-15 04:00:02)

  at vendor/laravel/framework/src/Illuminate/Database/Connection.php:825
    821▕                     $this->getName(), $query, $this->prepareBindings($bindings), $e
    822▕                 );
    823▕             }
    824▕ 
  ➜ 825▕             throw new QueryException(
    826▕                 $this->getName(), $query, $this->prepareBindings($bindings), $e
    827▕             );
    828▕         }
    829▕     }

      [2m+22 vendor frames [22m

  23  app/Console/Commands/RemindUnpaidOrders.php:129
      Illuminate\Database\Eloquent\Builder::get()
      [2m+13 vendor frames [22m

  37  artisan:13
      Illuminate\Foundation\Application::handleCommand()

15.03.2026 05:10:02 — To'lanmagan buyurtmalarga eslatma yuborish boshlandi...
Eslatma yuborish uchun buyurtma topilmadi.
15.03.2026 05:20:03 — To'lanmagan buyurtmalarga eslatma yuborish boshlandi...
Eslatma yuborish uchun buyurtma topilmadi.
15.03.2026 05:30:03 — To'lanmagan buyurtmalarga eslatma yuborish boshlandi...

   Illuminate\Database\QueryException 

  SQLSTATE[HY000] [2002] Connection refused (Connection: mysql, SQL: select * from `solds` where `paymentStatus` = 1 and `status` = A and `created_at` >= 2026-03-15 04:30:03)

  at vendor/laravel/framework/src/Illuminate/Database/Connection.php:825
    821▕                     $this->getName(), $query, $this->prepareBindings($bindings), $e
    822▕                 );
    823▕             }
    824▕ 
  ➜ 825▕             throw new QueryException(
    826▕                 $this->getName(), $query, $this->prepareBindings($bindings), $e
    827▕             );
    828▕         }
    829▕     }

      [2m+22 vendor frames [22m

  23  app/Console/Commands/RemindUnpaidOrders.php:129
      Illuminate\Database\Eloquent\Builder::get()
      [2m+13 vendor frames [22m

  37  artisan:13
      Illuminate\Foundation\Application::handleCommand()

15.03.2026 05:40:03 — To'lanmagan buyurtmalarga eslatma yuborish boshlandi...
Eslatma yuborish uchun buyurtma topilmadi.
15.03.2026 05:50:03 — To'lanmagan buyurtmalarga eslatma yuborish boshlandi...
Eslatma yuborish uchun buyurtma topilmadi.
15.03.2026 06:00:03 — To'lanmagan buyurtmalarga eslatma yuborish boshlandi...

   Illuminate\Database\QueryException 

  SQLSTATE[HY000] [2002] Connection refused (Connection: mysql, SQL: select * from `solds` where `paymentStatus` = 1 and `status` = A and `created_at` >= 2026-03-15 05:00:03)

  at vendor/laravel/framework/src/Illuminate/Database/Connection.php:825
    821▕                     $this->getName(), $query, $this->prepareBindings($bindings), $e
    822▕                 );
    823▕             }
    824▕ 
  ➜ 825▕             throw new QueryException(
    826▕                 $this->getName(), $query, $this->prepareBindings($bindings), $e
    827▕             );
    828▕         }
    829▕     }

      [2m+22 vendor frames [22m

  23  app/Console/Commands/RemindUnpaidOrders.php:129
      Illuminate\Database\Eloquent\Builder::get()
      [2m+13 vendor frames [22m

  37  artisan:13
      Illuminate\Foundation\Application::handleCommand()

15.03.2026 06:10:02 — To'lanmagan buyurtmalarga eslatma yuborish boshlandi...
Eslatma yuborish uchun buyurtma topilmadi.
15.03.2026 06:20:02 — To'lanmagan buyurtmalarga eslatma yuborish boshlandi...
Eslatma yuborish uchun buyurtma topilmadi.
15.03.2026 06:30:02 — To'lanmagan buyurtmalarga eslatma yuborish boshlandi...

   Illuminate\Database\QueryException 

  SQLSTATE[HY000] [2002] Connection refused (Connection: mysql, SQL: select * from `solds` where `paymentStatus` = 1 and `status` = A and `created_at` >= 2026-03-15 05:30:02)

  at vendor/laravel/framework/src/Illuminate/Database/Connection.php:825
    821▕                     $this->getName(), $query, $this->prepareBindings($bindings), $e
    822▕                 );
    823▕             }
    824▕ 
  ➜ 825▕             throw new QueryException(
    826▕                 $this->getName(), $query, $this->prepareBindings($bindings), $e
    827▕             );
    828▕         }
    829▕     }

      [2m+22 vendor frames [22m

  23  app/Console/Commands/RemindUnpaidOrders.php:129
      Illuminate\Database\Eloquent\Builder::get()
      [2m+13 vendor frames [22m

  37  artisan:13
      Illuminate\Foundation\Application::handleCommand()

15.03.2026 06:40:03 — To'lanmagan buyurtmalarga eslatma yuborish boshlandi...
Eslatma yuborish uchun buyurtma topilmadi.
15.03.2026 06:50:02 — To'lanmagan buyurtmalarga eslatma yuborish boshlandi...
Eslatma yuborish uchun buyurtma topilmadi.
15.03.2026 07:00:02 — To'lanmagan buyurtmalarga eslatma yuborish boshlandi...

   Illuminate\Database\QueryException 

  SQLSTATE[HY000] [2002] Connection refused (Connection: mysql, SQL: select * from `solds` where `paymentStatus` = 1 and `status` = A and `created_at` >= 2026-03-15 06:00:02)

  at vendor/laravel/framework/src/Illuminate/Database/Connection.php:825
    821▕                     $this->getName(), $query, $this->prepareBindings($bindings), $e
    822▕                 );
    823▕             }
    824▕ 
  ➜ 825▕             throw new QueryException(
    826▕                 $this->getName(), $query, $this->prepareBindings($bindings), $e
    827▕             );
    828▕         }
    829▕     }

      [2m+22 vendor frames [22m

  23  app/Console/Commands/RemindUnpaidOrders.php:129
      Illuminate\Database\Eloquent\Builder::get()
      [2m+13 vendor frames [22m

  37  artisan:13
      Illuminate\Foundation\Application::handleCommand()

15.03.2026 07:10:02 — To'lanmagan buyurtmalarga eslatma yuborish boshlandi...
Eslatma yuborish uchun buyurtma topilmadi.
15.03.2026 07:20:02 — To'lanmagan buyurtmalarga eslatma yuborish boshlandi...
Eslatma yuborish uchun buyurtma topilmadi.
15.03.2026 07:30:03 — To'lanmagan buyurtmalarga eslatma yuborish boshlandi...

   Illuminate\Database\QueryException 

  SQLSTATE[HY000] [2002] Connection refused (Connection: mysql, SQL: select * from `solds` where `paymentStatus` = 1 and `status` = A and `created_at` >= 2026-03-15 06:30:03)

  at vendor/laravel/framework/src/Illuminate/Database/Connection.php:825
    821▕                     $this->getName(), $query, $this->prepareBindings($bindings), $e
    822▕                 );
    823▕             }
    824▕ 
  ➜ 825▕             throw new QueryException(
    826▕                 $this->getName(), $query, $this->prepareBindings($bindings), $e
    827▕             );
    828▕         }
    829▕     }

      [2m+22 vendor frames [22m

  23  app/Console/Commands/RemindUnpaidOrders.php:129
      Illuminate\Database\Eloquent\Builder::get()
      [2m+13 vendor frames [22m

  37  artisan:13
      Illuminate\Foundation\Application::handleCommand()

15.03.2026 07:40:02 — To'lanmagan buyurtmalarga eslatma yuborish boshlandi...
Eslatma yuborish uchun buyurtma topilmadi.
15.03.2026 07:50:02 — To'lanmagan buyurtmalarga eslatma yuborish boshlandi...
Eslatma yuborish uchun buyurtma topilmadi.
15.03.2026 08:00:02 — To'lanmagan buyurtmalarga eslatma yuborish boshlandi...

   Illuminate\Database\QueryException 

  SQLSTATE[HY000] [2002] Connection refused (Connection: mysql, SQL: select * from `solds` where `paymentStatus` = 1 and `status` = A and `created_at` >= 2026-03-15 07:00:02)

  at vendor/laravel/framework/src/Illuminate/Database/Connection.php:825
    821▕                     $this->getName(), $query, $this->prepareBindings($bindings), $e
    822▕                 );
    823▕             }
    824▕ 
  ➜ 825▕             throw new QueryException(
    826▕                 $this->getName(), $query, $this->prepareBindings($bindings), $e
    827▕             );
    828▕         }
    829▕     }

      [2m+22 vendor frames [22m

  23  app/Console/Commands/RemindUnpaidOrders.php:129
      Illuminate\Database\Eloquent\Builder::get()
      [2m+13 vendor frames [22m

  37  artisan:13
      Illuminate\Foundation\Application::handleCommand()

15.03.2026 08:10:02 — To'lanmagan buyurtmalarga eslatma yuborish boshlandi...
Eslatma yuborish uchun buyurtma topilmadi.
15.03.2026 08:20:02 — To'lanmagan buyurtmalarga eslatma yuborish boshlandi...
Eslatma yuborish uchun buyurtma topilmadi.
15.03.2026 08:30:03 — To'lanmagan buyurtmalarga eslatma yuborish boshlandi...

   Illuminate\Database\QueryException 

  SQLSTATE[HY000] [2002] Connection refused (Connection: mysql, SQL: select * from `solds` where `paymentStatus` = 1 and `status` = A and `created_at` >= 2026-03-15 07:30:03)

  at vendor/laravel/framework/src/Illuminate/Database/Connection.php:825
    821▕                     $this->getName(), $query, $this->prepareBindings($bindings), $e
    822▕                 );
    823▕             }
    824▕ 
  ➜ 825▕             throw new QueryException(
    826▕                 $this->getName(), $query, $this->prepareBindings($bindings), $e
    827▕             );
    828▕         }
    829▕     }

      [2m+22 vendor frames [22m

  23  app/Console/Commands/RemindUnpaidOrders.php:129
      Illuminate\Database\Eloquent\Builder::get()
      [2m+13 vendor frames [22m

  37  artisan:13
      Illuminate\Foundation\Application::handleCommand()

15.03.2026 08:40:02 — To'lanmagan buyurtmalarga eslatma yuborish boshlandi...
Eslatma yuborish uchun buyurtma topilmadi.
15.03.2026 08:50:02 — To'lanmagan buyurtmalarga eslatma yuborish boshlandi...
Eslatma yuborish uchun buyurtma topilmadi.
15.03.2026 09:00:02 — To'lanmagan buyurtmalarga eslatma yuborish boshlandi...

   Illuminate\Database\QueryException 

  SQLSTATE[HY000] [2002] Connection refused (Connection: mysql, SQL: select * from `solds` where `paymentStatus` = 1 and `status` = A and `created_at` >= 2026-03-15 08:00:02)

  at vendor/laravel/framework/src/Illuminate/Database/Connection.php:825
    821▕                     $this->getName(), $query, $this->prepareBindings($bindings), $e
    822▕                 );
    823▕             }
    824▕ 
  ➜ 825▕             throw new QueryException(
    826▕                 $this->getName(), $query, $this->prepareBindings($bindings), $e
    827▕             );
    828▕         }
    829▕     }

      [2m+22 vendor frames [22m

  23  app/Console/Commands/RemindUnpaidOrders.php:129
      Illuminate\Database\Eloquent\Builder::get()
      [2m+13 vendor frames [22m

  37  artisan:13
      Illuminate\Foundation\Application::handleCommand()

15.03.2026 09:10:03 — To'lanmagan buyurtmalarga eslatma yuborish boshlandi...
Eslatma yuborish uchun buyurtma topilmadi.
15.03.2026 09:20:02 — To'lanmagan buyurtmalarga eslatma yuborish boshlandi...
Eslatma yuborish uchun buyurtma topilmadi.
15.03.2026 09:30:02 — To'lanmagan buyurtmalarga eslatma yuborish boshlandi...

   Illuminate\Database\QueryException 

  SQLSTATE[HY000] [2002] Connection refused (Connection: mysql, SQL: select * from `solds` where `paymentStatus` = 1 and `status` = A and `created_at` >= 2026-03-15 08:30:02)

  at vendor/laravel/framework/src/Illuminate/Database/Connection.php:825
    821▕                     $this->getName(), $query, $this->prepareBindings($bindings), $e
    822▕                 );
    823▕             }
    824▕ 
  ➜ 825▕             throw new QueryException(
    826▕                 $this->getName(), $query, $this->prepareBindings($bindings), $e
    827▕             );
    828▕         }
    829▕     }

      [2m+22 vendor frames [22m

  23  app/Console/Commands/RemindUnpaidOrders.php:129
      Illuminate\Database\Eloquent\Builder::get()
      [2m+13 vendor frames [22m

  37  artisan:13
      Illuminate\Foundation\Application::handleCommand()

15.03.2026 09:40:02 — To'lanmagan buyurtmalarga eslatma yuborish boshlandi...
Eslatma yuborish uchun buyurtma topilmadi.
15.03.2026 09:50:02 — To'lanmagan buyurtmalarga eslatma yuborish boshlandi...
Eslatma yuborish uchun buyurtma topilmadi.
15.03.2026 10:00:02 — To'lanmagan buyurtmalarga eslatma yuborish boshlandi...

   Illuminate\Database\QueryException 

  SQLSTATE[HY000] [2002] Connection refused (Connection: mysql, SQL: select * from `solds` where `paymentStatus` = 1 and `status` = A and `created_at` >= 2026-03-15 09:00:02)

  at vendor/laravel/framework/src/Illuminate/Database/Connection.php:825
    821▕                     $this->getName(), $query, $this->prepareBindings($bindings), $e
    822▕                 );
    823▕             }
    824▕ 
  ➜ 825▕             throw new QueryException(
    826▕                 $this->getName(), $query, $this->prepareBindings($bindings), $e
    827▕             );
    828▕         }
    829▕     }

      [2m+22 vendor frames [22m

  23  app/Console/Commands/RemindUnpaidOrders.php:129
      Illuminate\Database\Eloquent\Builder::get()
      [2m+13 vendor frames [22m

  37  artisan:13
      Illuminate\Foundation\Application::handleCommand()

15.03.2026 10:10:02 — To'lanmagan buyurtmalarga eslatma yuborish boshlandi...
Eslatma yuborish uchun buyurtma topilmadi.
15.03.2026 10:20:02 — To'lanmagan buyurtmalarga eslatma yuborish boshlandi...
Eslatma yuborish uchun buyurtma topilmadi.
15.03.2026 10:30:02 — To'lanmagan buyurtmalarga eslatma yuborish boshlandi...

   Illuminate\Database\QueryException 

  SQLSTATE[HY000] [2002] Connection refused (Connection: mysql, SQL: select * from `solds` where `paymentStatus` = 1 and `status` = A and `created_at` >= 2026-03-15 09:30:02)

  at vendor/laravel/framework/src/Illuminate/Database/Connection.php:825
    821▕                     $this->getName(), $query, $this->prepareBindings($bindings), $e
    822▕                 );
    823▕             }
    824▕ 
  ➜ 825▕             throw new QueryException(
    826▕                 $this->getName(), $query, $this->prepareBindings($bindings), $e
    827▕             );
    828▕         }
    829▕     }

      [2m+22 vendor frames [22m

  23  app/Console/Commands/RemindUnpaidOrders.php:129
      Illuminate\Database\Eloquent\Builder::get()
      [2m+13 vendor frames [22m

  37  artisan:13
      Illuminate\Foundation\Application::handleCommand()

15.03.2026 10:40:02 — To'lanmagan buyurtmalarga eslatma yuborish boshlandi...
Eslatma yuborish uchun buyurtma topilmadi.
15.03.2026 10:50:03 — To'lanmagan buyurtmalarga eslatma yuborish boshlandi...
Eslatma yuborish uchun buyurtma topilmadi.
15.03.2026 11:00:03 — To'lanmagan buyurtmalarga eslatma yuborish boshlandi...

   Illuminate\Database\QueryException 

  SQLSTATE[HY000] [2002] Connection refused (Connection: mysql, SQL: select * from `solds` where `paymentStatus` = 1 and `status` = A and `created_at` >= 2026-03-15 10:00:03)

  at vendor/laravel/framework/src/Illuminate/Database/Connection.php:825
    821▕                     $this->getName(), $query, $this->prepareBindings($bindings), $e
    822▕                 );
    823▕             }
    824▕ 
  ➜ 825▕             throw new QueryException(
    826▕                 $this->getName(), $query, $this->prepareBindings($bindings), $e
    827▕             );
    828▕         }
    829▕     }

      [2m+22 vendor frames [22m

  23  app/Console/Commands/RemindUnpaidOrders.php:129
      Illuminate\Database\Eloquent\Builder::get()
      [2m+13 vendor frames [22m

  37  artisan:13
      Illuminate\Foundation\Application::handleCommand()

15.03.2026 11:10:02 — To'lanmagan buyurtmalarga eslatma yuborish boshlandi...
Eslatma yuborish uchun buyurtma topilmadi.
15.03.2026 11:20:02 — To'lanmagan buyurtmalarga eslatma yuborish boshlandi...
Eslatma yuborish uchun buyurtma topilmadi.
15.03.2026 11:30:03 — To'lanmagan buyurtmalarga eslatma yuborish boshlandi...

   Illuminate\Database\QueryException 

  SQLSTATE[HY000] [2002] Connection refused (Connection: mysql, SQL: select * from `solds` where `paymentStatus` = 1 and `status` = A and `created_at` >= 2026-03-15 10:30:03)

  at vendor/laravel/framework/src/Illuminate/Database/Connection.php:825
    821▕                     $this->getName(), $query, $this->prepareBindings($bindings), $e
    822▕                 );
    823▕             }
    824▕ 
  ➜ 825▕             throw new QueryException(
    826▕                 $this->getName(), $query, $this->prepareBindings($bindings), $e
    827▕             );
    828▕         }
    829▕     }

      [2m+22 vendor frames [22m

  23  app/Console/Commands/RemindUnpaidOrders.php:129
      Illuminate\Database\Eloquent\Builder::get()
      [2m+13 vendor frames [22m

  37  artisan:13
      Illuminate\Foundation\Application::handleCommand()

15.03.2026 11:40:02 — To'lanmagan buyurtmalarga eslatma yuborish boshlandi...
Eslatma yuborish uchun buyurtma topilmadi.
15.03.2026 11:50:02 — To'lanmagan buyurtmalarga eslatma yuborish boshlandi...
Eslatma yuborish uchun buyurtma topilmadi.
15.03.2026 12:00:02 — To'lanmagan buyurtmalarga eslatma yuborish boshlandi...

   Illuminate\Database\QueryException 

  SQLSTATE[HY000] [2002] Connection refused (Connection: mysql, SQL: select * from `solds` where `paymentStatus` = 1 and `status` = A and `created_at` >= 2026-03-15 11:00:02)

  at vendor/laravel/framework/src/Illuminate/Database/Connection.php:825
    821▕                     $this->getName(), $query, $this->prepareBindings($bindings), $e
    822▕                 );
    823▕             }
    824▕ 
  ➜ 825▕             throw new QueryException(
    826▕                 $this->getName(), $query, $this->prepareBindings($bindings), $e
    827▕             );
    828▕         }
    829▕     }

      [2m+22 vendor frames [22m

  23  app/Console/Commands/RemindUnpaidOrders.php:129
      Illuminate\Database\Eloquent\Builder::get()
      [2m+13 vendor frames [22m

  37  artisan:13
      Illuminate\Foundation\Application::handleCommand()

15.03.2026 12:10:03 — To'lanmagan buyurtmalarga eslatma yuborish boshlandi...
Eslatma yuborish uchun buyurtma topilmadi.
15.03.2026 12:20:02 — To'lanmagan buyurtmalarga eslatma yuborish boshlandi...
Eslatma yuborish uchun buyurtma topilmadi.
15.03.2026 12:30:02 — To'lanmagan buyurtmalarga eslatma yuborish boshlandi...

   Illuminate\Database\QueryException 

  SQLSTATE[HY000] [2002] Connection refused (Connection: mysql, SQL: select * from `solds` where `paymentStatus` = 1 and `status` = A and `created_at` >= 2026-03-15 11:30:02)

  at vendor/laravel/framework/src/Illuminate/Database/Connection.php:825
    821▕                     $this->getName(), $query, $this->prepareBindings($bindings), $e
    822▕                 );
    823▕             }
    824▕ 
  ➜ 825▕             throw new QueryException(
    826▕                 $this->getName(), $query, $this->prepareBindings($bindings), $e
    827▕             );
    828▕         }
    829▕     }

      [2m+22 vendor frames [22m

  23  app/Console/Commands/RemindUnpaidOrders.php:129
      Illuminate\Database\Eloquent\Builder::get()
      [2m+13 vendor frames [22m

  37  artisan:13
      Illuminate\Foundation\Application::handleCommand()

15.03.2026 12:40:02 — To'lanmagan buyurtmalarga eslatma yuborish boshlandi...
Eslatma yuborish uchun buyurtma topilmadi.
15.03.2026 12:50:02 — To'lanmagan buyurtmalarga eslatma yuborish boshlandi...
Eslatma yuborish uchun buyurtma topilmadi.
15.03.2026 13:00:03 — To'lanmagan buyurtmalarga eslatma yuborish boshlandi...

   Illuminate\Database\QueryException 

  SQLSTATE[HY000] [2002] Connection refused (Connection: mysql, SQL: select * from `solds` where `paymentStatus` = 1 and `status` = A and `created_at` >= 2026-03-15 12:00:03)

  at vendor/laravel/framework/src/Illuminate/Database/Connection.php:825
    821▕                     $this->getName(), $query, $this->prepareBindings($bindings), $e
    822▕                 );
    823▕             }
    824▕ 
  ➜ 825▕             throw new QueryException(
    826▕                 $this->getName(), $query, $this->prepareBindings($bindings), $e
    827▕             );
    828▕         }
    829▕     }

      [2m+22 vendor frames [22m

  23  app/Console/Commands/RemindUnpaidOrders.php:129
      Illuminate\Database\Eloquent\Builder::get()
      [2m+13 vendor frames [22m

  37  artisan:13
      Illuminate\Foundation\Application::handleCommand()

15.03.2026 13:10:02 — To'lanmagan buyurtmalarga eslatma yuborish boshlandi...
Eslatma yuborish uchun buyurtma topilmadi.
15.03.2026 13:20:02 — To'lanmagan buyurtmalarga eslatma yuborish boshlandi...
Eslatma yuborish uchun buyurtma topilmadi.
15.03.2026 13:30:02 — To'lanmagan buyurtmalarga eslatma yuborish boshlandi...

   Illuminate\Database\QueryException 

  SQLSTATE[HY000] [2002] Connection refused (Connection: mysql, SQL: select * from `solds` where `paymentStatus` = 1 and `status` = A and `created_at` >= 2026-03-15 12:30:02)

  at vendor/laravel/framework/src/Illuminate/Database/Connection.php:825
    821▕                     $this->getName(), $query, $this->prepareBindings($bindings), $e
    822▕                 );
    823▕             }
    824▕ 
  ➜ 825▕             throw new QueryException(
    826▕                 $this->getName(), $query, $this->prepareBindings($bindings), $e
    827▕             );
    828▕         }
    829▕     }

      [2m+22 vendor frames [22m

  23  app/Console/Commands/RemindUnpaidOrders.php:129
      Illuminate\Database\Eloquent\Builder::get()
      [2m+13 vendor frames [22m

  37  artisan:13
      Illuminate\Foundation\Application::handleCommand()

15.03.2026 13:40:02 — To'lanmagan buyurtmalarga eslatma yuborish boshlandi...
Eslatma yuborish uchun buyurtma topilmadi.
15.03.2026 13:50:02 — To'lanmagan buyurtmalarga eslatma yuborish boshlandi...
Eslatma yuborish uchun buyurtma topilmadi.
15.03.2026 14:00:03 — To'lanmagan buyurtmalarga eslatma yuborish boshlandi...

   Illuminate\Database\QueryException 

  SQLSTATE[HY000] [2002] Connection refused (Connection: mysql, SQL: select * from `solds` where `paymentStatus` = 1 and `status` = A and `created_at` >= 2026-03-15 13:00:03)

  at vendor/laravel/framework/src/Illuminate/Database/Connection.php:825
    821▕                     $this->getName(), $query, $this->prepareBindings($bindings), $e
    822▕                 );
    823▕             }
    824▕ 
  ➜ 825▕             throw new QueryException(
    826▕                 $this->getName(), $query, $this->prepareBindings($bindings), $e
    827▕             );
    828▕         }
    829▕     }

      [2m+22 vendor frames [22m

  23  app/Console/Commands/RemindUnpaidOrders.php:129
      Illuminate\Database\Eloquent\Builder::get()
      [2m+13 vendor frames [22m

  37  artisan:13
      Illuminate\Foundation\Application::handleCommand()

15.03.2026 14:10:02 — To'lanmagan buyurtmalarga eslatma yuborish boshlandi...
Eslatma yuborish uchun buyurtma topilmadi.
15.03.2026 14:20:02 — To'lanmagan buyurtmalarga eslatma yuborish boshlandi...
Eslatma yuborish uchun buyurtma topilmadi.
15.03.2026 14:30:02 — To'lanmagan buyurtmalarga eslatma yuborish boshlandi...

   Illuminate\Database\QueryException 

  SQLSTATE[HY000] [2002] Connection refused (Connection: mysql, SQL: select * from `solds` where `paymentStatus` = 1 and `status` = A and `created_at` >= 2026-03-15 13:30:02)

  at vendor/laravel/framework/src/Illuminate/Database/Connection.php:825
    821▕                     $this->getName(), $query, $this->prepareBindings($bindings), $e
    822▕                 );
    823▕             }
    824▕ 
  ➜ 825▕             throw new QueryException(
    826▕                 $this->getName(), $query, $this->prepareBindings($bindings), $e
    827▕             );
    828▕         }
    829▕     }

      [2m+22 vendor frames [22m

  23  app/Console/Commands/RemindUnpaidOrders.php:129
      Illuminate\Database\Eloquent\Builder::get()
      [2m+13 vendor frames [22m

  37  artisan:13
      Illuminate\Foundation\Application::handleCommand()

15.03.2026 14:40:02 — To'lanmagan buyurtmalarga eslatma yuborish boshlandi...
Eslatma yuborish uchun buyurtma topilmadi.
15.03.2026 14:50:02 — To'lanmagan buyurtmalarga eslatma yuborish boshlandi...
Eslatma yuborish uchun buyurtma topilmadi.
15.03.2026 15:00:03 — To'lanmagan buyurtmalarga eslatma yuborish boshlandi...
Eslatma yuborish uchun buyurtma topilmadi.
15.03.2026 15:10:03 — To'lanmagan buyurtmalarga eslatma yuborish boshlandi...
Eslatma yuborish uchun buyurtma topilmadi.
15.03.2026 15:20:02 — To'lanmagan buyurtmalarga eslatma yuborish boshlandi...
Eslatma yuborish uchun buyurtma topilmadi.
15.03.2026 15:30:02 — To'lanmagan buyurtmalarga eslatma yuborish boshlandi...

   Illuminate\Database\QueryException 

  SQLSTATE[HY000] [2002] Connection refused (Connection: mysql, SQL: select * from `solds` where `paymentStatus` = 1 and `status` = A and `created_at` >= 2026-03-15 14:30:02)

  at vendor/laravel/framework/src/Illuminate/Database/Connection.php:825
    821▕                     $this->getName(), $query, $this->prepareBindings($bindings), $e
    822▕                 );
    823▕             }
    824▕ 
  ➜ 825▕             throw new QueryException(
    826▕                 $this->getName(), $query, $this->prepareBindings($bindings), $e
    827▕             );
    828▕         }
    829▕     }

      [2m+22 vendor frames [22m

  23  app/Console/Commands/RemindUnpaidOrders.php:129
      Illuminate\Database\Eloquent\Builder::get()
      [2m+13 vendor frames [22m

  37  artisan:13
      Illuminate\Foundation\Application::handleCommand()

15.03.2026 15:40:02 — To'lanmagan buyurtmalarga eslatma yuborish boshlandi...
Eslatma yuborish uchun buyurtma topilmadi.
15.03.2026 15:50:02 — To'lanmagan buyurtmalarga eslatma yuborish boshlandi...
Eslatma yuborish uchun buyurtma topilmadi.
15.03.2026 16:00:03 — To'lanmagan buyurtmalarga eslatma yuborish boshlandi...

   Illuminate\Database\QueryException 

  SQLSTATE[HY000] [2002] Connection refused (Connection: mysql, SQL: select * from `solds` where `paymentStatus` = 1 and `status` = A and `created_at` >= 2026-03-15 15:00:03)

  at vendor/laravel/framework/src/Illuminate/Database/Connection.php:825
    821▕                     $this->getName(), $query, $this->prepareBindings($bindings), $e
    822▕                 );
    823▕             }
    824▕ 
  ➜ 825▕             throw new QueryException(
    826▕                 $this->getName(), $query, $this->prepareBindings($bindings), $e
    827▕             );
    828▕         }
    829▕     }

      [2m+22 vendor frames [22m

  23  app/Console/Commands/RemindUnpaidOrders.php:129
      Illuminate\Database\Eloquent\Builder::get()
      [2m+13 vendor frames [22m

  37  artisan:13
      Illuminate\Foundation\Application::handleCommand()

15.03.2026 16:10:02 — To'lanmagan buyurtmalarga eslatma yuborish boshlandi...
Eslatma yuborish uchun buyurtma topilmadi.
15.03.2026 16:20:02 — To'lanmagan buyurtmalarga eslatma yuborish boshlandi...
Eslatma yuborish uchun buyurtma topilmadi.
15.03.2026 16:30:02 — To'lanmagan buyurtmalarga eslatma yuborish boshlandi...

   Illuminate\Database\QueryException 

  SQLSTATE[HY000] [2002] Connection refused (Connection: mysql, SQL: select * from `solds` where `paymentStatus` = 1 and `status` = A and `created_at` >= 2026-03-15 15:30:02)

  at vendor/laravel/framework/src/Illuminate/Database/Connection.php:825
    821▕                     $this->getName(), $query, $this->prepareBindings($bindings), $e
    822▕                 );
    823▕             }
    824▕ 
  ➜ 825▕             throw new QueryException(
    826▕                 $this->getName(), $query, $this->prepareBindings($bindings), $e
    827▕             );
    828▕         }
    829▕     }

      [2m+22 vendor frames [22m

  23  app/Console/Commands/RemindUnpaidOrders.php:129
      Illuminate\Database\Eloquent\Builder::get()
      [2m+13 vendor frames [22m

  37  artisan:13
      Illuminate\Foundation\Application::handleCommand()

15.03.2026 16:40:02 — To'lanmagan buyurtmalarga eslatma yuborish boshlandi...
Eslatma yuborish uchun buyurtma topilmadi.
15.03.2026 16:50:02 — To'lanmagan buyurtmalarga eslatma yuborish boshlandi...
Eslatma yuborish uchun buyurtma topilmadi.
15.03.2026 17:00:02 — To'lanmagan buyurtmalarga eslatma yuborish boshlandi...

   Illuminate\Database\QueryException 

  SQLSTATE[HY000] [2002] Connection refused (Connection: mysql, SQL: select * from `solds` where `paymentStatus` = 1 and `status` = A and `created_at` >= 2026-03-15 16:00:02)

  at vendor/laravel/framework/src/Illuminate/Database/Connection.php:825
    821▕                     $this->getName(), $query, $this->prepareBindings($bindings), $e
    822▕                 );
    823▕             }
    824▕ 
  ➜ 825▕             throw new QueryException(
    826▕                 $this->getName(), $query, $this->prepareBindings($bindings), $e
    827▕             );
    828▕         }
    829▕     }

      [2m+22 vendor frames [22m

  23  app/Console/Commands/RemindUnpaidOrders.php:129
      Illuminate\Database\Eloquent\Builder::get()
      [2m+13 vendor frames [22m

  37  artisan:13
      Illuminate\Foundation\Application::handleCommand()

15.03.2026 17:10:03 — To'lanmagan buyurtmalarga eslatma yuborish boshlandi...
Eslatma yuborish uchun buyurtma topilmadi.
15.03.2026 17:20:03 — To'lanmagan buyurtmalarga eslatma yuborish boshlandi...
Eslatma yuborish uchun buyurtma topilmadi.
15.03.2026 17:30:03 — To'lanmagan buyurtmalarga eslatma yuborish boshlandi...

   Illuminate\Database\QueryException 

  SQLSTATE[HY000] [2002] Connection refused (Connection: mysql, SQL: select * from `solds` where `paymentStatus` = 1 and `status` = A and `created_at` >= 2026-03-15 16:30:03)

  at vendor/laravel/framework/src/Illuminate/Database/Connection.php:825
    821▕                     $this->getName(), $query, $this->prepareBindings($bindings), $e
    822▕                 );
    823▕             }
    824▕ 
  ➜ 825▕             throw new QueryException(
    826▕                 $this->getName(), $query, $this->prepareBindings($bindings), $e
    827▕             );
    828▕         }
    829▕     }

      [2m+22 vendor frames [22m

  23  app/Console/Commands/RemindUnpaidOrders.php:129
      Illuminate\Database\Eloquent\Builder::get()
      [2m+13 vendor frames [22m

  37  artisan:13
      Illuminate\Foundation\Application::handleCommand()

15.03.2026 17:40:02 — To'lanmagan buyurtmalarga eslatma yuborish boshlandi...
Eslatma yuborish uchun buyurtma topilmadi.
15.03.2026 17:50:02 — To'lanmagan buyurtmalarga eslatma yuborish boshlandi...
Eslatma yuborish uchun buyurtma topilmadi.
15.03.2026 18:00:03 — To'lanmagan buyurtmalarga eslatma yuborish boshlandi...

   Illuminate\Database\QueryException 

  SQLSTATE[HY000] [2002] Connection refused (Connection: mysql, SQL: select * from `solds` where `paymentStatus` = 1 and `status` = A and `created_at` >= 2026-03-15 17:00:03)

  at vendor/laravel/framework/src/Illuminate/Database/Connection.php:825
    821▕                     $this->getName(), $query, $this->prepareBindings($bindings), $e
    822▕                 );
    823▕             }
    824▕ 
  ➜ 825▕             throw new QueryException(
    826▕                 $this->getName(), $query, $this->prepareBindings($bindings), $e
    827▕             );
    828▕         }
    829▕     }

      [2m+22 vendor frames [22m

  23  app/Console/Commands/RemindUnpaidOrders.php:129
      Illuminate\Database\Eloquent\Builder::get()
      [2m+13 vendor frames [22m

  37  artisan:13
      Illuminate\Foundation\Application::handleCommand()

15.03.2026 18:10:02 — To'lanmagan buyurtmalarga eslatma yuborish boshlandi...
Eslatma yuborish uchun buyurtma topilmadi.
15.03.2026 18:20:02 — To'lanmagan buyurtmalarga eslatma yuborish boshlandi...
Eslatma yuborish uchun buyurtma topilmadi.
15.03.2026 18:30:02 — To'lanmagan buyurtmalarga eslatma yuborish boshlandi...

   Illuminate\Database\QueryException 

  SQLSTATE[HY000] [2002] Connection refused (Connection: mysql, SQL: select * from `solds` where `paymentStatus` = 1 and `status` = A and `created_at` >= 2026-03-15 17:30:02)

  at vendor/laravel/framework/src/Illuminate/Database/Connection.php:825
    821▕                     $this->getName(), $query, $this->prepareBindings($bindings), $e
    822▕                 );
    823▕             }
    824▕ 
  ➜ 825▕             throw new QueryException(
    826▕                 $this->getName(), $query, $this->prepareBindings($bindings), $e
    827▕             );
    828▕         }
    829▕     }

      [2m+22 vendor frames [22m

  23  app/Console/Commands/RemindUnpaidOrders.php:129
      Illuminate\Database\Eloquent\Builder::get()
      [2m+13 vendor frames [22m

  37  artisan:13
      Illuminate\Foundation\Application::handleCommand()

15.03.2026 18:40:02 — To'lanmagan buyurtmalarga eslatma yuborish boshlandi...
Eslatma yuborish uchun buyurtma topilmadi.
15.03.2026 18:50:02 — To'lanmagan buyurtmalarga eslatma yuborish boshlandi...
Eslatma yuborish uchun buyurtma topilmadi.
15.03.2026 19:00:02 — To'lanmagan buyurtmalarga eslatma yuborish boshlandi...
Eslatma yuborish uchun buyurtma topilmadi.
15.03.2026 19:10:02 — To'lanmagan buyurtmalarga eslatma yuborish boshlandi...
Eslatma yuborish uchun buyurtma topilmadi.
15.03.2026 19:20:02 — To'lanmagan buyurtmalarga eslatma yuborish boshlandi...
Eslatma yuborish uchun buyurtma topilmadi.
15.03.2026 19:30:03 — To'lanmagan buyurtmalarga eslatma yuborish boshlandi...

   Illuminate\Database\QueryException 

  SQLSTATE[HY000] [2002] Connection refused (Connection: mysql, SQL: select * from `solds` where `paymentStatus` = 1 and `status` = A and `created_at` >= 2026-03-15 18:30:03)

  at vendor/laravel/framework/src/Illuminate/Database/Connection.php:825
    821▕                     $this->getName(), $query, $this->prepareBindings($bindings), $e
    822▕                 );
    823▕             }
    824▕ 
  ➜ 825▕             throw new QueryException(
    826▕                 $this->getName(), $query, $this->prepareBindings($bindings), $e
    827▕             );
    828▕         }
    829▕     }

      [2m+22 vendor frames [22m

  23  app/Console/Commands/RemindUnpaidOrders.php:129
      Illuminate\Database\Eloquent\Builder::get()
      [2m+13 vendor frames [22m

  37  artisan:13
      Illuminate\Foundation\Application::handleCommand()

15.03.2026 19:40:02 — To'lanmagan buyurtmalarga eslatma yuborish boshlandi...
Eslatma yuborish uchun buyurtma topilmadi.
15.03.2026 19:50:02 — To'lanmagan buyurtmalarga eslatma yuborish boshlandi...
Eslatma yuborish uchun buyurtma topilmadi.
15.03.2026 20:00:02 — To'lanmagan buyurtmalarga eslatma yuborish boshlandi...

   Illuminate\Database\QueryException 

  SQLSTATE[HY000] [2002] Connection refused (Connection: mysql, SQL: select * from `solds` where `paymentStatus` = 1 and `status` = A and `created_at` >= 2026-03-15 19:00:02)

  at vendor/laravel/framework/src/Illuminate/Database/Connection.php:825
    821▕                     $this->getName(), $query, $this->prepareBindings($bindings), $e
    822▕                 );
    823▕             }
    824▕ 
  ➜ 825▕             throw new QueryException(
    826▕                 $this->getName(), $query, $this->prepareBindings($bindings), $e
    827▕             );
    828▕         }
    829▕     }

      [2m+22 vendor frames [22m

  23  app/Console/Commands/RemindUnpaidOrders.php:129
      Illuminate\Database\Eloquent\Builder::get()
      [2m+13 vendor frames [22m

  37  artisan:13
      Illuminate\Foundation\Application::handleCommand()

15.03.2026 20:10:02 — To'lanmagan buyurtmalarga eslatma yuborish boshlandi...
Eslatma yuborish uchun buyurtma topilmadi.
15.03.2026 20:20:02 — To'lanmagan buyurtmalarga eslatma yuborish boshlandi...
Eslatma yuborish uchun buyurtma topilmadi.
15.03.2026 20:30:02 — To'lanmagan buyurtmalarga eslatma yuborish boshlandi...

   Illuminate\Database\QueryException 

  SQLSTATE[HY000] [2002] Connection refused (Connection: mysql, SQL: select * from `solds` where `paymentStatus` = 1 and `status` = A and `created_at` >= 2026-03-15 19:30:02)

  at vendor/laravel/framework/src/Illuminate/Database/Connection.php:825
    821▕                     $this->getName(), $query, $this->prepareBindings($bindings), $e
    822▕                 );
    823▕             }
    824▕ 
  ➜ 825▕             throw new QueryException(
    826▕                 $this->getName(), $query, $this->prepareBindings($bindings), $e
    827▕             );
    828▕         }
    829▕     }

      [2m+22 vendor frames [22m

  23  app/Console/Commands/RemindUnpaidOrders.php:129
      Illuminate\Database\Eloquent\Builder::get()
      [2m+13 vendor frames [22m

  37  artisan:13
      Illuminate\Foundation\Application::handleCommand()

15.03.2026 20:40:02 — To'lanmagan buyurtmalarga eslatma yuborish boshlandi...
Eslatma yuborish uchun buyurtma topilmadi.
15.03.2026 20:50:02 — To'lanmagan buyurtmalarga eslatma yuborish boshlandi...
Eslatma yuborish uchun buyurtma topilmadi.
15.03.2026 21:00:03 — To'lanmagan buyurtmalarga eslatma yuborish boshlandi...

   Illuminate\Database\QueryException 

  SQLSTATE[HY000] [2002] Connection refused (Connection: mysql, SQL: select * from `solds` where `paymentStatus` = 1 and `status` = A and `created_at` >= 2026-03-15 20:00:03)

  at vendor/laravel/framework/src/Illuminate/Database/Connection.php:825
    821▕                     $this->getName(), $query, $this->prepareBindings($bindings), $e
    822▕                 );
    823▕             }
    824▕ 
  ➜ 825▕             throw new QueryException(
    826▕                 $this->getName(), $query, $this->prepareBindings($bindings), $e
    827▕             );
    828▕         }
    829▕     }

      [2m+22 vendor frames [22m

  23  app/Console/Commands/RemindUnpaidOrders.php:129
      Illuminate\Database\Eloquent\Builder::get()
      [2m+13 vendor frames [22m

  37  artisan:13
      Illuminate\Foundation\Application::handleCommand()

15.03.2026 21:10:02 — To'lanmagan buyurtmalarga eslatma yuborish boshlandi...
Eslatma yuborish uchun buyurtma topilmadi.
15.03.2026 21:20:02 — To'lanmagan buyurtmalarga eslatma yuborish boshlandi...
Eslatma yuborish uchun buyurtma topilmadi.
15.03.2026 21:30:03 — To'lanmagan buyurtmalarga eslatma yuborish boshlandi...

   Illuminate\Database\QueryException 

  SQLSTATE[HY000] [2002] Connection refused (Connection: mysql, SQL: select * from `solds` where `paymentStatus` = 1 and `status` = A and `created_at` >= 2026-03-15 20:30:03)

  at vendor/laravel/framework/src/Illuminate/Database/Connection.php:825
    821▕                     $this->getName(), $query, $this->prepareBindings($bindings), $e
    822▕                 );
    823▕             }
    824▕ 
  ➜ 825▕             throw new QueryException(
    826▕                 $this->getName(), $query, $this->prepareBindings($bindings), $e
    827▕             );
    828▕         }
    829▕     }

      [2m+22 vendor frames [22m

  23  app/Console/Commands/RemindUnpaidOrders.php:129
      Illuminate\Database\Eloquent\Builder::get()
      [2m+13 vendor frames [22m

  37  artisan:13
      Illuminate\Foundation\Application::handleCommand()

15.03.2026 21:40:03 — To'lanmagan buyurtmalarga eslatma yuborish boshlandi...
Eslatma yuborish uchun buyurtma topilmadi.
15.03.2026 21:50:02 — To'lanmagan buyurtmalarga eslatma yuborish boshlandi...
Eslatma yuborish uchun buyurtma topilmadi.
15.03.2026 22:00:03 — To'lanmagan buyurtmalarga eslatma yuborish boshlandi...

   Illuminate\Database\QueryException 

  SQLSTATE[HY000] [2002] Connection refused (Connection: mysql, SQL: select * from `solds` where `paymentStatus` = 1 and `status` = A and `created_at` >= 2026-03-15 21:00:03)

  at vendor/laravel/framework/src/Illuminate/Database/Connection.php:825
    821▕                     $this->getName(), $query, $this->prepareBindings($bindings), $e
    822▕                 );
    823▕             }
    824▕ 
  ➜ 825▕             throw new QueryException(
    826▕                 $this->getName(), $query, $this->prepareBindings($bindings), $e
    827▕             );
    828▕         }
    829▕     }

      [2m+22 vendor frames [22m

  23  app/Console/Commands/RemindUnpaidOrders.php:129
      Illuminate\Database\Eloquent\Builder::get()
      [2m+13 vendor frames [22m

  37  artisan:13
      Illuminate\Foundation\Application::handleCommand()

15.03.2026 22:10:02 — To'lanmagan buyurtmalarga eslatma yuborish boshlandi...
Eslatma yuborish uchun buyurtma topilmadi.
15.03.2026 22:20:02 — To'lanmagan buyurtmalarga eslatma yuborish boshlandi...
Eslatma yuborish uchun buyurtma topilmadi.
15.03.2026 22:30:02 — To'lanmagan buyurtmalarga eslatma yuborish boshlandi...

   Illuminate\Database\QueryException 

  SQLSTATE[HY000] [2002] Connection refused (Connection: mysql, SQL: select * from `solds` where `paymentStatus` = 1 and `status` = A and `created_at` >= 2026-03-15 21:30:02)

  at vendor/laravel/framework/src/Illuminate/Database/Connection.php:825
    821▕                     $this->getName(), $query, $this->prepareBindings($bindings), $e
    822▕                 );
    823▕             }
    824▕ 
  ➜ 825▕             throw new QueryException(
    826▕                 $this->getName(), $query, $this->prepareBindings($bindings), $e
    827▕             );
    828▕         }
    829▕     }

      [2m+22 vendor frames [22m

  23  app/Console/Commands/RemindUnpaidOrders.php:129
      Illuminate\Database\Eloquent\Builder::get()
      [2m+13 vendor frames [22m

  37  artisan:13
      Illuminate\Foundation\Application::handleCommand()

15.03.2026 22:40:02 — To'lanmagan buyurtmalarga eslatma yuborish boshlandi...
Eslatma yuborish uchun buyurtma topilmadi.
15.03.2026 22:50:02 — To'lanmagan buyurtmalarga eslatma yuborish boshlandi...
Eslatma yuborish uchun buyurtma topilmadi.
15.03.2026 23:00:03 — To'lanmagan buyurtmalarga eslatma yuborish boshlandi...

   Illuminate\Database\QueryException 

  SQLSTATE[HY000] [2002] Connection refused (Connection: mysql, SQL: select * from `solds` where `paymentStatus` = 1 and `status` = A and `created_at` >= 2026-03-15 22:00:03)

  at vendor/laravel/framework/src/Illuminate/Database/Connection.php:825
    821▕                     $this->getName(), $query, $this->prepareBindings($bindings), $e
    822▕                 );
    823▕             }
    824▕ 
  ➜ 825▕             throw new QueryException(
    826▕                 $this->getName(), $query, $this->prepareBindings($bindings), $e
    827▕             );
    828▕         }
    829▕     }

      [2m+22 vendor frames [22m

  23  app/Console/Commands/RemindUnpaidOrders.php:129
      Illuminate\Database\Eloquent\Builder::get()
      [2m+13 vendor frames [22m

  37  artisan:13
      Illuminate\Foundation\Application::handleCommand()

15.03.2026 23:10:03 — To'lanmagan buyurtmalarga eslatma yuborish boshlandi...
Eslatma yuborish uchun buyurtma topilmadi.
15.03.2026 23:20:02 — To'lanmagan buyurtmalarga eslatma yuborish boshlandi...
Eslatma yuborish uchun buyurtma topilmadi.
15.03.2026 23:30:03 — To'lanmagan buyurtmalarga eslatma yuborish boshlandi...

   Illuminate\Database\QueryException 

  SQLSTATE[HY000] [2002] Connection refused (Connection: mysql, SQL: select * from `solds` where `paymentStatus` = 1 and `status` = A and `created_at` >= 2026-03-15 22:30:03)

  at vendor/laravel/framework/src/Illuminate/Database/Connection.php:825
    821▕                     $this->getName(), $query, $this->prepareBindings($bindings), $e
    822▕                 );
    823▕             }
    824▕ 
  ➜ 825▕             throw new QueryException(
    826▕                 $this->getName(), $query, $this->prepareBindings($bindings), $e
    827▕             );
    828▕         }
    829▕     }

      [2m+22 vendor frames [22m

  23  app/Console/Commands/RemindUnpaidOrders.php:129
      Illuminate\Database\Eloquent\Builder::get()
      [2m+13 vendor frames [22m

  37  artisan:13
      Illuminate\Foundation\Application::handleCommand()

15.03.2026 23:40:02 — To'lanmagan buyurtmalarga eslatma yuborish boshlandi...
Eslatma yuborish uchun buyurtma topilmadi.
15.03.2026 23:50:02 — To'lanmagan buyurtmalarga eslatma yuborish boshlandi...
Eslatma yuborish uchun buyurtma topilmadi.
16.03.2026 00:00:03 — To'lanmagan buyurtmalarga eslatma yuborish boshlandi...

   Illuminate\Database\QueryException 

  SQLSTATE[HY000] [2002] Connection refused (Connection: mysql, SQL: select * from `solds` where `paymentStatus` = 1 and `status` = A and `created_at` >= 2026-03-15 23:00:03)

  at vendor/laravel/framework/src/Illuminate/Database/Connection.php:825
    821▕                     $this->getName(), $query, $this->prepareBindings($bindings), $e
    822▕                 );
    823▕             }
    824▕ 
  ➜ 825▕             throw new QueryException(
    826▕                 $this->getName(), $query, $this->prepareBindings($bindings), $e
    827▕             );
    828▕         }
    829▕     }

      [2m+22 vendor frames [22m

  23  app/Console/Commands/RemindUnpaidOrders.php:129
      Illuminate\Database\Eloquent\Builder::get()
      [2m+13 vendor frames [22m

  37  artisan:13
      Illuminate\Foundation\Application::handleCommand()

16.03.2026 00:10:02 — To'lanmagan buyurtmalarga eslatma yuborish boshlandi...
Eslatma yuborish uchun buyurtma topilmadi.
16.03.2026 00:20:03 — To'lanmagan buyurtmalarga eslatma yuborish boshlandi...
Eslatma yuborish uchun buyurtma topilmadi.
16.03.2026 00:30:02 — To'lanmagan buyurtmalarga eslatma yuborish boshlandi...

   Illuminate\Database\QueryException 

  SQLSTATE[HY000] [2002] Connection refused (Connection: mysql, SQL: select * from `solds` where `paymentStatus` = 1 and `status` = A and `created_at` >= 2026-03-15 23:30:02)

  at vendor/laravel/framework/src/Illuminate/Database/Connection.php:825
    821▕                     $this->getName(), $query, $this->prepareBindings($bindings), $e
    822▕                 );
    823▕             }
    824▕ 
  ➜ 825▕             throw new QueryException(
    826▕                 $this->getName(), $query, $this->prepareBindings($bindings), $e
    827▕             );
    828▕         }
    829▕     }

      [2m+22 vendor frames [22m

  23  app/Console/Commands/RemindUnpaidOrders.php:129
      Illuminate\Database\Eloquent\Builder::get()
      [2m+13 vendor frames [22m

  37  artisan:13
      Illuminate\Foundation\Application::handleCommand()

16.03.2026 00:40:02 — To'lanmagan buyurtmalarga eslatma yuborish boshlandi...
Eslatma yuborish uchun buyurtma topilmadi.
16.03.2026 00:50:02 — To'lanmagan buyurtmalarga eslatma yuborish boshlandi...
Eslatma yuborish uchun buyurtma topilmadi.
16.03.2026 01:00:02 — To'lanmagan buyurtmalarga eslatma yuborish boshlandi...

   Illuminate\Database\QueryException 

  SQLSTATE[HY000] [2002] Connection refused (Connection: mysql, SQL: select * from `solds` where `paymentStatus` = 1 and `status` = A and `created_at` >= 2026-03-16 00:00:02)

  at vendor/laravel/framework/src/Illuminate/Database/Connection.php:825
    821▕                     $this->getName(), $query, $this->prepareBindings($bindings), $e
    822▕                 );
    823▕             }
    824▕ 
  ➜ 825▕             throw new QueryException(
    826▕                 $this->getName(), $query, $this->prepareBindings($bindings), $e
    827▕             );
    828▕         }
    829▕     }

      [2m+22 vendor frames [22m

  23  app/Console/Commands/RemindUnpaidOrders.php:129
      Illuminate\Database\Eloquent\Builder::get()
      [2m+13 vendor frames [22m

  37  artisan:13
      Illuminate\Foundation\Application::handleCommand()

16.03.2026 01:10:02 — To'lanmagan buyurtmalarga eslatma yuborish boshlandi...
Eslatma yuborish uchun buyurtma topilmadi.
16.03.2026 01:20:03 — To'lanmagan buyurtmalarga eslatma yuborish boshlandi...
Eslatma yuborish uchun buyurtma topilmadi.
16.03.2026 01:30:02 — To'lanmagan buyurtmalarga eslatma yuborish boshlandi...

   Illuminate\Database\QueryException 

  SQLSTATE[HY000] [2002] Connection refused (Connection: mysql, SQL: select * from `solds` where `paymentStatus` = 1 and `status` = A and `created_at` >= 2026-03-16 00:30:02)

  at vendor/laravel/framework/src/Illuminate/Database/Connection.php:825
    821▕                     $this->getName(), $query, $this->prepareBindings($bindings), $e
    822▕                 );
    823▕             }
    824▕ 
  ➜ 825▕             throw new QueryException(
    826▕                 $this->getName(), $query, $this->prepareBindings($bindings), $e
    827▕             );
    828▕         }
    829▕     }

      [2m+22 vendor frames [22m

  23  app/Console/Commands/RemindUnpaidOrders.php:129
      Illuminate\Database\Eloquent\Builder::get()
      [2m+13 vendor frames [22m

  37  artisan:13
      Illuminate\Foundation\Application::handleCommand()

16.03.2026 01:40:02 — To'lanmagan buyurtmalarga eslatma yuborish boshlandi...
Eslatma yuborish uchun buyurtma topilmadi.
16.03.2026 01:50:03 — To'lanmagan buyurtmalarga eslatma yuborish boshlandi...
Eslatma yuborish uchun buyurtma topilmadi.
16.03.2026 02:00:02 — To'lanmagan buyurtmalarga eslatma yuborish boshlandi...

   Illuminate\Database\QueryException 

  SQLSTATE[HY000] [2002] Connection refused (Connection: mysql, SQL: select * from `solds` where `paymentStatus` = 1 and `status` = A and `created_at` >= 2026-03-16 01:00:02)

  at vendor/laravel/framework/src/Illuminate/Database/Connection.php:825
    821▕                     $this->getName(), $query, $this->prepareBindings($bindings), $e
    822▕                 );
    823▕             }
    824▕ 
  ➜ 825▕             throw new QueryException(
    826▕                 $this->getName(), $query, $this->prepareBindings($bindings), $e
    827▕             );
    828▕         }
    829▕     }

      [2m+22 vendor frames [22m

  23  app/Console/Commands/RemindUnpaidOrders.php:129
      Illuminate\Database\Eloquent\Builder::get()
      [2m+13 vendor frames [22m

  37  artisan:13
      Illuminate\Foundation\Application::handleCommand()

16.03.2026 02:10:03 — To'lanmagan buyurtmalarga eslatma yuborish boshlandi...
Eslatma yuborish uchun buyurtma topilmadi.
16.03.2026 02:20:03 — To'lanmagan buyurtmalarga eslatma yuborish boshlandi...
Eslatma yuborish uchun buyurtma topilmadi.
16.03.2026 02:30:03 — To'lanmagan buyurtmalarga eslatma yuborish boshlandi...

   Illuminate\Database\QueryException 

  SQLSTATE[HY000] [2002] Connection refused (Connection: mysql, SQL: select * from `solds` where `paymentStatus` = 1 and `status` = A and `created_at` >= 2026-03-16 01:30:03)

  at vendor/laravel/framework/src/Illuminate/Database/Connection.php:825
    821▕                     $this->getName(), $query, $this->prepareBindings($bindings), $e
    822▕                 );
    823▕             }
    824▕ 
  ➜ 825▕             throw new QueryException(
    826▕                 $this->getName(), $query, $this->prepareBindings($bindings), $e
    827▕             );
    828▕         }
    829▕     }

      [2m+22 vendor frames [22m

  23  app/Console/Commands/RemindUnpaidOrders.php:129
      Illuminate\Database\Eloquent\Builder::get()
      [2m+13 vendor frames [22m

  37  artisan:13
      Illuminate\Foundation\Application::handleCommand()

16.03.2026 02:40:02 — To'lanmagan buyurtmalarga eslatma yuborish boshlandi...
Eslatma yuborish uchun buyurtma topilmadi.
16.03.2026 02:50:02 — To'lanmagan buyurtmalarga eslatma yuborish boshlandi...
Eslatma yuborish uchun buyurtma topilmadi.
16.03.2026 03:00:02 — To'lanmagan buyurtmalarga eslatma yuborish boshlandi...

   Illuminate\Database\QueryException 

  SQLSTATE[HY000] [2002] Connection refused (Connection: mysql, SQL: select * from `solds` where `paymentStatus` = 1 and `status` = A and `created_at` >= 2026-03-16 02:00:02)

  at vendor/laravel/framework/src/Illuminate/Database/Connection.php:825
    821▕                     $this->getName(), $query, $this->prepareBindings($bindings), $e
    822▕                 );
    823▕             }
    824▕ 
  ➜ 825▕             throw new QueryException(
    826▕                 $this->getName(), $query, $this->prepareBindings($bindings), $e
    827▕             );
    828▕         }
    829▕     }

      [2m+22 vendor frames [22m

  23  app/Console/Commands/RemindUnpaidOrders.php:129
      Illuminate\Database\Eloquent\Builder::get()
      [2m+13 vendor frames [22m

  37  artisan:13
      Illuminate\Foundation\Application::handleCommand()

16.03.2026 03:10:02 — To'lanmagan buyurtmalarga eslatma yuborish boshlandi...
Eslatma yuborish uchun buyurtma topilmadi.
16.03.2026 03:20:02 — To'lanmagan buyurtmalarga eslatma yuborish boshlandi...
Eslatma yuborish uchun buyurtma topilmadi.
16.03.2026 03:30:02 — To'lanmagan buyurtmalarga eslatma yuborish boshlandi...

   Illuminate\Database\QueryException 

  SQLSTATE[HY000] [2002] Connection refused (Connection: mysql, SQL: select * from `solds` where `paymentStatus` = 1 and `status` = A and `created_at` >= 2026-03-16 02:30:02)

  at vendor/laravel/framework/src/Illuminate/Database/Connection.php:825
    821▕                     $this->getName(), $query, $this->prepareBindings($bindings), $e
    822▕                 );
    823▕             }
    824▕ 
  ➜ 825▕             throw new QueryException(
    826▕                 $this->getName(), $query, $this->prepareBindings($bindings), $e
    827▕             );
    828▕         }
    829▕     }

      [2m+22 vendor frames [22m

  23  app/Console/Commands/RemindUnpaidOrders.php:129
      Illuminate\Database\Eloquent\Builder::get()
      [2m+13 vendor frames [22m

  37  artisan:13
      Illuminate\Foundation\Application::handleCommand()

16.03.2026 03:40:02 — To'lanmagan buyurtmalarga eslatma yuborish boshlandi...
Eslatma yuborish uchun buyurtma topilmadi.
16.03.2026 03:50:02 — To'lanmagan buyurtmalarga eslatma yuborish boshlandi...
Eslatma yuborish uchun buyurtma topilmadi.
16.03.2026 04:00:02 — To'lanmagan buyurtmalarga eslatma yuborish boshlandi...

   Illuminate\Database\QueryException 

  SQLSTATE[HY000] [2002] Connection refused (Connection: mysql, SQL: select * from `solds` where `paymentStatus` = 1 and `status` = A and `created_at` >= 2026-03-16 03:00:02)

  at vendor/laravel/framework/src/Illuminate/Database/Connection.php:825
    821▕                     $this->getName(), $query, $this->prepareBindings($bindings), $e
    822▕                 );
    823▕             }
    824▕ 
  ➜ 825▕             throw new QueryException(
    826▕                 $this->getName(), $query, $this->prepareBindings($bindings), $e
    827▕             );
    828▕         }
    829▕     }

      [2m+22 vendor frames [22m

  23  app/Console/Commands/RemindUnpaidOrders.php:129
      Illuminate\Database\Eloquent\Builder::get()
      [2m+13 vendor frames [22m

  37  artisan:13
      Illuminate\Foundation\Application::handleCommand()

16.03.2026 04:10:02 — To'lanmagan buyurtmalarga eslatma yuborish boshlandi...
Eslatma yuborish uchun buyurtma topilmadi.
16.03.2026 04:20:02 — To'lanmagan buyurtmalarga eslatma yuborish boshlandi...
Eslatma yuborish uchun buyurtma topilmadi.
16.03.2026 04:30:02 — To'lanmagan buyurtmalarga eslatma yuborish boshlandi...

   Illuminate\Database\QueryException 

  SQLSTATE[HY000] [2002] Connection refused (Connection: mysql, SQL: select * from `solds` where `paymentStatus` = 1 and `status` = A and `created_at` >= 2026-03-16 03:30:02)

  at vendor/laravel/framework/src/Illuminate/Database/Connection.php:825
    821▕                     $this->getName(), $query, $this->prepareBindings($bindings), $e
    822▕                 );
    823▕             }
    824▕ 
  ➜ 825▕             throw new QueryException(
    826▕                 $this->getName(), $query, $this->prepareBindings($bindings), $e
    827▕             );
    828▕         }
    829▕     }

      [2m+22 vendor frames [22m

  23  app/Console/Commands/RemindUnpaidOrders.php:129
      Illuminate\Database\Eloquent\Builder::get()
      [2m+13 vendor frames [22m

  37  artisan:13
      Illuminate\Foundation\Application::handleCommand()

16.03.2026 04:40:02 — To'lanmagan buyurtmalarga eslatma yuborish boshlandi...
Eslatma yuborish uchun buyurtma topilmadi.
16.03.2026 04:50:02 — To'lanmagan buyurtmalarga eslatma yuborish boshlandi...
Eslatma yuborish uchun buyurtma topilmadi.
16.03.2026 05:00:03 — To'lanmagan buyurtmalarga eslatma yuborish boshlandi...

   Illuminate\Database\QueryException 

  SQLSTATE[HY000] [2002] Connection refused (Connection: mysql, SQL: select * from `solds` where `paymentStatus` = 1 and `status` = A and `created_at` >= 2026-03-16 04:00:03)

  at vendor/laravel/framework/src/Illuminate/Database/Connection.php:825
    821▕                     $this->getName(), $query, $this->prepareBindings($bindings), $e
    822▕                 );
    823▕             }
    824▕ 
  ➜ 825▕             throw new QueryException(
    826▕                 $this->getName(), $query, $this->prepareBindings($bindings), $e
    827▕             );
    828▕         }
    829▕     }

      [2m+22 vendor frames [22m

  23  app/Console/Commands/RemindUnpaidOrders.php:129
      Illuminate\Database\Eloquent\Builder::get()
      [2m+13 vendor frames [22m

  37  artisan:13
      Illuminate\Foundation\Application::handleCommand()

16.03.2026 05:10:02 — To'lanmagan buyurtmalarga eslatma yuborish boshlandi...
Eslatma yuborish uchun buyurtma topilmadi.
16.03.2026 05:20:02 — To'lanmagan buyurtmalarga eslatma yuborish boshlandi...
Eslatma yuborish uchun buyurtma topilmadi.
16.03.2026 05:30:02 — To'lanmagan buyurtmalarga eslatma yuborish boshlandi...

   Illuminate\Database\QueryException 

  SQLSTATE[HY000] [2002] Connection refused (Connection: mysql, SQL: select * from `solds` where `paymentStatus` = 1 and `status` = A and `created_at` >= 2026-03-16 04:30:02)

  at vendor/laravel/framework/src/Illuminate/Database/Connection.php:825
    821▕                     $this->getName(), $query, $this->prepareBindings($bindings), $e
    822▕                 );
    823▕             }
    824▕ 
  ➜ 825▕             throw new QueryException(
    826▕                 $this->getName(), $query, $this->prepareBindings($bindings), $e
    827▕             );
    828▕         }
    829▕     }

      [2m+22 vendor frames [22m

  23  app/Console/Commands/RemindUnpaidOrders.php:129
      Illuminate\Database\Eloquent\Builder::get()
      [2m+13 vendor frames [22m

  37  artisan:13
      Illuminate\Foundation\Application::handleCommand()

16.03.2026 05:40:02 — To'lanmagan buyurtmalarga eslatma yuborish boshlandi...
Eslatma yuborish uchun buyurtma topilmadi.
16.03.2026 05:50:02 — To'lanmagan buyurtmalarga eslatma yuborish boshlandi...
Eslatma yuborish uchun buyurtma topilmadi.
16.03.2026 06:00:03 — To'lanmagan buyurtmalarga eslatma yuborish boshlandi...

   Illuminate\Database\QueryException 

  SQLSTATE[HY000] [2002] Connection refused (Connection: mysql, SQL: select * from `solds` where `paymentStatus` = 1 and `status` = A and `created_at` >= 2026-03-16 05:00:03)

  at vendor/laravel/framework/src/Illuminate/Database/Connection.php:825
    821▕                     $this->getName(), $query, $this->prepareBindings($bindings), $e
    822▕                 );
    823▕             }
    824▕ 
  ➜ 825▕             throw new QueryException(
    826▕                 $this->getName(), $query, $this->prepareBindings($bindings), $e
    827▕             );
    828▕         }
    829▕     }

      [2m+22 vendor frames [22m

  23  app/Console/Commands/RemindUnpaidOrders.php:129
      Illuminate\Database\Eloquent\Builder::get()
      [2m+13 vendor frames [22m

  37  artisan:13
      Illuminate\Foundation\Application::handleCommand()

16.03.2026 06:10:02 — To'lanmagan buyurtmalarga eslatma yuborish boshlandi...
Eslatma yuborish uchun buyurtma topilmadi.
16.03.2026 06:20:02 — To'lanmagan buyurtmalarga eslatma yuborish boshlandi...
Eslatma yuborish uchun buyurtma topilmadi.
16.03.2026 06:30:02 — To'lanmagan buyurtmalarga eslatma yuborish boshlandi...

   Illuminate\Database\QueryException 

  SQLSTATE[HY000] [2002] Connection refused (Connection: mysql, SQL: select * from `solds` where `paymentStatus` = 1 and `status` = A and `created_at` >= 2026-03-16 05:30:02)

  at vendor/laravel/framework/src/Illuminate/Database/Connection.php:825
    821▕                     $this->getName(), $query, $this->prepareBindings($bindings), $e
    822▕                 );
    823▕             }
    824▕ 
  ➜ 825▕             throw new QueryException(
    826▕                 $this->getName(), $query, $this->prepareBindings($bindings), $e
    827▕             );
    828▕         }
    829▕     }

      [2m+22 vendor frames [22m

  23  app/Console/Commands/RemindUnpaidOrders.php:129
      Illuminate\Database\Eloquent\Builder::get()
      [2m+13 vendor frames [22m

  37  artisan:13
      Illuminate\Foundation\Application::handleCommand()

16.03.2026 06:40:02 — To'lanmagan buyurtmalarga eslatma yuborish boshlandi...
Eslatma yuborish uchun buyurtma topilmadi.
16.03.2026 06:50:02 — To'lanmagan buyurtmalarga eslatma yuborish boshlandi...
Eslatma yuborish uchun buyurtma topilmadi.
16.03.2026 07:00:03 — To'lanmagan buyurtmalarga eslatma yuborish boshlandi...

   Illuminate\Database\QueryException 

  SQLSTATE[HY000] [2002] Connection refused (Connection: mysql, SQL: select * from `solds` where `paymentStatus` = 1 and `status` = A and `created_at` >= 2026-03-16 06:00:03)

  at vendor/laravel/framework/src/Illuminate/Database/Connection.php:825
    821▕                     $this->getName(), $query, $this->prepareBindings($bindings), $e
    822▕                 );
    823▕             }
    824▕ 
  ➜ 825▕             throw new QueryException(
    826▕                 $this->getName(), $query, $this->prepareBindings($bindings), $e
    827▕             );
    828▕         }
    829▕     }

      [2m+22 vendor frames [22m

  23  app/Console/Commands/RemindUnpaidOrders.php:129
      Illuminate\Database\Eloquent\Builder::get()
      [2m+13 vendor frames [22m

  37  artisan:13
      Illuminate\Foundation\Application::handleCommand()

16.03.2026 07:10:02 — To'lanmagan buyurtmalarga eslatma yuborish boshlandi...
Eslatma yuborish uchun buyurtma topilmadi.
16.03.2026 07:20:02 — To'lanmagan buyurtmalarga eslatma yuborish boshlandi...
Eslatma yuborish uchun buyurtma topilmadi.
16.03.2026 07:30:02 — To'lanmagan buyurtmalarga eslatma yuborish boshlandi...

   Illuminate\Database\QueryException 

  SQLSTATE[HY000] [2002] Connection refused (Connection: mysql, SQL: select * from `solds` where `paymentStatus` = 1 and `status` = A and `created_at` >= 2026-03-16 06:30:02)

  at vendor/laravel/framework/src/Illuminate/Database/Connection.php:825
    821▕                     $this->getName(), $query, $this->prepareBindings($bindings), $e
    822▕                 );
    823▕             }
    824▕ 
  ➜ 825▕             throw new QueryException(
    826▕                 $this->getName(), $query, $this->prepareBindings($bindings), $e
    827▕             );
    828▕         }
    829▕     }

      [2m+22 vendor frames [22m

  23  app/Console/Commands/RemindUnpaidOrders.php:129
      Illuminate\Database\Eloquent\Builder::get()
      [2m+13 vendor frames [22m

  37  artisan:13
      Illuminate\Foundation\Application::handleCommand()

16.03.2026 07:40:02 — To'lanmagan buyurtmalarga eslatma yuborish boshlandi...
Eslatma yuborish uchun buyurtma topilmadi.
16.03.2026 07:50:02 — To'lanmagan buyurtmalarga eslatma yuborish boshlandi...
Eslatma yuborish uchun buyurtma topilmadi.
16.03.2026 08:00:02 — To'lanmagan buyurtmalarga eslatma yuborish boshlandi...

   Illuminate\Database\QueryException 

  SQLSTATE[HY000] [2002] Connection refused (Connection: mysql, SQL: select * from `solds` where `paymentStatus` = 1 and `status` = A and `created_at` >= 2026-03-16 07:00:02)

  at vendor/laravel/framework/src/Illuminate/Database/Connection.php:825
    821▕                     $this->getName(), $query, $this->prepareBindings($bindings), $e
    822▕                 );
    823▕             }
    824▕ 
  ➜ 825▕             throw new QueryException(
    826▕                 $this->getName(), $query, $this->prepareBindings($bindings), $e
    827▕             );
    828▕         }
    829▕     }

      [2m+22 vendor frames [22m

  23  app/Console/Commands/RemindUnpaidOrders.php:129
      Illuminate\Database\Eloquent\Builder::get()
      [2m+13 vendor frames [22m

  37  artisan:13
      Illuminate\Foundation\Application::handleCommand()

16.03.2026 08:10:02 — To'lanmagan buyurtmalarga eslatma yuborish boshlandi...
Eslatma yuborish uchun buyurtma topilmadi.
16.03.2026 08:20:02 — To'lanmagan buyurtmalarga eslatma yuborish boshlandi...
Eslatma yuborish uchun buyurtma topilmadi.
16.03.2026 08:30:03 — To'lanmagan buyurtmalarga eslatma yuborish boshlandi...
Eslatma yuborish uchun buyurtma topilmadi.
16.03.2026 08:40:02 — To'lanmagan buyurtmalarga eslatma yuborish boshlandi...
Eslatma yuborish uchun buyurtma topilmadi.
16.03.2026 08:50:02 — To'lanmagan buyurtmalarga eslatma yuborish boshlandi...
Eslatma yuborish uchun buyurtma topilmadi.
16.03.2026 09:00:02 — To'lanmagan buyurtmalarga eslatma yuborish boshlandi...

   Illuminate\Database\QueryException 

  SQLSTATE[HY000] [2002] Connection refused (Connection: mysql, SQL: select * from `solds` where `paymentStatus` = 1 and `status` = A and `created_at` >= 2026-03-16 08:00:02)

  at vendor/laravel/framework/src/Illuminate/Database/Connection.php:825
    821▕                     $this->getName(), $query, $this->prepareBindings($bindings), $e
    822▕                 );
    823▕             }
    824▕ 
  ➜ 825▕             throw new QueryException(
    826▕                 $this->getName(), $query, $this->prepareBindings($bindings), $e
    827▕             );
    828▕         }
    829▕     }

      [2m+22 vendor frames [22m

  23  app/Console/Commands/RemindUnpaidOrders.php:129
      Illuminate\Database\Eloquent\Builder::get()
      [2m+13 vendor frames [22m

  37  artisan:13
      Illuminate\Foundation\Application::handleCommand()

16.03.2026 09:10:03 — To'lanmagan buyurtmalarga eslatma yuborish boshlandi...
Eslatma yuborish uchun buyurtma topilmadi.
16.03.2026 09:20:02 — To'lanmagan buyurtmalarga eslatma yuborish boshlandi...
Eslatma yuborish uchun buyurtma topilmadi.
16.03.2026 09:30:02 — To'lanmagan buyurtmalarga eslatma yuborish boshlandi...

   Illuminate\Database\QueryException 

  SQLSTATE[HY000] [2002] Connection refused (Connection: mysql, SQL: select * from `solds` where `paymentStatus` = 1 and `status` = A and `created_at` >= 2026-03-16 08:30:02)

  at vendor/laravel/framework/src/Illuminate/Database/Connection.php:825
    821▕                     $this->getName(), $query, $this->prepareBindings($bindings), $e
    822▕                 );
    823▕             }
    824▕ 
  ➜ 825▕             throw new QueryException(
    826▕                 $this->getName(), $query, $this->prepareBindings($bindings), $e
    827▕             );
    828▕         }
    829▕     }

      [2m+22 vendor frames [22m

  23  app/Console/Commands/RemindUnpaidOrders.php:129
      Illuminate\Database\Eloquent\Builder::get()
      [2m+13 vendor frames [22m

  37  artisan:13
      Illuminate\Foundation\Application::handleCommand()

16.03.2026 09:40:02 — To'lanmagan buyurtmalarga eslatma yuborish boshlandi...
Eslatma yuborish uchun buyurtma topilmadi.
16.03.2026 09:50:02 — To'lanmagan buyurtmalarga eslatma yuborish boshlandi...
Eslatma yuborish uchun buyurtma topilmadi.
16.03.2026 10:00:02 — To'lanmagan buyurtmalarga eslatma yuborish boshlandi...

   Illuminate\Database\QueryException 

  SQLSTATE[HY000] [2002] Connection refused (Connection: mysql, SQL: select * from `solds` where `paymentStatus` = 1 and `status` = A and `created_at` >= 2026-03-16 09:00:02)

  at vendor/laravel/framework/src/Illuminate/Database/Connection.php:825
    821▕                     $this->getName(), $query, $this->prepareBindings($bindings), $e
    822▕                 );
    823▕             }
    824▕ 
  ➜ 825▕             throw new QueryException(
    826▕                 $this->getName(), $query, $this->prepareBindings($bindings), $e
    827▕             );
    828▕         }
    829▕     }

      [2m+22 vendor frames [22m

  23  app/Console/Commands/RemindUnpaidOrders.php:129
      Illuminate\Database\Eloquent\Builder::get()
      [2m+13 vendor frames [22m

  37  artisan:13
      Illuminate\Foundation\Application::handleCommand()

16.03.2026 10:10:02 — To'lanmagan buyurtmalarga eslatma yuborish boshlandi...
Eslatma yuborish uchun buyurtma topilmadi.
16.03.2026 10:20:03 — To'lanmagan buyurtmalarga eslatma yuborish boshlandi...
Eslatma yuborish uchun buyurtma topilmadi.
16.03.2026 10:30:02 — To'lanmagan buyurtmalarga eslatma yuborish boshlandi...

   Illuminate\Database\QueryException 

  SQLSTATE[HY000] [2002] Connection refused (Connection: mysql, SQL: select * from `solds` where `paymentStatus` = 1 and `status` = A and `created_at` >= 2026-03-16 09:30:02)

  at vendor/laravel/framework/src/Illuminate/Database/Connection.php:825
    821▕                     $this->getName(), $query, $this->prepareBindings($bindings), $e
    822▕                 );
    823▕             }
    824▕ 
  ➜ 825▕             throw new QueryException(
    826▕                 $this->getName(), $query, $this->prepareBindings($bindings), $e
    827▕             );
    828▕         }
    829▕     }

      [2m+22 vendor frames [22m

  23  app/Console/Commands/RemindUnpaidOrders.php:129
      Illuminate\Database\Eloquent\Builder::get()
      [2m+13 vendor frames [22m

  37  artisan:13
      Illuminate\Foundation\Application::handleCommand()

16.03.2026 10:40:02 — To'lanmagan buyurtmalarga eslatma yuborish boshlandi...
Eslatma yuborish uchun buyurtma topilmadi.
16.03.2026 10:50:02 — To'lanmagan buyurtmalarga eslatma yuborish boshlandi...
Eslatma yuborish uchun buyurtma topilmadi.
16.03.2026 11:00:03 — To'lanmagan buyurtmalarga eslatma yuborish boshlandi...

   Illuminate\Database\QueryException 

  SQLSTATE[HY000] [2002] Connection refused (Connection: mysql, SQL: select * from `solds` where `paymentStatus` = 1 and `status` = A and `created_at` >= 2026-03-16 10:00:03)

  at vendor/laravel/framework/src/Illuminate/Database/Connection.php:825
    821▕                     $this->getName(), $query, $this->prepareBindings($bindings), $e
    822▕                 );
    823▕             }
    824▕ 
  ➜ 825▕             throw new QueryException(
    826▕                 $this->getName(), $query, $this->prepareBindings($bindings), $e
    827▕             );
    828▕         }
    829▕     }

      [2m+22 vendor frames [22m

  23  app/Console/Commands/RemindUnpaidOrders.php:129
      Illuminate\Database\Eloquent\Builder::get()
      [2m+13 vendor frames [22m

  37  artisan:13
      Illuminate\Foundation\Application::handleCommand()

16.03.2026 11:10:02 — To'lanmagan buyurtmalarga eslatma yuborish boshlandi...
Eslatma yuborish uchun buyurtma topilmadi.
16.03.2026 11:20:03 — To'lanmagan buyurtmalarga eslatma yuborish boshlandi...
Eslatma yuborish uchun buyurtma topilmadi.
16.03.2026 11:30:03 — To'lanmagan buyurtmalarga eslatma yuborish boshlandi...

   Illuminate\Database\QueryException 

  SQLSTATE[HY000] [2002] Connection refused (Connection: mysql, SQL: select * from `solds` where `paymentStatus` = 1 and `status` = A and `created_at` >= 2026-03-16 10:30:03)

  at vendor/laravel/framework/src/Illuminate/Database/Connection.php:825
    821▕                     $this->getName(), $query, $this->prepareBindings($bindings), $e
    822▕                 );
    823▕             }
    824▕ 
  ➜ 825▕             throw new QueryException(
    826▕                 $this->getName(), $query, $this->prepareBindings($bindings), $e
    827▕             );
    828▕         }
    829▕     }

      [2m+22 vendor frames [22m

  23  app/Console/Commands/RemindUnpaidOrders.php:129
      Illuminate\Database\Eloquent\Builder::get()
      [2m+13 vendor frames [22m

  37  artisan:13
      Illuminate\Foundation\Application::handleCommand()

16.03.2026 11:40:02 — To'lanmagan buyurtmalarga eslatma yuborish boshlandi...
Eslatma yuborish uchun buyurtma topilmadi.
16.03.2026 11:50:03 — To'lanmagan buyurtmalarga eslatma yuborish boshlandi...
Eslatma yuborish uchun buyurtma topilmadi.
16.03.2026 12:00:03 — To'lanmagan buyurtmalarga eslatma yuborish boshlandi...

   Illuminate\Database\QueryException 

  SQLSTATE[HY000] [2002] Connection refused (Connection: mysql, SQL: select * from `solds` where `paymentStatus` = 1 and `status` = A and `created_at` >= 2026-03-16 11:00:03)

  at vendor/laravel/framework/src/Illuminate/Database/Connection.php:825
    821▕                     $this->getName(), $query, $this->prepareBindings($bindings), $e
    822▕                 );
    823▕             }
    824▕ 
  ➜ 825▕             throw new QueryException(
    826▕                 $this->getName(), $query, $this->prepareBindings($bindings), $e
    827▕             );
    828▕         }
    829▕     }

      [2m+22 vendor frames [22m

  23  app/Console/Commands/RemindUnpaidOrders.php:129
      Illuminate\Database\Eloquent\Builder::get()
      [2m+13 vendor frames [22m

  37  artisan:13
      Illuminate\Foundation\Application::handleCommand()

16.03.2026 12:10:02 — To'lanmagan buyurtmalarga eslatma yuborish boshlandi...
Eslatma yuborish uchun buyurtma topilmadi.
16.03.2026 12:20:02 — To'lanmagan buyurtmalarga eslatma yuborish boshlandi...
Eslatma yuborish uchun buyurtma topilmadi.
16.03.2026 12:30:02 — To'lanmagan buyurtmalarga eslatma yuborish boshlandi...

   Illuminate\Database\QueryException 

  SQLSTATE[HY000] [2002] Connection refused (Connection: mysql, SQL: select * from `solds` where `paymentStatus` = 1 and `status` = A and `created_at` >= 2026-03-16 11:30:02)

  at vendor/laravel/framework/src/Illuminate/Database/Connection.php:825
    821▕                     $this->getName(), $query, $this->prepareBindings($bindings), $e
    822▕                 );
    823▕             }
    824▕ 
  ➜ 825▕             throw new QueryException(
    826▕                 $this->getName(), $query, $this->prepareBindings($bindings), $e
    827▕             );
    828▕         }
    829▕     }

      [2m+22 vendor frames [22m

  23  app/Console/Commands/RemindUnpaidOrders.php:129
      Illuminate\Database\Eloquent\Builder::get()
      [2m+13 vendor frames [22m

  37  artisan:13
      Illuminate\Foundation\Application::handleCommand()

16.03.2026 12:40:02 — To'lanmagan buyurtmalarga eslatma yuborish boshlandi...
Eslatma yuborish uchun buyurtma topilmadi.
16.03.2026 12:50:02 — To'lanmagan buyurtmalarga eslatma yuborish boshlandi...
Eslatma yuborish uchun buyurtma topilmadi.
16.03.2026 13:00:03 — To'lanmagan buyurtmalarga eslatma yuborish boshlandi...

   Illuminate\Database\QueryException 

  SQLSTATE[HY000] [2002] Connection refused (Connection: mysql, SQL: select * from `solds` where `paymentStatus` = 1 and `status` = A and `created_at` >= 2026-03-16 12:00:03)

  at vendor/laravel/framework/src/Illuminate/Database/Connection.php:825
    821▕                     $this->getName(), $query, $this->prepareBindings($bindings), $e
    822▕                 );
    823▕             }
    824▕ 
  ➜ 825▕             throw new QueryException(
    826▕                 $this->getName(), $query, $this->prepareBindings($bindings), $e
    827▕             );
    828▕         }
    829▕     }

      [2m+22 vendor frames [22m

  23  app/Console/Commands/RemindUnpaidOrders.php:129
      Illuminate\Database\Eloquent\Builder::get()
      [2m+13 vendor frames [22m

  37  artisan:13
      Illuminate\Foundation\Application::handleCommand()

16.03.2026 13:10:02 — To'lanmagan buyurtmalarga eslatma yuborish boshlandi...
Eslatma yuborish uchun buyurtma topilmadi.
16.03.2026 13:20:02 — To'lanmagan buyurtmalarga eslatma yuborish boshlandi...
Eslatma yuborish uchun buyurtma topilmadi.
16.03.2026 13:30:03 — To'lanmagan buyurtmalarga eslatma yuborish boshlandi...

   Illuminate\Database\QueryException 

  SQLSTATE[HY000] [2002] Connection refused (Connection: mysql, SQL: select * from `solds` where `paymentStatus` = 1 and `status` = A and `created_at` >= 2026-03-16 12:30:03)

  at vendor/laravel/framework/src/Illuminate/Database/Connection.php:825
    821▕                     $this->getName(), $query, $this->prepareBindings($bindings), $e
    822▕                 );
    823▕             }
    824▕ 
  ➜ 825▕             throw new QueryException(
    826▕                 $this->getName(), $query, $this->prepareBindings($bindings), $e
    827▕             );
    828▕         }
    829▕     }

      [2m+22 vendor frames [22m

  23  app/Console/Commands/RemindUnpaidOrders.php:129
      Illuminate\Database\Eloquent\Builder::get()
      [2m+13 vendor frames [22m

  37  artisan:13
      Illuminate\Foundation\Application::handleCommand()

16.03.2026 13:40:02 — To'lanmagan buyurtmalarga eslatma yuborish boshlandi...
Eslatma yuborish uchun buyurtma topilmadi.
16.03.2026 13:50:02 — To'lanmagan buyurtmalarga eslatma yuborish boshlandi...
Eslatma yuborish uchun buyurtma topilmadi.
16.03.2026 14:00:03 — To'lanmagan buyurtmalarga eslatma yuborish boshlandi...

   Illuminate\Database\QueryException 

  SQLSTATE[HY000] [2002] Connection refused (Connection: mysql, SQL: select * from `solds` where `paymentStatus` = 1 and `status` = A and `created_at` >= 2026-03-16 13:00:03)

  at vendor/laravel/framework/src/Illuminate/Database/Connection.php:825
    821▕                     $this->getName(), $query, $this->prepareBindings($bindings), $e
    822▕                 );
    823▕             }
    824▕ 
  ➜ 825▕             throw new QueryException(
    826▕                 $this->getName(), $query, $this->prepareBindings($bindings), $e
    827▕             );
    828▕         }
    829▕     }

      [2m+22 vendor frames [22m

  23  app/Console/Commands/RemindUnpaidOrders.php:129
      Illuminate\Database\Eloquent\Builder::get()
      [2m+13 vendor frames [22m

  37  artisan:13
      Illuminate\Foundation\Application::handleCommand()

16.03.2026 14:10:02 — To'lanmagan buyurtmalarga eslatma yuborish boshlandi...
Eslatma yuborish uchun buyurtma topilmadi.
16.03.2026 14:20:02 — To'lanmagan buyurtmalarga eslatma yuborish boshlandi...
Eslatma yuborish uchun buyurtma topilmadi.
16.03.2026 14:30:03 — To'lanmagan buyurtmalarga eslatma yuborish boshlandi...

   Illuminate\Database\QueryException 

  SQLSTATE[HY000] [2002] Connection refused (Connection: mysql, SQL: select * from `solds` where `paymentStatus` = 1 and `status` = A and `created_at` >= 2026-03-16 13:30:03)

  at vendor/laravel/framework/src/Illuminate/Database/Connection.php:825
    821▕                     $this->getName(), $query, $this->prepareBindings($bindings), $e
    822▕                 );
    823▕             }
    824▕ 
  ➜ 825▕             throw new QueryException(
    826▕                 $this->getName(), $query, $this->prepareBindings($bindings), $e
    827▕             );
    828▕         }
    829▕     }

      [2m+22 vendor frames [22m

  23  app/Console/Commands/RemindUnpaidOrders.php:129
      Illuminate\Database\Eloquent\Builder::get()
      [2m+13 vendor frames [22m

  37  artisan:13
      Illuminate\Foundation\Application::handleCommand()

16.03.2026 14:40:02 — To'lanmagan buyurtmalarga eslatma yuborish boshlandi...
Eslatma yuborish uchun buyurtma topilmadi.
16.03.2026 14:50:03 — To'lanmagan buyurtmalarga eslatma yuborish boshlandi...
Topilgan buyurtmalar: 2
Push yuborildi: order #66, user #1829, lang=uz, msg=0
Push yuborildi: order #67, user #1829, lang=uz, msg=0
Eslatmalar yuborildi.
16.03.2026 15:00:03 — To'lanmagan buyurtmalarga eslatma yuborish boshlandi...

   Illuminate\Database\QueryException 

  SQLSTATE[HY000] [2002] Connection refused (Connection: mysql, SQL: select * from `solds` where `paymentStatus` = 1 and `status` = A and `created_at` >= 2026-03-16 14:00:03)

  at vendor/laravel/framework/src/Illuminate/Database/Connection.php:825
    821▕                     $this->getName(), $query, $this->prepareBindings($bindings), $e
    822▕                 );
    823▕             }
    824▕ 
  ➜ 825▕             throw new QueryException(
    826▕                 $this->getName(), $query, $this->prepareBindings($bindings), $e
    827▕             );
    828▕         }
    829▕     }

      [2m+22 vendor frames [22m

  23  app/Console/Commands/RemindUnpaidOrders.php:129
      Illuminate\Database\Eloquent\Builder::get()
      [2m+13 vendor frames [22m

  37  artisan:13
      Illuminate\Foundation\Application::handleCommand()

16.03.2026 15:10:03 — To'lanmagan buyurtmalarga eslatma yuborish boshlandi...
Topilgan buyurtmalar: 2
Push yuborildi: order #66, user #1829, lang=uz, msg=1
Push yuborildi: order #67, user #1829, lang=uz, msg=1
Eslatmalar yuborildi.
16.03.2026 15:20:02 — To'lanmagan buyurtmalarga eslatma yuborish boshlandi...
Topilgan buyurtmalar: 2
Push yuborildi: order #66, user #1829, lang=uz, msg=2
Push yuborildi: order #67, user #1829, lang=uz, msg=2
Eslatmalar yuborildi.
16.03.2026 15:30:02 — To'lanmagan buyurtmalarga eslatma yuborish boshlandi...

   Illuminate\Database\QueryException 

  SQLSTATE[HY000] [2002] Connection refused (Connection: mysql, SQL: select * from `solds` where `paymentStatus` = 1 and `status` = A and `created_at` >= 2026-03-16 14:30:02)

  at vendor/laravel/framework/src/Illuminate/Database/Connection.php:825
    821▕                     $this->getName(), $query, $this->prepareBindings($bindings), $e
    822▕                 );
    823▕             }
    824▕ 
  ➜ 825▕             throw new QueryException(
    826▕                 $this->getName(), $query, $this->prepareBindings($bindings), $e
    827▕             );
    828▕         }
    829▕     }

      [2m+22 vendor frames [22m

  23  app/Console/Commands/RemindUnpaidOrders.php:129
      Illuminate\Database\Eloquent\Builder::get()
      [2m+13 vendor frames [22m

  37  artisan:13
      Illuminate\Foundation\Application::handleCommand()

16.03.2026 15:40:02 — To'lanmagan buyurtmalarga eslatma yuborish boshlandi...
Topilgan buyurtmalar: 2
Push yuborildi: order #66, user #1829, lang=uz, msg=4
Push yuborildi: order #67, user #1829, lang=uz, msg=4
Eslatmalar yuborildi.
16.03.2026 15:50:02 — To'lanmagan buyurtmalarga eslatma yuborish boshlandi...
Eslatma yuborish uchun buyurtma topilmadi.
16.03.2026 16:00:03 — To'lanmagan buyurtmalarga eslatma yuborish boshlandi...

   Illuminate\Database\QueryException 

  SQLSTATE[HY000] [2002] Connection refused (Connection: mysql, SQL: select * from `solds` where `paymentStatus` = 1 and `status` = A and `created_at` >= 2026-03-16 15:00:03)

  at vendor/laravel/framework/src/Illuminate/Database/Connection.php:825
    821▕                     $this->getName(), $query, $this->prepareBindings($bindings), $e
    822▕                 );
    823▕             }
    824▕ 
  ➜ 825▕             throw new QueryException(
    826▕                 $this->getName(), $query, $this->prepareBindings($bindings), $e
    827▕             );
    828▕         }
    829▕     }

      [2m+22 vendor frames [22m

  23  app/Console/Commands/RemindUnpaidOrders.php:129
      Illuminate\Database\Eloquent\Builder::get()
      [2m+13 vendor frames [22m

  37  artisan:13
      Illuminate\Foundation\Application::handleCommand()

16.03.2026 16:10:02 — To'lanmagan buyurtmalarga eslatma yuborish boshlandi...
Eslatma yuborish uchun buyurtma topilmadi.
16.03.2026 16:20:02 — To'lanmagan buyurtmalarga eslatma yuborish boshlandi...
Eslatma yuborish uchun buyurtma topilmadi.
16.03.2026 16:30:03 — To'lanmagan buyurtmalarga eslatma yuborish boshlandi...

   Illuminate\Database\QueryException 

  SQLSTATE[HY000] [2002] Connection refused (Connection: mysql, SQL: select * from `solds` where `paymentStatus` = 1 and `status` = A and `created_at` >= 2026-03-16 15:30:03)

  at vendor/laravel/framework/src/Illuminate/Database/Connection.php:825
    821▕                     $this->getName(), $query, $this->prepareBindings($bindings), $e
    822▕                 );
    823▕             }
    824▕ 
  ➜ 825▕             throw new QueryException(
    826▕                 $this->getName(), $query, $this->prepareBindings($bindings), $e
    827▕             );
    828▕         }
    829▕     }

      [2m+22 vendor frames [22m

  23  app/Console/Commands/RemindUnpaidOrders.php:129
      Illuminate\Database\Eloquent\Builder::get()
      [2m+13 vendor frames [22m

  37  artisan:13
      Illuminate\Foundation\Application::handleCommand()

16.03.2026 16:40:02 — To'lanmagan buyurtmalarga eslatma yuborish boshlandi...
Eslatma yuborish uchun buyurtma topilmadi.
16.03.2026 16:50:03 — To'lanmagan buyurtmalarga eslatma yuborish boshlandi...
Eslatma yuborish uchun buyurtma topilmadi.
16.03.2026 17:00:02 — To'lanmagan buyurtmalarga eslatma yuborish boshlandi...

   Illuminate\Database\QueryException 

  SQLSTATE[HY000] [2002] Connection refused (Connection: mysql, SQL: select * from `solds` where `paymentStatus` = 1 and `status` = A and `created_at` >= 2026-03-16 16:00:02)

  at vendor/laravel/framework/src/Illuminate/Database/Connection.php:825
    821▕                     $this->getName(), $query, $this->prepareBindings($bindings), $e
    822▕                 );
    823▕             }
    824▕ 
  ➜ 825▕             throw new QueryException(
    826▕                 $this->getName(), $query, $this->prepareBindings($bindings), $e
    827▕             );
    828▕         }
    829▕     }

      [2m+22 vendor frames [22m

  23  app/Console/Commands/RemindUnpaidOrders.php:129
      Illuminate\Database\Eloquent\Builder::get()
      [2m+13 vendor frames [22m

  37  artisan:13
      Illuminate\Foundation\Application::handleCommand()

16.03.2026 17:10:02 — To'lanmagan buyurtmalarga eslatma yuborish boshlandi...
Eslatma yuborish uchun buyurtma topilmadi.
16.03.2026 17:20:02 — To'lanmagan buyurtmalarga eslatma yuborish boshlandi...
Eslatma yuborish uchun buyurtma topilmadi.
16.03.2026 17:30:02 — To'lanmagan buyurtmalarga eslatma yuborish boshlandi...

   Illuminate\Database\QueryException 

  SQLSTATE[HY000] [2002] Connection refused (Connection: mysql, SQL: select * from `solds` where `paymentStatus` = 1 and `status` = A and `created_at` >= 2026-03-16 16:30:02)

  at vendor/laravel/framework/src/Illuminate/Database/Connection.php:825
    821▕                     $this->getName(), $query, $this->prepareBindings($bindings), $e
    822▕                 );
    823▕             }
    824▕ 
  ➜ 825▕             throw new QueryException(
    826▕                 $this->getName(), $query, $this->prepareBindings($bindings), $e
    827▕             );
    828▕         }
    829▕     }

      [2m+22 vendor frames [22m

  23  app/Console/Commands/RemindUnpaidOrders.php:129
      Illuminate\Database\Eloquent\Builder::get()
      [2m+13 vendor frames [22m

  37  artisan:13
      Illuminate\Foundation\Application::handleCommand()

16.03.2026 17:40:02 — To'lanmagan buyurtmalarga eslatma yuborish boshlandi...
Eslatma yuborish uchun buyurtma topilmadi.
16.03.2026 17:50:02 — To'lanmagan buyurtmalarga eslatma yuborish boshlandi...
Eslatma yuborish uchun buyurtma topilmadi.
16.03.2026 18:00:03 — To'lanmagan buyurtmalarga eslatma yuborish boshlandi...

   Illuminate\Database\QueryException 

  SQLSTATE[HY000] [2002] Connection refused (Connection: mysql, SQL: select * from `solds` where `paymentStatus` = 1 and `status` = A and `created_at` >= 2026-03-16 17:00:03)

  at vendor/laravel/framework/src/Illuminate/Database/Connection.php:825
    821▕                     $this->getName(), $query, $this->prepareBindings($bindings), $e
    822▕                 );
    823▕             }
    824▕ 
  ➜ 825▕             throw new QueryException(
    826▕                 $this->getName(), $query, $this->prepareBindings($bindings), $e
    827▕             );
    828▕         }
    829▕     }

      [2m+22 vendor frames [22m

  23  app/Console/Commands/RemindUnpaidOrders.php:129
      Illuminate\Database\Eloquent\Builder::get()
      [2m+13 vendor frames [22m

  37  artisan:13
      Illuminate\Foundation\Application::handleCommand()

16.03.2026 18:10:02 — To'lanmagan buyurtmalarga eslatma yuborish boshlandi...
Eslatma yuborish uchun buyurtma topilmadi.
16.03.2026 18:20:02 — To'lanmagan buyurtmalarga eslatma yuborish boshlandi...
Eslatma yuborish uchun buyurtma topilmadi.
16.03.2026 18:30:03 — To'lanmagan buyurtmalarga eslatma yuborish boshlandi...

   Illuminate\Database\QueryException 

  SQLSTATE[HY000] [2002] Connection refused (Connection: mysql, SQL: select * from `solds` where `paymentStatus` = 1 and `status` = A and `created_at` >= 2026-03-16 17:30:03)

  at vendor/laravel/framework/src/Illuminate/Database/Connection.php:825
    821▕                     $this->getName(), $query, $this->prepareBindings($bindings), $e
    822▕                 );
    823▕             }
    824▕ 
  ➜ 825▕             throw new QueryException(
    826▕                 $this->getName(), $query, $this->prepareBindings($bindings), $e
    827▕             );
    828▕         }
    829▕     }

      [2m+22 vendor frames [22m

  23  app/Console/Commands/RemindUnpaidOrders.php:129
      Illuminate\Database\Eloquent\Builder::get()
      [2m+13 vendor frames [22m

  37  artisan:13
      Illuminate\Foundation\Application::handleCommand()

16.03.2026 18:40:03 — To'lanmagan buyurtmalarga eslatma yuborish boshlandi...
Eslatma yuborish uchun buyurtma topilmadi.
16.03.2026 18:50:02 — To'lanmagan buyurtmalarga eslatma yuborish boshlandi...
Eslatma yuborish uchun buyurtma topilmadi.
16.03.2026 19:00:03 — To'lanmagan buyurtmalarga eslatma yuborish boshlandi...

   Illuminate\Database\QueryException 

  SQLSTATE[HY000] [2002] Connection refused (Connection: mysql, SQL: select * from `solds` where `paymentStatus` = 1 and `status` = A and `created_at` >= 2026-03-16 18:00:03)

  at vendor/laravel/framework/src/Illuminate/Database/Connection.php:825
    821▕                     $this->getName(), $query, $this->prepareBindings($bindings), $e
    822▕                 );
    823▕             }
    824▕ 
  ➜ 825▕             throw new QueryException(
    826▕                 $this->getName(), $query, $this->prepareBindings($bindings), $e
    827▕             );
    828▕         }
    829▕     }

      [2m+22 vendor frames [22m

  23  app/Console/Commands/RemindUnpaidOrders.php:129
      Illuminate\Database\Eloquent\Builder::get()
      [2m+13 vendor frames [22m

  37  artisan:13
      Illuminate\Foundation\Application::handleCommand()

16.03.2026 19:10:03 — To'lanmagan buyurtmalarga eslatma yuborish boshlandi...
Eslatma yuborish uchun buyurtma topilmadi.
16.03.2026 19:20:03 — To'lanmagan buyurtmalarga eslatma yuborish boshlandi...
Eslatma yuborish uchun buyurtma topilmadi.
16.03.2026 19:30:03 — To'lanmagan buyurtmalarga eslatma yuborish boshlandi...

   Illuminate\Database\QueryException 

  SQLSTATE[HY000] [2002] Connection refused (Connection: mysql, SQL: select * from `solds` where `paymentStatus` = 1 and `status` = A and `created_at` >= 2026-03-16 18:30:03)

  at vendor/laravel/framework/src/Illuminate/Database/Connection.php:825
    821▕                     $this->getName(), $query, $this->prepareBindings($bindings), $e
    822▕                 );
    823▕             }
    824▕ 
  ➜ 825▕             throw new QueryException(
    826▕                 $this->getName(), $query, $this->prepareBindings($bindings), $e
    827▕             );
    828▕         }
    829▕     }

      [2m+22 vendor frames [22m

  23  app/Console/Commands/RemindUnpaidOrders.php:129
      Illuminate\Database\Eloquent\Builder::get()
      [2m+13 vendor frames [22m

  37  artisan:13
      Illuminate\Foundation\Application::handleCommand()

16.03.2026 19:40:02 — To'lanmagan buyurtmalarga eslatma yuborish boshlandi...
Eslatma yuborish uchun buyurtma topilmadi.
16.03.2026 19:50:03 — To'lanmagan buyurtmalarga eslatma yuborish boshlandi...
Eslatma yuborish uchun buyurtma topilmadi.
16.03.2026 20:00:03 — To'lanmagan buyurtmalarga eslatma yuborish boshlandi...

   Illuminate\Database\QueryException 

  SQLSTATE[HY000] [2002] Connection refused (Connection: mysql, SQL: select * from `solds` where `paymentStatus` = 1 and `status` = A and `created_at` >= 2026-03-16 19:00:03)

  at vendor/laravel/framework/src/Illuminate/Database/Connection.php:825
    821▕                     $this->getName(), $query, $this->prepareBindings($bindings), $e
    822▕                 );
    823▕             }
    824▕ 
  ➜ 825▕             throw new QueryException(
    826▕                 $this->getName(), $query, $this->prepareBindings($bindings), $e
    827▕             );
    828▕         }
    829▕     }

      [2m+22 vendor frames [22m

  23  app/Console/Commands/RemindUnpaidOrders.php:129
      Illuminate\Database\Eloquent\Builder::get()
      [2m+13 vendor frames [22m

  37  artisan:13
      Illuminate\Foundation\Application::handleCommand()

16.03.2026 20:10:03 — To'lanmagan buyurtmalarga eslatma yuborish boshlandi...
Eslatma yuborish uchun buyurtma topilmadi.
16.03.2026 20:20:02 — To'lanmagan buyurtmalarga eslatma yuborish boshlandi...
Eslatma yuborish uchun buyurtma topilmadi.
16.03.2026 20:30:03 — To'lanmagan buyurtmalarga eslatma yuborish boshlandi...

   Illuminate\Database\QueryException 

  SQLSTATE[HY000] [2002] Connection refused (Connection: mysql, SQL: select * from `solds` where `paymentStatus` = 1 and `status` = A and `created_at` >= 2026-03-16 19:30:03)

  at vendor/laravel/framework/src/Illuminate/Database/Connection.php:825
    821▕                     $this->getName(), $query, $this->prepareBindings($bindings), $e
    822▕                 );
    823▕             }
    824▕ 
  ➜ 825▕             throw new QueryException(
    826▕                 $this->getName(), $query, $this->prepareBindings($bindings), $e
    827▕             );
    828▕         }
    829▕     }

      [2m+22 vendor frames [22m

  23  app/Console/Commands/RemindUnpaidOrders.php:129
      Illuminate\Database\Eloquent\Builder::get()
      [2m+13 vendor frames [22m

  37  artisan:13
      Illuminate\Foundation\Application::handleCommand()

16.03.2026 20:40:02 — To'lanmagan buyurtmalarga eslatma yuborish boshlandi...
Eslatma yuborish uchun buyurtma topilmadi.
16.03.2026 20:50:02 — To'lanmagan buyurtmalarga eslatma yuborish boshlandi...
Eslatma yuborish uchun buyurtma topilmadi.
16.03.2026 21:00:03 — To'lanmagan buyurtmalarga eslatma yuborish boshlandi...

   Illuminate\Database\QueryException 

  SQLSTATE[HY000] [2002] Connection refused (Connection: mysql, SQL: select * from `solds` where `paymentStatus` = 1 and `status` = A and `created_at` >= 2026-03-16 20:00:03)

  at vendor/laravel/framework/src/Illuminate/Database/Connection.php:825
    821▕                     $this->getName(), $query, $this->prepareBindings($bindings), $e
    822▕                 );
    823▕             }
    824▕ 
  ➜ 825▕             throw new QueryException(
    826▕                 $this->getName(), $query, $this->prepareBindings($bindings), $e
    827▕             );
    828▕         }
    829▕     }

      [2m+22 vendor frames [22m

  23  app/Console/Commands/RemindUnpaidOrders.php:129
      Illuminate\Database\Eloquent\Builder::get()
      [2m+13 vendor frames [22m

  37  artisan:13
      Illuminate\Foundation\Application::handleCommand()

16.03.2026 21:10:02 — To'lanmagan buyurtmalarga eslatma yuborish boshlandi...
Eslatma yuborish uchun buyurtma topilmadi.
16.03.2026 21:20:02 — To'lanmagan buyurtmalarga eslatma yuborish boshlandi...
Eslatma yuborish uchun buyurtma topilmadi.
16.03.2026 21:30:02 — To'lanmagan buyurtmalarga eslatma yuborish boshlandi...

   Illuminate\Database\QueryException 

  SQLSTATE[HY000] [2002] Connection refused (Connection: mysql, SQL: select * from `solds` where `paymentStatus` = 1 and `status` = A and `created_at` >= 2026-03-16 20:30:02)

  at vendor/laravel/framework/src/Illuminate/Database/Connection.php:825
    821▕                     $this->getName(), $query, $this->prepareBindings($bindings), $e
    822▕                 );
    823▕             }
    824▕ 
  ➜ 825▕             throw new QueryException(
    826▕                 $this->getName(), $query, $this->prepareBindings($bindings), $e
    827▕             );
    828▕         }
    829▕     }

      [2m+22 vendor frames [22m

  23  app/Console/Commands/RemindUnpaidOrders.php:129
      Illuminate\Database\Eloquent\Builder::get()
      [2m+13 vendor frames [22m

  37  artisan:13
      Illuminate\Foundation\Application::handleCommand()

16.03.2026 21:40:02 — To'lanmagan buyurtmalarga eslatma yuborish boshlandi...
Eslatma yuborish uchun buyurtma topilmadi.
16.03.2026 21:50:02 — To'lanmagan buyurtmalarga eslatma yuborish boshlandi...
Eslatma yuborish uchun buyurtma topilmadi.
16.03.2026 22:00:02 — To'lanmagan buyurtmalarga eslatma yuborish boshlandi...

   Illuminate\Database\QueryException 

  SQLSTATE[HY000] [2002] Connection refused (Connection: mysql, SQL: select * from `solds` where `paymentStatus` = 1 and `status` = A and `created_at` >= 2026-03-16 21:00:02)

  at vendor/laravel/framework/src/Illuminate/Database/Connection.php:825
    821▕                     $this->getName(), $query, $this->prepareBindings($bindings), $e
    822▕                 );
    823▕             }
    824▕ 
  ➜ 825▕             throw new QueryException(
    826▕                 $this->getName(), $query, $this->prepareBindings($bindings), $e
    827▕             );
    828▕         }
    829▕     }

      [2m+22 vendor frames [22m

  23  app/Console/Commands/RemindUnpaidOrders.php:129
      Illuminate\Database\Eloquent\Builder::get()
      [2m+13 vendor frames [22m

  37  artisan:13
      Illuminate\Foundation\Application::handleCommand()

16.03.2026 22:10:02 — To'lanmagan buyurtmalarga eslatma yuborish boshlandi...
Eslatma yuborish uchun buyurtma topilmadi.
16.03.2026 22:20:02 — To'lanmagan buyurtmalarga eslatma yuborish boshlandi...
Eslatma yuborish uchun buyurtma topilmadi.
16.03.2026 22:30:02 — To'lanmagan buyurtmalarga eslatma yuborish boshlandi...

   Illuminate\Database\QueryException 

  SQLSTATE[HY000] [2002] Connection refused (Connection: mysql, SQL: select * from `solds` where `paymentStatus` = 1 and `status` = A and `created_at` >= 2026-03-16 21:30:02)

  at vendor/laravel/framework/src/Illuminate/Database/Connection.php:825
    821▕                     $this->getName(), $query, $this->prepareBindings($bindings), $e
    822▕                 );
    823▕             }
    824▕ 
  ➜ 825▕             throw new QueryException(
    826▕                 $this->getName(), $query, $this->prepareBindings($bindings), $e
    827▕             );
    828▕         }
    829▕     }

      [2m+22 vendor frames [22m

  23  app/Console/Commands/RemindUnpaidOrders.php:129
      Illuminate\Database\Eloquent\Builder::get()
      [2m+13 vendor frames [22m

  37  artisan:13
      Illuminate\Foundation\Application::handleCommand()

16.03.2026 22:40:02 — To'lanmagan buyurtmalarga eslatma yuborish boshlandi...
Eslatma yuborish uchun buyurtma topilmadi.
16.03.2026 22:50:03 — To'lanmagan buyurtmalarga eslatma yuborish boshlandi...
Eslatma yuborish uchun buyurtma topilmadi.
16.03.2026 23:00:02 — To'lanmagan buyurtmalarga eslatma yuborish boshlandi...

   Illuminate\Database\QueryException 

  SQLSTATE[HY000] [2002] Connection refused (Connection: mysql, SQL: select * from `solds` where `paymentStatus` = 1 and `status` = A and `created_at` >= 2026-03-16 22:00:02)

  at vendor/laravel/framework/src/Illuminate/Database/Connection.php:825
    821▕                     $this->getName(), $query, $this->prepareBindings($bindings), $e
    822▕                 );
    823▕             }
    824▕ 
  ➜ 825▕             throw new QueryException(
    826▕                 $this->getName(), $query, $this->prepareBindings($bindings), $e
    827▕             );
    828▕         }
    829▕     }

      [2m+22 vendor frames [22m

  23  app/Console/Commands/RemindUnpaidOrders.php:129
      Illuminate\Database\Eloquent\Builder::get()
      [2m+13 vendor frames [22m

  37  artisan:13
      Illuminate\Foundation\Application::handleCommand()

16.03.2026 23:10:02 — To'lanmagan buyurtmalarga eslatma yuborish boshlandi...
Eslatma yuborish uchun buyurtma topilmadi.
16.03.2026 23:20:02 — To'lanmagan buyurtmalarga eslatma yuborish boshlandi...
Eslatma yuborish uchun buyurtma topilmadi.
16.03.2026 23:30:02 — To'lanmagan buyurtmalarga eslatma yuborish boshlandi...

   Illuminate\Database\QueryException 

  SQLSTATE[HY000] [2002] Connection refused (Connection: mysql, SQL: select * from `solds` where `paymentStatus` = 1 and `status` = A and `created_at` >= 2026-03-16 22:30:02)

  at vendor/laravel/framework/src/Illuminate/Database/Connection.php:825
    821▕                     $this->getName(), $query, $this->prepareBindings($bindings), $e
    822▕                 );
    823▕             }
    824▕ 
  ➜ 825▕             throw new QueryException(
    826▕                 $this->getName(), $query, $this->prepareBindings($bindings), $e
    827▕             );
    828▕         }
    829▕     }

      [2m+22 vendor frames [22m

  23  app/Console/Commands/RemindUnpaidOrders.php:129
      Illuminate\Database\Eloquent\Builder::get()
      [2m+13 vendor frames [22m

  37  artisan:13
      Illuminate\Foundation\Application::handleCommand()

16.03.2026 23:40:02 — To'lanmagan buyurtmalarga eslatma yuborish boshlandi...
Eslatma yuborish uchun buyurtma topilmadi.
16.03.2026 23:50:02 — To'lanmagan buyurtmalarga eslatma yuborish boshlandi...
Eslatma yuborish uchun buyurtma topilmadi.
17.03.2026 00:00:02 — To'lanmagan buyurtmalarga eslatma yuborish boshlandi...

   Illuminate\Database\QueryException 

  SQLSTATE[HY000] [2002] Connection refused (Connection: mysql, SQL: select * from `solds` where `paymentStatus` = 1 and `status` = A and `created_at` >= 2026-03-16 23:00:02)

  at vendor/laravel/framework/src/Illuminate/Database/Connection.php:825
    821▕                     $this->getName(), $query, $this->prepareBindings($bindings), $e
    822▕                 );
    823▕             }
    824▕ 
  ➜ 825▕             throw new QueryException(
    826▕                 $this->getName(), $query, $this->prepareBindings($bindings), $e
    827▕             );
    828▕         }
    829▕     }

      [2m+22 vendor frames [22m

  23  app/Console/Commands/RemindUnpaidOrders.php:129
      Illuminate\Database\Eloquent\Builder::get()
      [2m+13 vendor frames [22m

  37  artisan:13
      Illuminate\Foundation\Application::handleCommand()

17.03.2026 00:10:02 — To'lanmagan buyurtmalarga eslatma yuborish boshlandi...
Eslatma yuborish uchun buyurtma topilmadi.
17.03.2026 00:20:02 — To'lanmagan buyurtmalarga eslatma yuborish boshlandi...
Eslatma yuborish uchun buyurtma topilmadi.
17.03.2026 00:30:03 — To'lanmagan buyurtmalarga eslatma yuborish boshlandi...

   Illuminate\Database\QueryException 

  SQLSTATE[HY000] [2002] Connection refused (Connection: mysql, SQL: select * from `solds` where `paymentStatus` = 1 and `status` = A and `created_at` >= 2026-03-16 23:30:03)

  at vendor/laravel/framework/src/Illuminate/Database/Connection.php:825
    821▕                     $this->getName(), $query, $this->prepareBindings($bindings), $e
    822▕                 );
    823▕             }
    824▕ 
  ➜ 825▕             throw new QueryException(
    826▕                 $this->getName(), $query, $this->prepareBindings($bindings), $e
    827▕             );
    828▕         }
    829▕     }

      [2m+22 vendor frames [22m

  23  app/Console/Commands/RemindUnpaidOrders.php:129
      Illuminate\Database\Eloquent\Builder::get()
      [2m+13 vendor frames [22m

  37  artisan:13
      Illuminate\Foundation\Application::handleCommand()

17.03.2026 00:40:02 — To'lanmagan buyurtmalarga eslatma yuborish boshlandi...
Eslatma yuborish uchun buyurtma topilmadi.
17.03.2026 00:50:02 — To'lanmagan buyurtmalarga eslatma yuborish boshlandi...
Eslatma yuborish uchun buyurtma topilmadi.
17.03.2026 01:00:02 — To'lanmagan buyurtmalarga eslatma yuborish boshlandi...

   Illuminate\Database\QueryException 

  SQLSTATE[HY000] [2002] Connection refused (Connection: mysql, SQL: select * from `solds` where `paymentStatus` = 1 and `status` = A and `created_at` >= 2026-03-17 00:00:02)

  at vendor/laravel/framework/src/Illuminate/Database/Connection.php:825
    821▕                     $this->getName(), $query, $this->prepareBindings($bindings), $e
    822▕                 );
    823▕             }
    824▕ 
  ➜ 825▕             throw new QueryException(
    826▕                 $this->getName(), $query, $this->prepareBindings($bindings), $e
    827▕             );
    828▕         }
    829▕     }

      [2m+22 vendor frames [22m

  23  app/Console/Commands/RemindUnpaidOrders.php:129
      Illuminate\Database\Eloquent\Builder::get()
      [2m+13 vendor frames [22m

  37  artisan:13
      Illuminate\Foundation\Application::handleCommand()

17.03.2026 01:10:03 — To'lanmagan buyurtmalarga eslatma yuborish boshlandi...
Eslatma yuborish uchun buyurtma topilmadi.
17.03.2026 01:20:02 — To'lanmagan buyurtmalarga eslatma yuborish boshlandi...
Eslatma yuborish uchun buyurtma topilmadi.
17.03.2026 01:30:03 — To'lanmagan buyurtmalarga eslatma yuborish boshlandi...

   Illuminate\Database\QueryException 

  SQLSTATE[HY000] [2002] Connection refused (Connection: mysql, SQL: select * from `solds` where `paymentStatus` = 1 and `status` = A and `created_at` >= 2026-03-17 00:30:03)

  at vendor/laravel/framework/src/Illuminate/Database/Connection.php:825
    821▕                     $this->getName(), $query, $this->prepareBindings($bindings), $e
    822▕                 );
    823▕             }
    824▕ 
  ➜ 825▕             throw new QueryException(
    826▕                 $this->getName(), $query, $this->prepareBindings($bindings), $e
    827▕             );
    828▕         }
    829▕     }

      [2m+22 vendor frames [22m

  23  app/Console/Commands/RemindUnpaidOrders.php:129
      Illuminate\Database\Eloquent\Builder::get()
      [2m+13 vendor frames [22m

  37  artisan:13
      Illuminate\Foundation\Application::handleCommand()

17.03.2026 01:40:02 — To'lanmagan buyurtmalarga eslatma yuborish boshlandi...
Eslatma yuborish uchun buyurtma topilmadi.
17.03.2026 01:50:02 — To'lanmagan buyurtmalarga eslatma yuborish boshlandi...
Eslatma yuborish uchun buyurtma topilmadi.
17.03.2026 02:00:03 — To'lanmagan buyurtmalarga eslatma yuborish boshlandi...

   Illuminate\Database\QueryException 

  SQLSTATE[HY000] [2002] Connection refused (Connection: mysql, SQL: select * from `solds` where `paymentStatus` = 1 and `status` = A and `created_at` >= 2026-03-17 01:00:03)

  at vendor/laravel/framework/src/Illuminate/Database/Connection.php:825
    821▕                     $this->getName(), $query, $this->prepareBindings($bindings), $e
    822▕                 );
    823▕             }
    824▕ 
  ➜ 825▕             throw new QueryException(
    826▕                 $this->getName(), $query, $this->prepareBindings($bindings), $e
    827▕             );
    828▕         }
    829▕     }

      [2m+22 vendor frames [22m

  23  app/Console/Commands/RemindUnpaidOrders.php:129
      Illuminate\Database\Eloquent\Builder::get()
      [2m+13 vendor frames [22m

  37  artisan:13
      Illuminate\Foundation\Application::handleCommand()

17.03.2026 02:10:02 — To'lanmagan buyurtmalarga eslatma yuborish boshlandi...
Eslatma yuborish uchun buyurtma topilmadi.
17.03.2026 02:20:03 — To'lanmagan buyurtmalarga eslatma yuborish boshlandi...
Eslatma yuborish uchun buyurtma topilmadi.
17.03.2026 02:30:02 — To'lanmagan buyurtmalarga eslatma yuborish boshlandi...

   Illuminate\Database\QueryException 

  SQLSTATE[HY000] [2002] Connection refused (Connection: mysql, SQL: select * from `solds` where `paymentStatus` = 1 and `status` = A and `created_at` >= 2026-03-17 01:30:02)

  at vendor/laravel/framework/src/Illuminate/Database/Connection.php:825
    821▕                     $this->getName(), $query, $this->prepareBindings($bindings), $e
    822▕                 );
    823▕             }
    824▕ 
  ➜ 825▕             throw new QueryException(
    826▕                 $this->getName(), $query, $this->prepareBindings($bindings), $e
    827▕             );
    828▕         }
    829▕     }

      [2m+22 vendor frames [22m

  23  app/Console/Commands/RemindUnpaidOrders.php:129
      Illuminate\Database\Eloquent\Builder::get()
      [2m+13 vendor frames [22m

  37  artisan:13
      Illuminate\Foundation\Application::handleCommand()

17.03.2026 02:40:03 — To'lanmagan buyurtmalarga eslatma yuborish boshlandi...
Eslatma yuborish uchun buyurtma topilmadi.
17.03.2026 02:50:02 — To'lanmagan buyurtmalarga eslatma yuborish boshlandi...
Eslatma yuborish uchun buyurtma topilmadi.
17.03.2026 03:00:02 — To'lanmagan buyurtmalarga eslatma yuborish boshlandi...

   Illuminate\Database\QueryException 

  SQLSTATE[HY000] [2002] Connection refused (Connection: mysql, SQL: select * from `solds` where `paymentStatus` = 1 and `status` = A and `created_at` >= 2026-03-17 02:00:02)

  at vendor/laravel/framework/src/Illuminate/Database/Connection.php:825
    821▕                     $this->getName(), $query, $this->prepareBindings($bindings), $e
    822▕                 );
    823▕             }
    824▕ 
  ➜ 825▕             throw new QueryException(
    826▕                 $this->getName(), $query, $this->prepareBindings($bindings), $e
    827▕             );
    828▕         }
    829▕     }

      [2m+22 vendor frames [22m

  23  app/Console/Commands/RemindUnpaidOrders.php:129
      Illuminate\Database\Eloquent\Builder::get()
      [2m+13 vendor frames [22m

  37  artisan:13
      Illuminate\Foundation\Application::handleCommand()

17.03.2026 03:10:02 — To'lanmagan buyurtmalarga eslatma yuborish boshlandi...
Eslatma yuborish uchun buyurtma topilmadi.
17.03.2026 03:20:02 — To'lanmagan buyurtmalarga eslatma yuborish boshlandi...
Eslatma yuborish uchun buyurtma topilmadi.
17.03.2026 03:30:02 — To'lanmagan buyurtmalarga eslatma yuborish boshlandi...

   Illuminate\Database\QueryException 

  SQLSTATE[HY000] [2002] Connection refused (Connection: mysql, SQL: select * from `solds` where `paymentStatus` = 1 and `status` = A and `created_at` >= 2026-03-17 02:30:02)

  at vendor/laravel/framework/src/Illuminate/Database/Connection.php:825
    821▕                     $this->getName(), $query, $this->prepareBindings($bindings), $e
    822▕                 );
    823▕             }
    824▕ 
  ➜ 825▕             throw new QueryException(
    826▕                 $this->getName(), $query, $this->prepareBindings($bindings), $e
    827▕             );
    828▕         }
    829▕     }

      [2m+22 vendor frames [22m

  23  app/Console/Commands/RemindUnpaidOrders.php:129
      Illuminate\Database\Eloquent\Builder::get()
      [2m+13 vendor frames [22m

  37  artisan:13
      Illuminate\Foundation\Application::handleCommand()

17.03.2026 03:40:02 — To'lanmagan buyurtmalarga eslatma yuborish boshlandi...
Eslatma yuborish uchun buyurtma topilmadi.
17.03.2026 03:50:03 — To'lanmagan buyurtmalarga eslatma yuborish boshlandi...
Eslatma yuborish uchun buyurtma topilmadi.
17.03.2026 04:00:02 — To'lanmagan buyurtmalarga eslatma yuborish boshlandi...

   Illuminate\Database\QueryException 

  SQLSTATE[HY000] [2002] Connection refused (Connection: mysql, SQL: select * from `solds` where `paymentStatus` = 1 and `status` = A and `created_at` >= 2026-03-17 03:00:02)

  at vendor/laravel/framework/src/Illuminate/Database/Connection.php:825
    821▕                     $this->getName(), $query, $this->prepareBindings($bindings), $e
    822▕                 );
    823▕             }
    824▕ 
  ➜ 825▕             throw new QueryException(
    826▕                 $this->getName(), $query, $this->prepareBindings($bindings), $e
    827▕             );
    828▕         }
    829▕     }

      [2m+22 vendor frames [22m

  23  app/Console/Commands/RemindUnpaidOrders.php:129
      Illuminate\Database\Eloquent\Builder::get()
      [2m+13 vendor frames [22m

  37  artisan:13
      Illuminate\Foundation\Application::handleCommand()

17.03.2026 04:10:02 — To'lanmagan buyurtmalarga eslatma yuborish boshlandi...
Eslatma yuborish uchun buyurtma topilmadi.
17.03.2026 04:20:02 — To'lanmagan buyurtmalarga eslatma yuborish boshlandi...
Eslatma yuborish uchun buyurtma topilmadi.
17.03.2026 04:30:03 — To'lanmagan buyurtmalarga eslatma yuborish boshlandi...

   Illuminate\Database\QueryException 

  SQLSTATE[HY000] [2002] Connection refused (Connection: mysql, SQL: select * from `solds` where `paymentStatus` = 1 and `status` = A and `created_at` >= 2026-03-17 03:30:03)

  at vendor/laravel/framework/src/Illuminate/Database/Connection.php:825
    821▕                     $this->getName(), $query, $this->prepareBindings($bindings), $e
    822▕                 );
    823▕             }
    824▕ 
  ➜ 825▕             throw new QueryException(
    826▕                 $this->getName(), $query, $this->prepareBindings($bindings), $e
    827▕             );
    828▕         }
    829▕     }

      [2m+22 vendor frames [22m

  23  app/Console/Commands/RemindUnpaidOrders.php:129
      Illuminate\Database\Eloquent\Builder::get()
      [2m+13 vendor frames [22m

  37  artisan:13
      Illuminate\Foundation\Application::handleCommand()

17.03.2026 04:40:02 — To'lanmagan buyurtmalarga eslatma yuborish boshlandi...
Eslatma yuborish uchun buyurtma topilmadi.
17.03.2026 04:50:01 — To'lanmagan buyurtmalarga eslatma yuborish boshlandi...
Eslatma yuborish uchun buyurtma topilmadi.
17.03.2026 05:00:03 — To'lanmagan buyurtmalarga eslatma yuborish boshlandi...

   Illuminate\Database\QueryException 

  SQLSTATE[HY000] [2002] Connection refused (Connection: mysql, SQL: select * from `solds` where `paymentStatus` = 1 and `status` = A and `created_at` >= 2026-03-17 04:00:03)

  at vendor/laravel/framework/src/Illuminate/Database/Connection.php:825
    821▕                     $this->getName(), $query, $this->prepareBindings($bindings), $e
    822▕                 );
    823▕             }
    824▕ 
  ➜ 825▕             throw new QueryException(
    826▕                 $this->getName(), $query, $this->prepareBindings($bindings), $e
    827▕             );
    828▕         }
    829▕     }

      [2m+22 vendor frames [22m

  23  app/Console/Commands/RemindUnpaidOrders.php:129
      Illuminate\Database\Eloquent\Builder::get()
      [2m+13 vendor frames [22m

  37  artisan:13
      Illuminate\Foundation\Application::handleCommand()

17.03.2026 05:10:02 — To'lanmagan buyurtmalarga eslatma yuborish boshlandi...
Eslatma yuborish uchun buyurtma topilmadi.
17.03.2026 05:20:02 — To'lanmagan buyurtmalarga eslatma yuborish boshlandi...
Eslatma yuborish uchun buyurtma topilmadi.
17.03.2026 05:30:02 — To'lanmagan buyurtmalarga eslatma yuborish boshlandi...

   Illuminate\Database\QueryException 

  SQLSTATE[HY000] [2002] Connection refused (Connection: mysql, SQL: select * from `solds` where `paymentStatus` = 1 and `status` = A and `created_at` >= 2026-03-17 04:30:02)

  at vendor/laravel/framework/src/Illuminate/Database/Connection.php:825
    821▕                     $this->getName(), $query, $this->prepareBindings($bindings), $e
    822▕                 );
    823▕             }
    824▕ 
  ➜ 825▕             throw new QueryException(
    826▕                 $this->getName(), $query, $this->prepareBindings($bindings), $e
    827▕             );
    828▕         }
    829▕     }

      [2m+22 vendor frames [22m

  23  app/Console/Commands/RemindUnpaidOrders.php:129
      Illuminate\Database\Eloquent\Builder::get()
      [2m+13 vendor frames [22m

  37  artisan:13
      Illuminate\Foundation\Application::handleCommand()

17.03.2026 05:40:02 — To'lanmagan buyurtmalarga eslatma yuborish boshlandi...
Eslatma yuborish uchun buyurtma topilmadi.
17.03.2026 05:50:02 — To'lanmagan buyurtmalarga eslatma yuborish boshlandi...
Eslatma yuborish uchun buyurtma topilmadi.
17.03.2026 06:00:02 — To'lanmagan buyurtmalarga eslatma yuborish boshlandi...

   Illuminate\Database\QueryException 

  SQLSTATE[HY000] [2002] Connection refused (Connection: mysql, SQL: select * from `solds` where `paymentStatus` = 1 and `status` = A and `created_at` >= 2026-03-17 05:00:02)

  at vendor/laravel/framework/src/Illuminate/Database/Connection.php:825
    821▕                     $this->getName(), $query, $this->prepareBindings($bindings), $e
    822▕                 );
    823▕             }
    824▕ 
  ➜ 825▕             throw new QueryException(
    826▕                 $this->getName(), $query, $this->prepareBindings($bindings), $e
    827▕             );
    828▕         }
    829▕     }

      [2m+22 vendor frames [22m

  23  app/Console/Commands/RemindUnpaidOrders.php:129
      Illuminate\Database\Eloquent\Builder::get()
      [2m+13 vendor frames [22m

  37  artisan:13
      Illuminate\Foundation\Application::handleCommand()

17.03.2026 06:10:02 — To'lanmagan buyurtmalarga eslatma yuborish boshlandi...
Eslatma yuborish uchun buyurtma topilmadi.
17.03.2026 06:20:02 — To'lanmagan buyurtmalarga eslatma yuborish boshlandi...
Eslatma yuborish uchun buyurtma topilmadi.
17.03.2026 06:30:02 — To'lanmagan buyurtmalarga eslatma yuborish boshlandi...

   Illuminate\Database\QueryException 

  SQLSTATE[HY000] [2002] Connection refused (Connection: mysql, SQL: select * from `solds` where `paymentStatus` = 1 and `status` = A and `created_at` >= 2026-03-17 05:30:02)

  at vendor/laravel/framework/src/Illuminate/Database/Connection.php:825
    821▕                     $this->getName(), $query, $this->prepareBindings($bindings), $e
    822▕                 );
    823▕             }
    824▕ 
  ➜ 825▕             throw new QueryException(
    826▕                 $this->getName(), $query, $this->prepareBindings($bindings), $e
    827▕             );
    828▕         }
    829▕     }

      [2m+22 vendor frames [22m

  23  app/Console/Commands/RemindUnpaidOrders.php:129
      Illuminate\Database\Eloquent\Builder::get()
      [2m+13 vendor frames [22m

  37  artisan:13
      Illuminate\Foundation\Application::handleCommand()

17.03.2026 06:40:02 — To'lanmagan buyurtmalarga eslatma yuborish boshlandi...
Eslatma yuborish uchun buyurtma topilmadi.
17.03.2026 06:50:02 — To'lanmagan buyurtmalarga eslatma yuborish boshlandi...
Eslatma yuborish uchun buyurtma topilmadi.
17.03.2026 07:00:02 — To'lanmagan buyurtmalarga eslatma yuborish boshlandi...

   Illuminate\Database\QueryException 

  SQLSTATE[HY000] [2002] Connection refused (Connection: mysql, SQL: select * from `solds` where `paymentStatus` = 1 and `status` = A and `created_at` >= 2026-03-17 06:00:02)

  at vendor/laravel/framework/src/Illuminate/Database/Connection.php:825
    821▕                     $this->getName(), $query, $this->prepareBindings($bindings), $e
    822▕                 );
    823▕             }
    824▕ 
  ➜ 825▕             throw new QueryException(
    826▕                 $this->getName(), $query, $this->prepareBindings($bindings), $e
    827▕             );
    828▕         }
    829▕     }

      [2m+22 vendor frames [22m

  23  app/Console/Commands/RemindUnpaidOrders.php:129
      Illuminate\Database\Eloquent\Builder::get()
      [2m+13 vendor frames [22m

  37  artisan:13
      Illuminate\Foundation\Application::handleCommand()

17.03.2026 07:10:02 — To'lanmagan buyurtmalarga eslatma yuborish boshlandi...
Eslatma yuborish uchun buyurtma topilmadi.
17.03.2026 07:20:02 — To'lanmagan buyurtmalarga eslatma yuborish boshlandi...
Eslatma yuborish uchun buyurtma topilmadi.
17.03.2026 07:30:02 — To'lanmagan buyurtmalarga eslatma yuborish boshlandi...

   Illuminate\Database\QueryException 

  SQLSTATE[HY000] [2002] Connection refused (Connection: mysql, SQL: select * from `solds` where `paymentStatus` = 1 and `status` = A and `created_at` >= 2026-03-17 06:30:02)

  at vendor/laravel/framework/src/Illuminate/Database/Connection.php:825
    821▕                     $this->getName(), $query, $this->prepareBindings($bindings), $e
    822▕                 );
    823▕             }
    824▕ 
  ➜ 825▕             throw new QueryException(
    826▕                 $this->getName(), $query, $this->prepareBindings($bindings), $e
    827▕             );
    828▕         }
    829▕     }

      [2m+22 vendor frames [22m

  23  app/Console/Commands/RemindUnpaidOrders.php:129
      Illuminate\Database\Eloquent\Builder::get()
      [2m+13 vendor frames [22m

  37  artisan:13
      Illuminate\Foundation\Application::handleCommand()

17.03.2026 07:40:02 — To'lanmagan buyurtmalarga eslatma yuborish boshlandi...
Eslatma yuborish uchun buyurtma topilmadi.
17.03.2026 07:50:02 — To'lanmagan buyurtmalarga eslatma yuborish boshlandi...
Eslatma yuborish uchun buyurtma topilmadi.
17.03.2026 08:00:01 — To'lanmagan buyurtmalarga eslatma yuborish boshlandi...

   Illuminate\Database\QueryException 

  SQLSTATE[HY000] [2002] Connection refused (Connection: mysql, SQL: select * from `solds` where `paymentStatus` = 1 and `status` = A and `created_at` >= 2026-03-17 07:00:02)

  at vendor/laravel/framework/src/Illuminate/Database/Connection.php:825
    821▕                     $this->getName(), $query, $this->prepareBindings($bindings), $e
    822▕                 );
    823▕             }
    824▕ 
  ➜ 825▕             throw new QueryException(
    826▕                 $this->getName(), $query, $this->prepareBindings($bindings), $e
    827▕             );
    828▕         }
    829▕     }

      [2m+22 vendor frames [22m

  23  app/Console/Commands/RemindUnpaidOrders.php:129
      Illuminate\Database\Eloquent\Builder::get()
      [2m+13 vendor frames [22m

  37  artisan:13
      Illuminate\Foundation\Application::handleCommand()

17.03.2026 08:10:02 — To'lanmagan buyurtmalarga eslatma yuborish boshlandi...
Eslatma yuborish uchun buyurtma topilmadi.
17.03.2026 08:20:02 — To'lanmagan buyurtmalarga eslatma yuborish boshlandi...
Eslatma yuborish uchun buyurtma topilmadi.
17.03.2026 08:30:02 — To'lanmagan buyurtmalarga eslatma yuborish boshlandi...

   Illuminate\Database\QueryException 

  SQLSTATE[HY000] [2002] Connection refused (Connection: mysql, SQL: select * from `solds` where `paymentStatus` = 1 and `status` = A and `created_at` >= 2026-03-17 07:30:02)

  at vendor/laravel/framework/src/Illuminate/Database/Connection.php:825
    821▕                     $this->getName(), $query, $this->prepareBindings($bindings), $e
    822▕                 );
    823▕             }
    824▕ 
  ➜ 825▕             throw new QueryException(
    826▕                 $this->getName(), $query, $this->prepareBindings($bindings), $e
    827▕             );
    828▕         }
    829▕     }

      [2m+22 vendor frames [22m

  23  app/Console/Commands/RemindUnpaidOrders.php:129
      Illuminate\Database\Eloquent\Builder::get()
      [2m+13 vendor frames [22m

  37  artisan:13
      Illuminate\Foundation\Application::handleCommand()

17.03.2026 08:40:02 — To'lanmagan buyurtmalarga eslatma yuborish boshlandi...
Eslatma yuborish uchun buyurtma topilmadi.
17.03.2026 08:50:02 — To'lanmagan buyurtmalarga eslatma yuborish boshlandi...
Eslatma yuborish uchun buyurtma topilmadi.
17.03.2026 09:00:02 — To'lanmagan buyurtmalarga eslatma yuborish boshlandi...

   Illuminate\Database\QueryException 

  SQLSTATE[HY000] [2002] Connection refused (Connection: mysql, SQL: select * from `solds` where `paymentStatus` = 1 and `status` = A and `created_at` >= 2026-03-17 08:00:02)

  at vendor/laravel/framework/src/Illuminate/Database/Connection.php:825
    821▕                     $this->getName(), $query, $this->prepareBindings($bindings), $e
    822▕                 );
    823▕             }
    824▕ 
  ➜ 825▕             throw new QueryException(
    826▕                 $this->getName(), $query, $this->prepareBindings($bindings), $e
    827▕             );
    828▕         }
    829▕     }

      [2m+22 vendor frames [22m

  23  app/Console/Commands/RemindUnpaidOrders.php:129
      Illuminate\Database\Eloquent\Builder::get()
      [2m+13 vendor frames [22m

  37  artisan:13
      Illuminate\Foundation\Application::handleCommand()

17.03.2026 09:10:02 — To'lanmagan buyurtmalarga eslatma yuborish boshlandi...
Eslatma yuborish uchun buyurtma topilmadi.
17.03.2026 09:20:02 — To'lanmagan buyurtmalarga eslatma yuborish boshlandi...
Eslatma yuborish uchun buyurtma topilmadi.
17.03.2026 09:30:02 — To'lanmagan buyurtmalarga eslatma yuborish boshlandi...

   Illuminate\Database\QueryException 

  SQLSTATE[HY000] [2002] Connection refused (Connection: mysql, SQL: select * from `solds` where `paymentStatus` = 1 and `status` = A and `created_at` >= 2026-03-17 08:30:02)

  at vendor/laravel/framework/src/Illuminate/Database/Connection.php:825
    821▕                     $this->getName(), $query, $this->prepareBindings($bindings), $e
    822▕                 );
    823▕             }
    824▕ 
  ➜ 825▕             throw new QueryException(
    826▕                 $this->getName(), $query, $this->prepareBindings($bindings), $e
    827▕             );
    828▕         }
    829▕     }

      [2m+22 vendor frames [22m

  23  app/Console/Commands/RemindUnpaidOrders.php:129
      Illuminate\Database\Eloquent\Builder::get()
      [2m+13 vendor frames [22m

  37  artisan:13
      Illuminate\Foundation\Application::handleCommand()

17.03.2026 09:40:02 — To'lanmagan buyurtmalarga eslatma yuborish boshlandi...
Eslatma yuborish uchun buyurtma topilmadi.
17.03.2026 09:50:01 — To'lanmagan buyurtmalarga eslatma yuborish boshlandi...
Eslatma yuborish uchun buyurtma topilmadi.
17.03.2026 10:00:02 — To'lanmagan buyurtmalarga eslatma yuborish boshlandi...

   Illuminate\Database\QueryException 

  SQLSTATE[HY000] [2002] Connection refused (Connection: mysql, SQL: select * from `solds` where `paymentStatus` = 1 and `status` = A and `created_at` >= 2026-03-17 09:00:02)

  at vendor/laravel/framework/src/Illuminate/Database/Connection.php:825
    821▕                     $this->getName(), $query, $this->prepareBindings($bindings), $e
    822▕                 );
    823▕             }
    824▕ 
  ➜ 825▕             throw new QueryException(
    826▕                 $this->getName(), $query, $this->prepareBindings($bindings), $e
    827▕             );
    828▕         }
    829▕     }

      [2m+22 vendor frames [22m

  23  app/Console/Commands/RemindUnpaidOrders.php:129
      Illuminate\Database\Eloquent\Builder::get()
      [2m+13 vendor frames [22m

  37  artisan:13
      Illuminate\Foundation\Application::handleCommand()

17.03.2026 10:10:02 — To'lanmagan buyurtmalarga eslatma yuborish boshlandi...
Eslatma yuborish uchun buyurtma topilmadi.
17.03.2026 10:20:02 — To'lanmagan buyurtmalarga eslatma yuborish boshlandi...
Eslatma yuborish uchun buyurtma topilmadi.
17.03.2026 10:30:02 — To'lanmagan buyurtmalarga eslatma yuborish boshlandi...

   Illuminate\Database\QueryException 

  SQLSTATE[HY000] [2002] Connection refused (Connection: mysql, SQL: select * from `solds` where `paymentStatus` = 1 and `status` = A and `created_at` >= 2026-03-17 09:30:02)

  at vendor/laravel/framework/src/Illuminate/Database/Connection.php:825
    821▕                     $this->getName(), $query, $this->prepareBindings($bindings), $e
    822▕                 );
    823▕             }
    824▕ 
  ➜ 825▕             throw new QueryException(
    826▕                 $this->getName(), $query, $this->prepareBindings($bindings), $e
    827▕             );
    828▕         }
    829▕     }

      [2m+22 vendor frames [22m

  23  app/Console/Commands/RemindUnpaidOrders.php:129
      Illuminate\Database\Eloquent\Builder::get()
      [2m+13 vendor frames [22m

  37  artisan:13
      Illuminate\Foundation\Application::handleCommand()

17.03.2026 10:40:02 — To'lanmagan buyurtmalarga eslatma yuborish boshlandi...
Eslatma yuborish uchun buyurtma topilmadi.
17.03.2026 10:50:02 — To'lanmagan buyurtmalarga eslatma yuborish boshlandi...
Eslatma yuborish uchun buyurtma topilmadi.
17.03.2026 11:00:02 — To'lanmagan buyurtmalarga eslatma yuborish boshlandi...

   Illuminate\Database\QueryException 

  SQLSTATE[HY000] [2002] Connection refused (Connection: mysql, SQL: select * from `solds` where `paymentStatus` = 1 and `status` = A and `created_at` >= 2026-03-17 10:00:02)

  at vendor/laravel/framework/src/Illuminate/Database/Connection.php:825
    821▕                     $this->getName(), $query, $this->prepareBindings($bindings), $e
    822▕                 );
    823▕             }
    824▕ 
  ➜ 825▕             throw new QueryException(
    826▕                 $this->getName(), $query, $this->prepareBindings($bindings), $e
    827▕             );
    828▕         }
    829▕     }

      [2m+22 vendor frames [22m

  23  app/Console/Commands/RemindUnpaidOrders.php:129
      Illuminate\Database\Eloquent\Builder::get()
      [2m+13 vendor frames [22m

  37  artisan:13
      Illuminate\Foundation\Application::handleCommand()

17.03.2026 11:10:02 — To'lanmagan buyurtmalarga eslatma yuborish boshlandi...
Eslatma yuborish uchun buyurtma topilmadi.
17.03.2026 11:20:02 — To'lanmagan buyurtmalarga eslatma yuborish boshlandi...
Eslatma yuborish uchun buyurtma topilmadi.
17.03.2026 11:30:01 — To'lanmagan buyurtmalarga eslatma yuborish boshlandi...

   Illuminate\Database\QueryException 

  SQLSTATE[HY000] [2002] Connection refused (Connection: mysql, SQL: select * from `solds` where `paymentStatus` = 1 and `status` = A and `created_at` >= 2026-03-17 10:30:01)

  at vendor/laravel/framework/src/Illuminate/Database/Connection.php:825
    821▕                     $this->getName(), $query, $this->prepareBindings($bindings), $e
    822▕                 );
    823▕             }
    824▕ 
  ➜ 825▕             throw new QueryException(
    826▕                 $this->getName(), $query, $this->prepareBindings($bindings), $e
    827▕             );
    828▕         }
    829▕     }

      [2m+22 vendor frames [22m

  23  app/Console/Commands/RemindUnpaidOrders.php:129
      Illuminate\Database\Eloquent\Builder::get()
      [2m+13 vendor frames [22m

  37  artisan:13
      Illuminate\Foundation\Application::handleCommand()

17.03.2026 11:40:02 — To'lanmagan buyurtmalarga eslatma yuborish boshlandi...
Eslatma yuborish uchun buyurtma topilmadi.
17.03.2026 11:50:02 — To'lanmagan buyurtmalarga eslatma yuborish boshlandi...
Eslatma yuborish uchun buyurtma topilmadi.
17.03.2026 12:00:02 — To'lanmagan buyurtmalarga eslatma yuborish boshlandi...

   Illuminate\Database\QueryException 

  SQLSTATE[HY000] [2002] Connection refused (Connection: mysql, SQL: select * from `solds` where `paymentStatus` = 1 and `status` = A and `created_at` >= 2026-03-17 11:00:02)

  at vendor/laravel/framework/src/Illuminate/Database/Connection.php:825
    821▕                     $this->getName(), $query, $this->prepareBindings($bindings), $e
    822▕                 );
    823▕             }
    824▕ 
  ➜ 825▕             throw new QueryException(
    826▕                 $this->getName(), $query, $this->prepareBindings($bindings), $e
    827▕             );
    828▕         }
    829▕     }

      [2m+22 vendor frames [22m

  23  app/Console/Commands/RemindUnpaidOrders.php:129
      Illuminate\Database\Eloquent\Builder::get()
      [2m+13 vendor frames [22m

  37  artisan:13
      Illuminate\Foundation\Application::handleCommand()

17.03.2026 12:10:02 — To'lanmagan buyurtmalarga eslatma yuborish boshlandi...
Eslatma yuborish uchun buyurtma topilmadi.
17.03.2026 12:20:02 — To'lanmagan buyurtmalarga eslatma yuborish boshlandi...
Eslatma yuborish uchun buyurtma topilmadi.
17.03.2026 12:30:02 — To'lanmagan buyurtmalarga eslatma yuborish boshlandi...

   Illuminate\Database\QueryException 

  SQLSTATE[HY000] [2002] Connection refused (Connection: mysql, SQL: select * from `solds` where `paymentStatus` = 1 and `status` = A and `created_at` >= 2026-03-17 11:30:02)

  at vendor/laravel/framework/src/Illuminate/Database/Connection.php:825
    821▕                     $this->getName(), $query, $this->prepareBindings($bindings), $e
    822▕                 );
    823▕             }
    824▕ 
  ➜ 825▕             throw new QueryException(
    826▕                 $this->getName(), $query, $this->prepareBindings($bindings), $e
    827▕             );
    828▕         }
    829▕     }

      [2m+22 vendor frames [22m

  23  app/Console/Commands/RemindUnpaidOrders.php:129
      Illuminate\Database\Eloquent\Builder::get()
      [2m+13 vendor frames [22m

  37  artisan:13
      Illuminate\Foundation\Application::handleCommand()

17.03.2026 12:40:01 — To'lanmagan buyurtmalarga eslatma yuborish boshlandi...
Eslatma yuborish uchun buyurtma topilmadi.
17.03.2026 12:50:01 — To'lanmagan buyurtmalarga eslatma yuborish boshlandi...
Eslatma yuborish uchun buyurtma topilmadi.
17.03.2026 13:00:02 — To'lanmagan buyurtmalarga eslatma yuborish boshlandi...

   Illuminate\Database\QueryException 

  SQLSTATE[HY000] [2002] Connection refused (Connection: mysql, SQL: select * from `solds` where `paymentStatus` = 1 and `status` = A and `created_at` >= 2026-03-17 12:00:02)

  at vendor/laravel/framework/src/Illuminate/Database/Connection.php:825
    821▕                     $this->getName(), $query, $this->prepareBindings($bindings), $e
    822▕                 );
    823▕             }
    824▕ 
  ➜ 825▕             throw new QueryException(
    826▕                 $this->getName(), $query, $this->prepareBindings($bindings), $e
    827▕             );
    828▕         }
    829▕     }

      [2m+22 vendor frames [22m

  23  app/Console/Commands/RemindUnpaidOrders.php:129
      Illuminate\Database\Eloquent\Builder::get()
      [2m+13 vendor frames [22m

  37  artisan:13
      Illuminate\Foundation\Application::handleCommand()

17.03.2026 13:10:02 — To'lanmagan buyurtmalarga eslatma yuborish boshlandi...
Eslatma yuborish uchun buyurtma topilmadi.
17.03.2026 13:20:02 — To'lanmagan buyurtmalarga eslatma yuborish boshlandi...
Eslatma yuborish uchun buyurtma topilmadi.
17.03.2026 13:30:02 — To'lanmagan buyurtmalarga eslatma yuborish boshlandi...

   Illuminate\Database\QueryException 

  SQLSTATE[HY000] [2002] Connection refused (Connection: mysql, SQL: select * from `solds` where `paymentStatus` = 1 and `status` = A and `created_at` >= 2026-03-17 12:30:02)

  at vendor/laravel/framework/src/Illuminate/Database/Connection.php:825
    821▕                     $this->getName(), $query, $this->prepareBindings($bindings), $e
    822▕                 );
    823▕             }
    824▕ 
  ➜ 825▕             throw new QueryException(
    826▕                 $this->getName(), $query, $this->prepareBindings($bindings), $e
    827▕             );
    828▕         }
    829▕     }

      [2m+22 vendor frames [22m

  23  app/Console/Commands/RemindUnpaidOrders.php:129
      Illuminate\Database\Eloquent\Builder::get()
      [2m+13 vendor frames [22m

  37  artisan:13
      Illuminate\Foundation\Application::handleCommand()

17.03.2026 13:40:02 — To'lanmagan buyurtmalarga eslatma yuborish boshlandi...
Eslatma yuborish uchun buyurtma topilmadi.
17.03.2026 13:50:02 — To'lanmagan buyurtmalarga eslatma yuborish boshlandi...
Eslatma yuborish uchun buyurtma topilmadi.
17.03.2026 14:00:02 — To'lanmagan buyurtmalarga eslatma yuborish boshlandi...

   Illuminate\Database\QueryException 

  SQLSTATE[HY000] [2002] Connection refused (Connection: mysql, SQL: select * from `solds` where `paymentStatus` = 1 and `status` = A and `created_at` >= 2026-03-17 13:00:02)

  at vendor/laravel/framework/src/Illuminate/Database/Connection.php:825
    821▕                     $this->getName(), $query, $this->prepareBindings($bindings), $e
    822▕                 );
    823▕             }
    824▕ 
  ➜ 825▕             throw new QueryException(
    826▕                 $this->getName(), $query, $this->prepareBindings($bindings), $e
    827▕             );
    828▕         }
    829▕     }

      [2m+22 vendor frames [22m

  23  app/Console/Commands/RemindUnpaidOrders.php:129
      Illuminate\Database\Eloquent\Builder::get()
      [2m+13 vendor frames [22m

  37  artisan:13
      Illuminate\Foundation\Application::handleCommand()

17.03.2026 14:10:02 — To'lanmagan buyurtmalarga eslatma yuborish boshlandi...
Eslatma yuborish uchun buyurtma topilmadi.
17.03.2026 14:20:02 — To'lanmagan buyurtmalarga eslatma yuborish boshlandi...
Eslatma yuborish uchun buyurtma topilmadi.
17.03.2026 14:30:02 — To'lanmagan buyurtmalarga eslatma yuborish boshlandi...

   Illuminate\Database\QueryException 

  SQLSTATE[HY000] [2002] Connection refused (Connection: mysql, SQL: select * from `solds` where `paymentStatus` = 1 and `status` = A and `created_at` >= 2026-03-17 13:30:02)

  at vendor/laravel/framework/src/Illuminate/Database/Connection.php:825
    821▕                     $this->getName(), $query, $this->prepareBindings($bindings), $e
    822▕                 );
    823▕             }
    824▕ 
  ➜ 825▕             throw new QueryException(
    826▕                 $this->getName(), $query, $this->prepareBindings($bindings), $e
    827▕             );
    828▕         }
    829▕     }

      [2m+22 vendor frames [22m

  23  app/Console/Commands/RemindUnpaidOrders.php:129
      Illuminate\Database\Eloquent\Builder::get()
      [2m+13 vendor frames [22m

  37  artisan:13
      Illuminate\Foundation\Application::handleCommand()

17.03.2026 14:40:02 — To'lanmagan buyurtmalarga eslatma yuborish boshlandi...
Eslatma yuborish uchun buyurtma topilmadi.
17.03.2026 14:50:02 — To'lanmagan buyurtmalarga eslatma yuborish boshlandi...
Eslatma yuborish uchun buyurtma topilmadi.
17.03.2026 15:00:02 — To'lanmagan buyurtmalarga eslatma yuborish boshlandi...

   Illuminate\Database\QueryException 

  SQLSTATE[HY000] [2002] Connection refused (Connection: mysql, SQL: select * from `solds` where `paymentStatus` = 1 and `status` = A and `created_at` >= 2026-03-17 14:00:02)

  at vendor/laravel/framework/src/Illuminate/Database/Connection.php:825
    821▕                     $this->getName(), $query, $this->prepareBindings($bindings), $e
    822▕                 );
    823▕             }
    824▕ 
  ➜ 825▕             throw new QueryException(
    826▕                 $this->getName(), $query, $this->prepareBindings($bindings), $e
    827▕             );
    828▕         }
    829▕     }

      [2m+22 vendor frames [22m

  23  app/Console/Commands/RemindUnpaidOrders.php:129
      Illuminate\Database\Eloquent\Builder::get()
      [2m+13 vendor frames [22m

  37  artisan:13
      Illuminate\Foundation\Application::handleCommand()

17.03.2026 15:10:01 — To'lanmagan buyurtmalarga eslatma yuborish boshlandi...
Eslatma yuborish uchun buyurtma topilmadi.
17.03.2026 15:20:02 — To'lanmagan buyurtmalarga eslatma yuborish boshlandi...
Eslatma yuborish uchun buyurtma topilmadi.
17.03.2026 15:30:02 — To'lanmagan buyurtmalarga eslatma yuborish boshlandi...

   Illuminate\Database\QueryException 

  SQLSTATE[HY000] [2002] Connection refused (Connection: mysql, SQL: select * from `solds` where `paymentStatus` = 1 and `status` = A and `created_at` >= 2026-03-17 14:30:02)

  at vendor/laravel/framework/src/Illuminate/Database/Connection.php:825
    821▕                     $this->getName(), $query, $this->prepareBindings($bindings), $e
    822▕                 );
    823▕             }
    824▕ 
  ➜ 825▕             throw new QueryException(
    826▕                 $this->getName(), $query, $this->prepareBindings($bindings), $e
    827▕             );
    828▕         }
    829▕     }

      [2m+22 vendor frames [22m

  23  app/Console/Commands/RemindUnpaidOrders.php:129
      Illuminate\Database\Eloquent\Builder::get()
      [2m+13 vendor frames [22m

  37  artisan:13
      Illuminate\Foundation\Application::handleCommand()

17.03.2026 15:40:02 — To'lanmagan buyurtmalarga eslatma yuborish boshlandi...
Eslatma yuborish uchun buyurtma topilmadi.
17.03.2026 15:50:02 — To'lanmagan buyurtmalarga eslatma yuborish boshlandi...
Eslatma yuborish uchun buyurtma topilmadi.
17.03.2026 16:00:02 — To'lanmagan buyurtmalarga eslatma yuborish boshlandi...

   Illuminate\Database\QueryException 

  SQLSTATE[HY000] [2002] Connection refused (Connection: mysql, SQL: select * from `solds` where `paymentStatus` = 1 and `status` = A and `created_at` >= 2026-03-17 15:00:02)

  at vendor/laravel/framework/src/Illuminate/Database/Connection.php:825
    821▕                     $this->getName(), $query, $this->prepareBindings($bindings), $e
    822▕                 );
    823▕             }
    824▕ 
  ➜ 825▕             throw new QueryException(
    826▕                 $this->getName(), $query, $this->prepareBindings($bindings), $e
    827▕             );
    828▕         }
    829▕     }

      [2m+22 vendor frames [22m

  23  app/Console/Commands/RemindUnpaidOrders.php:129
      Illuminate\Database\Eloquent\Builder::get()
      [2m+13 vendor frames [22m

  37  artisan:13
      Illuminate\Foundation\Application::handleCommand()

17.03.2026 16:10:02 — To'lanmagan buyurtmalarga eslatma yuborish boshlandi...
Eslatma yuborish uchun buyurtma topilmadi.
17.03.2026 16:20:02 — To'lanmagan buyurtmalarga eslatma yuborish boshlandi...
Eslatma yuborish uchun buyurtma topilmadi.
17.03.2026 16:30:02 — To'lanmagan buyurtmalarga eslatma yuborish boshlandi...

   Illuminate\Database\QueryException 

  SQLSTATE[HY000] [2002] Connection refused (Connection: mysql, SQL: select * from `solds` where `paymentStatus` = 1 and `status` = A and `created_at` >= 2026-03-17 15:30:02)

  at vendor/laravel/framework/src/Illuminate/Database/Connection.php:825
    821▕                     $this->getName(), $query, $this->prepareBindings($bindings), $e
    822▕                 );
    823▕             }
    824▕ 
  ➜ 825▕             throw new QueryException(
    826▕                 $this->getName(), $query, $this->prepareBindings($bindings), $e
    827▕             );
    828▕         }
    829▕     }

      [2m+22 vendor frames [22m

  23  app/Console/Commands/RemindUnpaidOrders.php:129
      Illuminate\Database\Eloquent\Builder::get()
      [2m+13 vendor frames [22m

  37  artisan:13
      Illuminate\Foundation\Application::handleCommand()

17.03.2026 16:40:02 — To'lanmagan buyurtmalarga eslatma yuborish boshlandi...
Eslatma yuborish uchun buyurtma topilmadi.
17.03.2026 16:50:02 — To'lanmagan buyurtmalarga eslatma yuborish boshlandi...
Eslatma yuborish uchun buyurtma topilmadi.
17.03.2026 17:00:02 — To'lanmagan buyurtmalarga eslatma yuborish boshlandi...

   Illuminate\Database\QueryException 

  SQLSTATE[HY000] [2002] Connection refused (Connection: mysql, SQL: select * from `solds` where `paymentStatus` = 1 and `status` = A and `created_at` >= 2026-03-17 16:00:02)

  at vendor/laravel/framework/src/Illuminate/Database/Connection.php:825
    821▕                     $this->getName(), $query, $this->prepareBindings($bindings), $e
    822▕                 );
    823▕             }
    824▕ 
  ➜ 825▕             throw new QueryException(
    826▕                 $this->getName(), $query, $this->prepareBindings($bindings), $e
    827▕             );
    828▕         }
    829▕     }

      [2m+22 vendor frames [22m

  23  app/Console/Commands/RemindUnpaidOrders.php:129
      Illuminate\Database\Eloquent\Builder::get()
      [2m+13 vendor frames [22m

  37  artisan:13
      Illuminate\Foundation\Application::handleCommand()

17.03.2026 17:10:02 — To'lanmagan buyurtmalarga eslatma yuborish boshlandi...
Eslatma yuborish uchun buyurtma topilmadi.
17.03.2026 17:20:01 — To'lanmagan buyurtmalarga eslatma yuborish boshlandi...
Eslatma yuborish uchun buyurtma topilmadi.
17.03.2026 17:30:02 — To'lanmagan buyurtmalarga eslatma yuborish boshlandi...

   Illuminate\Database\QueryException 

  SQLSTATE[HY000] [2002] Connection refused (Connection: mysql, SQL: select * from `solds` where `paymentStatus` = 1 and `status` = A and `created_at` >= 2026-03-17 16:30:02)

  at vendor/laravel/framework/src/Illuminate/Database/Connection.php:825
    821▕                     $this->getName(), $query, $this->prepareBindings($bindings), $e
    822▕                 );
    823▕             }
    824▕ 
  ➜ 825▕             throw new QueryException(
    826▕                 $this->getName(), $query, $this->prepareBindings($bindings), $e
    827▕             );
    828▕         }
    829▕     }

      [2m+22 vendor frames [22m

  23  app/Console/Commands/RemindUnpaidOrders.php:129
      Illuminate\Database\Eloquent\Builder::get()
      [2m+13 vendor frames [22m

  37  artisan:13
      Illuminate\Foundation\Application::handleCommand()

17.03.2026 17:40:02 — To'lanmagan buyurtmalarga eslatma yuborish boshlandi...
Eslatma yuborish uchun buyurtma topilmadi.
17.03.2026 17:50:01 — To'lanmagan buyurtmalarga eslatma yuborish boshlandi...
Eslatma yuborish uchun buyurtma topilmadi.
17.03.2026 18:00:02 — To'lanmagan buyurtmalarga eslatma yuborish boshlandi...

   Illuminate\Database\QueryException 

  SQLSTATE[HY000] [2002] Connection refused (Connection: mysql, SQL: select * from `solds` where `paymentStatus` = 1 and `status` = A and `created_at` >= 2026-03-17 17:00:02)

  at vendor/laravel/framework/src/Illuminate/Database/Connection.php:825
    821▕                     $this->getName(), $query, $this->prepareBindings($bindings), $e
    822▕                 );
    823▕             }
    824▕ 
  ➜ 825▕             throw new QueryException(
    826▕                 $this->getName(), $query, $this->prepareBindings($bindings), $e
    827▕             );
    828▕         }
    829▕     }

      [2m+22 vendor frames [22m

  23  app/Console/Commands/RemindUnpaidOrders.php:129
      Illuminate\Database\Eloquent\Builder::get()
      [2m+13 vendor frames [22m

  37  artisan:13
      Illuminate\Foundation\Application::handleCommand()

17.03.2026 18:10:02 — To'lanmagan buyurtmalarga eslatma yuborish boshlandi...
Eslatma yuborish uchun buyurtma topilmadi.
17.03.2026 18:20:02 — To'lanmagan buyurtmalarga eslatma yuborish boshlandi...
Eslatma yuborish uchun buyurtma topilmadi.
17.03.2026 18:30:02 — To'lanmagan buyurtmalarga eslatma yuborish boshlandi...

   Illuminate\Database\QueryException 

  SQLSTATE[HY000] [2002] Connection refused (Connection: mysql, SQL: select * from `solds` where `paymentStatus` = 1 and `status` = A and `created_at` >= 2026-03-17 17:30:02)

  at vendor/laravel/framework/src/Illuminate/Database/Connection.php:825
    821▕                     $this->getName(), $query, $this->prepareBindings($bindings), $e
    822▕                 );
    823▕             }
    824▕ 
  ➜ 825▕             throw new QueryException(
    826▕                 $this->getName(), $query, $this->prepareBindings($bindings), $e
    827▕             );
    828▕         }
    829▕     }

      [2m+22 vendor frames [22m

  23  app/Console/Commands/RemindUnpaidOrders.php:129
      Illuminate\Database\Eloquent\Builder::get()
      [2m+13 vendor frames [22m

  37  artisan:13
      Illuminate\Foundation\Application::handleCommand()

17.03.2026 18:40:02 — To'lanmagan buyurtmalarga eslatma yuborish boshlandi...
Eslatma yuborish uchun buyurtma topilmadi.
17.03.2026 18:50:02 — To'lanmagan buyurtmalarga eslatma yuborish boshlandi...
Eslatma yuborish uchun buyurtma topilmadi.
17.03.2026 19:00:02 — To'lanmagan buyurtmalarga eslatma yuborish boshlandi...

   Illuminate\Database\QueryException 

  SQLSTATE[HY000] [2002] Connection refused (Connection: mysql, SQL: select * from `solds` where `paymentStatus` = 1 and `status` = A and `created_at` >= 2026-03-17 18:00:02)

  at vendor/laravel/framework/src/Illuminate/Database/Connection.php:825
    821▕                     $this->getName(), $query, $this->prepareBindings($bindings), $e
    822▕                 );
    823▕             }
    824▕ 
  ➜ 825▕             throw new QueryException(
    826▕                 $this->getName(), $query, $this->prepareBindings($bindings), $e
    827▕             );
    828▕         }
    829▕     }

      [2m+22 vendor frames [22m

  23  app/Console/Commands/RemindUnpaidOrders.php:129
      Illuminate\Database\Eloquent\Builder::get()
      [2m+13 vendor frames [22m

  37  artisan:13
      Illuminate\Foundation\Application::handleCommand()

17.03.2026 19:10:02 — To'lanmagan buyurtmalarga eslatma yuborish boshlandi...
Eslatma yuborish uchun buyurtma topilmadi.
17.03.2026 19:20:02 — To'lanmagan buyurtmalarga eslatma yuborish boshlandi...
Eslatma yuborish uchun buyurtma topilmadi.
17.03.2026 19:30:02 — To'lanmagan buyurtmalarga eslatma yuborish boshlandi...
Eslatma yuborish uchun buyurtma topilmadi.
17.03.2026 19:40:02 — To'lanmagan buyurtmalarga eslatma yuborish boshlandi...
Eslatma yuborish uchun buyurtma topilmadi.
17.03.2026 19:50:02 — To'lanmagan buyurtmalarga eslatma yuborish boshlandi...
Eslatma yuborish uchun buyurtma topilmadi.
17.03.2026 20:00:02 — To'lanmagan buyurtmalarga eslatma yuborish boshlandi...

   Illuminate\Database\QueryException 

  SQLSTATE[HY000] [2002] Connection refused (Connection: mysql, SQL: select * from `solds` where `paymentStatus` = 1 and `status` = A and `created_at` >= 2026-03-17 19:00:02)

  at vendor/laravel/framework/src/Illuminate/Database/Connection.php:825
    821▕                     $this->getName(), $query, $this->prepareBindings($bindings), $e
    822▕                 );
    823▕             }
    824▕ 
  ➜ 825▕             throw new QueryException(
    826▕                 $this->getName(), $query, $this->prepareBindings($bindings), $e
    827▕             );
    828▕         }
    829▕     }

      [2m+22 vendor frames [22m

  23  app/Console/Commands/RemindUnpaidOrders.php:129
      Illuminate\Database\Eloquent\Builder::get()
      [2m+13 vendor frames [22m

  37  artisan:13
      Illuminate\Foundation\Application::handleCommand()

17.03.2026 20:10:02 — To'lanmagan buyurtmalarga eslatma yuborish boshlandi...
Eslatma yuborish uchun buyurtma topilmadi.
17.03.2026 20:20:02 — To'lanmagan buyurtmalarga eslatma yuborish boshlandi...
Eslatma yuborish uchun buyurtma topilmadi.
17.03.2026 20:30:02 — To'lanmagan buyurtmalarga eslatma yuborish boshlandi...

   Illuminate\Database\QueryException 

  SQLSTATE[HY000] [2002] Connection refused (Connection: mysql, SQL: select * from `solds` where `paymentStatus` = 1 and `status` = A and `created_at` >= 2026-03-17 19:30:02)

  at vendor/laravel/framework/src/Illuminate/Database/Connection.php:825
    821▕                     $this->getName(), $query, $this->prepareBindings($bindings), $e
    822▕                 );
    823▕             }
    824▕ 
  ➜ 825▕             throw new QueryException(
    826▕                 $this->getName(), $query, $this->prepareBindings($bindings), $e
    827▕             );
    828▕         }
    829▕     }

      [2m+22 vendor frames [22m

  23  app/Console/Commands/RemindUnpaidOrders.php:129
      Illuminate\Database\Eloquent\Builder::get()
      [2m+13 vendor frames [22m

  37  artisan:13
      Illuminate\Foundation\Application::handleCommand()

17.03.2026 20:40:02 — To'lanmagan buyurtmalarga eslatma yuborish boshlandi...
Eslatma yuborish uchun buyurtma topilmadi.
17.03.2026 20:50:02 — To'lanmagan buyurtmalarga eslatma yuborish boshlandi...
Eslatma yuborish uchun buyurtma topilmadi.
17.03.2026 21:00:02 — To'lanmagan buyurtmalarga eslatma yuborish boshlandi...

   Illuminate\Database\QueryException 

  SQLSTATE[HY000] [2002] Connection refused (Connection: mysql, SQL: select * from `solds` where `paymentStatus` = 1 and `status` = A and `created_at` >= 2026-03-17 20:00:02)

  at vendor/laravel/framework/src/Illuminate/Database/Connection.php:825
    821▕                     $this->getName(), $query, $this->prepareBindings($bindings), $e
    822▕                 );
    823▕             }
    824▕ 
  ➜ 825▕             throw new QueryException(
    826▕                 $this->getName(), $query, $this->prepareBindings($bindings), $e
    827▕             );
    828▕         }
    829▕     }

      [2m+22 vendor frames [22m

  23  app/Console/Commands/RemindUnpaidOrders.php:129
      Illuminate\Database\Eloquent\Builder::get()
      [2m+13 vendor frames [22m

  37  artisan:13
      Illuminate\Foundation\Application::handleCommand()

17.03.2026 21:10:01 — To'lanmagan buyurtmalarga eslatma yuborish boshlandi...
Eslatma yuborish uchun buyurtma topilmadi.
17.03.2026 21:20:02 — To'lanmagan buyurtmalarga eslatma yuborish boshlandi...
Eslatma yuborish uchun buyurtma topilmadi.
17.03.2026 21:30:02 — To'lanmagan buyurtmalarga eslatma yuborish boshlandi...

   Illuminate\Database\QueryException 

  SQLSTATE[HY000] [2002] Connection refused (Connection: mysql, SQL: select * from `solds` where `paymentStatus` = 1 and `status` = A and `created_at` >= 2026-03-17 20:30:02)

  at vendor/laravel/framework/src/Illuminate/Database/Connection.php:825
    821▕                     $this->getName(), $query, $this->prepareBindings($bindings), $e
    822▕                 );
    823▕             }
    824▕ 
  ➜ 825▕             throw new QueryException(
    826▕                 $this->getName(), $query, $this->prepareBindings($bindings), $e
    827▕             );
    828▕         }
    829▕     }

      [2m+22 vendor frames [22m

  23  app/Console/Commands/RemindUnpaidOrders.php:129
      Illuminate\Database\Eloquent\Builder::get()
      [2m+13 vendor frames [22m

  37  artisan:13
      Illuminate\Foundation\Application::handleCommand()

17.03.2026 21:40:02 — To'lanmagan buyurtmalarga eslatma yuborish boshlandi...
Eslatma yuborish uchun buyurtma topilmadi.
17.03.2026 21:50:01 — To'lanmagan buyurtmalarga eslatma yuborish boshlandi...
Eslatma yuborish uchun buyurtma topilmadi.
17.03.2026 22:00:02 — To'lanmagan buyurtmalarga eslatma yuborish boshlandi...

   Illuminate\Database\QueryException 

  SQLSTATE[HY000] [2002] Connection refused (Connection: mysql, SQL: select * from `solds` where `paymentStatus` = 1 and `status` = A and `created_at` >= 2026-03-17 21:00:02)

  at vendor/laravel/framework/src/Illuminate/Database/Connection.php:825
    821▕                     $this->getName(), $query, $this->prepareBindings($bindings), $e
    822▕                 );
    823▕             }
    824▕ 
  ➜ 825▕             throw new QueryException(
    826▕                 $this->getName(), $query, $this->prepareBindings($bindings), $e
    827▕             );
    828▕         }
    829▕     }

      [2m+22 vendor frames [22m

  23  app/Console/Commands/RemindUnpaidOrders.php:129
      Illuminate\Database\Eloquent\Builder::get()
      [2m+13 vendor frames [22m

  37  artisan:13
      Illuminate\Foundation\Application::handleCommand()

17.03.2026 22:10:02 — To'lanmagan buyurtmalarga eslatma yuborish boshlandi...
Eslatma yuborish uchun buyurtma topilmadi.
17.03.2026 22:20:02 — To'lanmagan buyurtmalarga eslatma yuborish boshlandi...
Eslatma yuborish uchun buyurtma topilmadi.
17.03.2026 22:30:02 — To'lanmagan buyurtmalarga eslatma yuborish boshlandi...

   Illuminate\Database\QueryException 

  SQLSTATE[HY000] [2002] Connection refused (Connection: mysql, SQL: select * from `solds` where `paymentStatus` = 1 and `status` = A and `created_at` >= 2026-03-17 21:30:02)

  at vendor/laravel/framework/src/Illuminate/Database/Connection.php:825
    821▕                     $this->getName(), $query, $this->prepareBindings($bindings), $e
    822▕                 );
    823▕             }
    824▕ 
  ➜ 825▕             throw new QueryException(
    826▕                 $this->getName(), $query, $this->prepareBindings($bindings), $e
    827▕             );
    828▕         }
    829▕     }

      [2m+22 vendor frames [22m

  23  app/Console/Commands/RemindUnpaidOrders.php:129
      Illuminate\Database\Eloquent\Builder::get()
      [2m+13 vendor frames [22m

  37  artisan:13
      Illuminate\Foundation\Application::handleCommand()

17.03.2026 22:40:02 — To'lanmagan buyurtmalarga eslatma yuborish boshlandi...
Eslatma yuborish uchun buyurtma topilmadi.
17.03.2026 22:50:02 — To'lanmagan buyurtmalarga eslatma yuborish boshlandi...
Eslatma yuborish uchun buyurtma topilmadi.
17.03.2026 23:00:02 — To'lanmagan buyurtmalarga eslatma yuborish boshlandi...

   Illuminate\Database\QueryException 

  SQLSTATE[HY000] [2002] Connection refused (Connection: mysql, SQL: select * from `solds` where `paymentStatus` = 1 and `status` = A and `created_at` >= 2026-03-17 22:00:02)

  at vendor/laravel/framework/src/Illuminate/Database/Connection.php:825
    821▕                     $this->getName(), $query, $this->prepareBindings($bindings), $e
    822▕                 );
    823▕             }
    824▕ 
  ➜ 825▕             throw new QueryException(
    826▕                 $this->getName(), $query, $this->prepareBindings($bindings), $e
    827▕             );
    828▕         }
    829▕     }

      [2m+22 vendor frames [22m

  23  app/Console/Commands/RemindUnpaidOrders.php:129
      Illuminate\Database\Eloquent\Builder::get()
      [2m+13 vendor frames [22m

  37  artisan:13
      Illuminate\Foundation\Application::handleCommand()

17.03.2026 23:10:02 — To'lanmagan buyurtmalarga eslatma yuborish boshlandi...
Eslatma yuborish uchun buyurtma topilmadi.
17.03.2026 23:20:02 — To'lanmagan buyurtmalarga eslatma yuborish boshlandi...
Eslatma yuborish uchun buyurtma topilmadi.
17.03.2026 23:30:03 — To'lanmagan buyurtmalarga eslatma yuborish boshlandi...

   Illuminate\Database\QueryException 

  SQLSTATE[HY000] [2002] Connection refused (Connection: mysql, SQL: select * from `solds` where `paymentStatus` = 1 and `status` = A and `created_at` >= 2026-03-17 22:30:03)

  at vendor/laravel/framework/src/Illuminate/Database/Connection.php:825
    821▕                     $this->getName(), $query, $this->prepareBindings($bindings), $e
    822▕                 );
    823▕             }
    824▕ 
  ➜ 825▕             throw new QueryException(
    826▕                 $this->getName(), $query, $this->prepareBindings($bindings), $e
    827▕             );
    828▕         }
    829▕     }

      [2m+22 vendor frames [22m

  23  app/Console/Commands/RemindUnpaidOrders.php:129
      Illuminate\Database\Eloquent\Builder::get()
      [2m+13 vendor frames [22m

  37  artisan:13
      Illuminate\Foundation\Application::handleCommand()

17.03.2026 23:40:02 — To'lanmagan buyurtmalarga eslatma yuborish boshlandi...
Eslatma yuborish uchun buyurtma topilmadi.
17.03.2026 23:50:02 — To'lanmagan buyurtmalarga eslatma yuborish boshlandi...
Eslatma yuborish uchun buyurtma topilmadi.
18.03.2026 00:00:03 — To'lanmagan buyurtmalarga eslatma yuborish boshlandi...

   Illuminate\Database\QueryException 

  SQLSTATE[HY000] [2002] Connection refused (Connection: mysql, SQL: select * from `solds` where `paymentStatus` = 1 and `status` = A and `created_at` >= 2026-03-17 23:00:03)

  at vendor/laravel/framework/src/Illuminate/Database/Connection.php:825
    821▕                     $this->getName(), $query, $this->prepareBindings($bindings), $e
    822▕                 );
    823▕             }
    824▕ 
  ➜ 825▕             throw new QueryException(
    826▕                 $this->getName(), $query, $this->prepareBindings($bindings), $e
    827▕             );
    828▕         }
    829▕     }

      [2m+22 vendor frames [22m

  23  app/Console/Commands/RemindUnpaidOrders.php:129
      Illuminate\Database\Eloquent\Builder::get()
      [2m+13 vendor frames [22m

  37  artisan:13
      Illuminate\Foundation\Application::handleCommand()

18.03.2026 00:10:02 — To'lanmagan buyurtmalarga eslatma yuborish boshlandi...
Eslatma yuborish uchun buyurtma topilmadi.
18.03.2026 00:20:02 — To'lanmagan buyurtmalarga eslatma yuborish boshlandi...
Eslatma yuborish uchun buyurtma topilmadi.
18.03.2026 00:30:02 — To'lanmagan buyurtmalarga eslatma yuborish boshlandi...

   Illuminate\Database\QueryException 

  SQLSTATE[HY000] [2002] Connection refused (Connection: mysql, SQL: select * from `solds` where `paymentStatus` = 1 and `status` = A and `created_at` >= 2026-03-17 23:30:02)

  at vendor/laravel/framework/src/Illuminate/Database/Connection.php:825
    821▕                     $this->getName(), $query, $this->prepareBindings($bindings), $e
    822▕                 );
    823▕             }
    824▕ 
  ➜ 825▕             throw new QueryException(
    826▕                 $this->getName(), $query, $this->prepareBindings($bindings), $e
    827▕             );
    828▕         }
    829▕     }

      [2m+22 vendor frames [22m

  23  app/Console/Commands/RemindUnpaidOrders.php:129
      Illuminate\Database\Eloquent\Builder::get()
      [2m+13 vendor frames [22m

  37  artisan:13
      Illuminate\Foundation\Application::handleCommand()

18.03.2026 00:40:02 — To'lanmagan buyurtmalarga eslatma yuborish boshlandi...
Eslatma yuborish uchun buyurtma topilmadi.
18.03.2026 00:50:02 — To'lanmagan buyurtmalarga eslatma yuborish boshlandi...
Eslatma yuborish uchun buyurtma topilmadi.
18.03.2026 01:00:02 — To'lanmagan buyurtmalarga eslatma yuborish boshlandi...

   Illuminate\Database\QueryException 

  SQLSTATE[HY000] [2002] Connection refused (Connection: mysql, SQL: select * from `solds` where `paymentStatus` = 1 and `status` = A and `created_at` >= 2026-03-18 00:00:02)

  at vendor/laravel/framework/src/Illuminate/Database/Connection.php:825
    821▕                     $this->getName(), $query, $this->prepareBindings($bindings), $e
    822▕                 );
    823▕             }
    824▕ 
  ➜ 825▕             throw new QueryException(
    826▕                 $this->getName(), $query, $this->prepareBindings($bindings), $e
    827▕             );
    828▕         }
    829▕     }

      [2m+22 vendor frames [22m

  23  app/Console/Commands/RemindUnpaidOrders.php:129
      Illuminate\Database\Eloquent\Builder::get()
      [2m+13 vendor frames [22m

  37  artisan:13
      Illuminate\Foundation\Application::handleCommand()

18.03.2026 01:10:02 — To'lanmagan buyurtmalarga eslatma yuborish boshlandi...
Eslatma yuborish uchun buyurtma topilmadi.
18.03.2026 01:20:02 — To'lanmagan buyurtmalarga eslatma yuborish boshlandi...
Eslatma yuborish uchun buyurtma topilmadi.
18.03.2026 01:30:02 — To'lanmagan buyurtmalarga eslatma yuborish boshlandi...

   Illuminate\Database\QueryException 

  SQLSTATE[HY000] [2002] Connection refused (Connection: mysql, SQL: select * from `solds` where `paymentStatus` = 1 and `status` = A and `created_at` >= 2026-03-18 00:30:02)

  at vendor/laravel/framework/src/Illuminate/Database/Connection.php:825
    821▕                     $this->getName(), $query, $this->prepareBindings($bindings), $e
    822▕                 );
    823▕             }
    824▕ 
  ➜ 825▕             throw new QueryException(
    826▕                 $this->getName(), $query, $this->prepareBindings($bindings), $e
    827▕             );
    828▕         }
    829▕     }

      [2m+22 vendor frames [22m

  23  app/Console/Commands/RemindUnpaidOrders.php:129
      Illuminate\Database\Eloquent\Builder::get()
      [2m+13 vendor frames [22m

  37  artisan:13
      Illuminate\Foundation\Application::handleCommand()

18.03.2026 01:40:02 — To'lanmagan buyurtmalarga eslatma yuborish boshlandi...
Eslatma yuborish uchun buyurtma topilmadi.
18.03.2026 01:50:02 — To'lanmagan buyurtmalarga eslatma yuborish boshlandi...
Eslatma yuborish uchun buyurtma topilmadi.
18.03.2026 02:00:02 — To'lanmagan buyurtmalarga eslatma yuborish boshlandi...

   Illuminate\Database\QueryException 

  SQLSTATE[HY000] [2002] Connection refused (Connection: mysql, SQL: select * from `solds` where `paymentStatus` = 1 and `status` = A and `created_at` >= 2026-03-18 01:00:02)

  at vendor/laravel/framework/src/Illuminate/Database/Connection.php:825
    821▕                     $this->getName(), $query, $this->prepareBindings($bindings), $e
    822▕                 );
    823▕             }
    824▕ 
  ➜ 825▕             throw new QueryException(
    826▕                 $this->getName(), $query, $this->prepareBindings($bindings), $e
    827▕             );
    828▕         }
    829▕     }

      [2m+22 vendor frames [22m

  23  app/Console/Commands/RemindUnpaidOrders.php:129
      Illuminate\Database\Eloquent\Builder::get()
      [2m+13 vendor frames [22m

  37  artisan:13
      Illuminate\Foundation\Application::handleCommand()

18.03.2026 02:10:02 — To'lanmagan buyurtmalarga eslatma yuborish boshlandi...
Eslatma yuborish uchun buyurtma topilmadi.
18.03.2026 02:20:02 — To'lanmagan buyurtmalarga eslatma yuborish boshlandi...
Eslatma yuborish uchun buyurtma topilmadi.
18.03.2026 02:30:02 — To'lanmagan buyurtmalarga eslatma yuborish boshlandi...

   Illuminate\Database\QueryException 

  SQLSTATE[HY000] [2002] Connection refused (Connection: mysql, SQL: select * from `solds` where `paymentStatus` = 1 and `status` = A and `created_at` >= 2026-03-18 01:30:02)

  at vendor/laravel/framework/src/Illuminate/Database/Connection.php:825
    821▕                     $this->getName(), $query, $this->prepareBindings($bindings), $e
    822▕                 );
    823▕             }
    824▕ 
  ➜ 825▕             throw new QueryException(
    826▕                 $this->getName(), $query, $this->prepareBindings($bindings), $e
    827▕             );
    828▕         }
    829▕     }

      [2m+22 vendor frames [22m

  23  app/Console/Commands/RemindUnpaidOrders.php:129
      Illuminate\Database\Eloquent\Builder::get()
      [2m+13 vendor frames [22m

  37  artisan:13
      Illuminate\Foundation\Application::handleCommand()

18.03.2026 02:40:02 — To'lanmagan buyurtmalarga eslatma yuborish boshlandi...
Eslatma yuborish uchun buyurtma topilmadi.
18.03.2026 02:50:02 — To'lanmagan buyurtmalarga eslatma yuborish boshlandi...
Eslatma yuborish uchun buyurtma topilmadi.
18.03.2026 03:00:03 — To'lanmagan buyurtmalarga eslatma yuborish boshlandi...

   Illuminate\Database\QueryException 

  SQLSTATE[HY000] [2002] Connection refused (Connection: mysql, SQL: select * from `solds` where `paymentStatus` = 1 and `status` = A and `created_at` >= 2026-03-18 02:00:03)

  at vendor/laravel/framework/src/Illuminate/Database/Connection.php:825
    821▕                     $this->getName(), $query, $this->prepareBindings($bindings), $e
    822▕                 );
    823▕             }
    824▕ 
  ➜ 825▕             throw new QueryException(
    826▕                 $this->getName(), $query, $this->prepareBindings($bindings), $e
    827▕             );
    828▕         }
    829▕     }

      [2m+22 vendor frames [22m

  23  app/Console/Commands/RemindUnpaidOrders.php:129
      Illuminate\Database\Eloquent\Builder::get()
      [2m+13 vendor frames [22m

  37  artisan:13
      Illuminate\Foundation\Application::handleCommand()

18.03.2026 03:10:02 — To'lanmagan buyurtmalarga eslatma yuborish boshlandi...
Eslatma yuborish uchun buyurtma topilmadi.
18.03.2026 03:20:02 — To'lanmagan buyurtmalarga eslatma yuborish boshlandi...
Eslatma yuborish uchun buyurtma topilmadi.
18.03.2026 03:30:02 — To'lanmagan buyurtmalarga eslatma yuborish boshlandi...

   Illuminate\Database\QueryException 

  SQLSTATE[HY000] [2002] Connection refused (Connection: mysql, SQL: select * from `solds` where `paymentStatus` = 1 and `status` = A and `created_at` >= 2026-03-18 02:30:02)

  at vendor/laravel/framework/src/Illuminate/Database/Connection.php:825
    821▕                     $this->getName(), $query, $this->prepareBindings($bindings), $e
    822▕                 );
    823▕             }
    824▕ 
  ➜ 825▕             throw new QueryException(
    826▕                 $this->getName(), $query, $this->prepareBindings($bindings), $e
    827▕             );
    828▕         }
    829▕     }

      [2m+22 vendor frames [22m

  23  app/Console/Commands/RemindUnpaidOrders.php:129
      Illuminate\Database\Eloquent\Builder::get()
      [2m+13 vendor frames [22m

  37  artisan:13
      Illuminate\Foundation\Application::handleCommand()

18.03.2026 03:40:02 — To'lanmagan buyurtmalarga eslatma yuborish boshlandi...
Eslatma yuborish uchun buyurtma topilmadi.
18.03.2026 03:50:02 — To'lanmagan buyurtmalarga eslatma yuborish boshlandi...
Eslatma yuborish uchun buyurtma topilmadi.
18.03.2026 04:00:02 — To'lanmagan buyurtmalarga eslatma yuborish boshlandi...

   Illuminate\Database\QueryException 

  SQLSTATE[HY000] [2002] Connection refused (Connection: mysql, SQL: select * from `solds` where `paymentStatus` = 1 and `status` = A and `created_at` >= 2026-03-18 03:00:02)

  at vendor/laravel/framework/src/Illuminate/Database/Connection.php:825
    821▕                     $this->getName(), $query, $this->prepareBindings($bindings), $e
    822▕                 );
    823▕             }
    824▕ 
  ➜ 825▕             throw new QueryException(
    826▕                 $this->getName(), $query, $this->prepareBindings($bindings), $e
    827▕             );
    828▕         }
    829▕     }

      [2m+22 vendor frames [22m

  23  app/Console/Commands/RemindUnpaidOrders.php:129
      Illuminate\Database\Eloquent\Builder::get()
      [2m+13 vendor frames [22m

  37  artisan:13
      Illuminate\Foundation\Application::handleCommand()

18.03.2026 04:10:02 — To'lanmagan buyurtmalarga eslatma yuborish boshlandi...
Eslatma yuborish uchun buyurtma topilmadi.
18.03.2026 04:20:02 — To'lanmagan buyurtmalarga eslatma yuborish boshlandi...
Eslatma yuborish uchun buyurtma topilmadi.
18.03.2026 04:30:02 — To'lanmagan buyurtmalarga eslatma yuborish boshlandi...

   Illuminate\Database\QueryException 

  SQLSTATE[HY000] [2002] Connection refused (Connection: mysql, SQL: select * from `solds` where `paymentStatus` = 1 and `status` = A and `created_at` >= 2026-03-18 03:30:02)

  at vendor/laravel/framework/src/Illuminate/Database/Connection.php:825
    821▕                     $this->getName(), $query, $this->prepareBindings($bindings), $e
    822▕                 );
    823▕             }
    824▕ 
  ➜ 825▕             throw new QueryException(
    826▕                 $this->getName(), $query, $this->prepareBindings($bindings), $e
    827▕             );
    828▕         }
    829▕     }

      [2m+22 vendor frames [22m

  23  app/Console/Commands/RemindUnpaidOrders.php:129
      Illuminate\Database\Eloquent\Builder::get()
      [2m+13 vendor frames [22m

  37  artisan:13
      Illuminate\Foundation\Application::handleCommand()

18.03.2026 04:40:02 — To'lanmagan buyurtmalarga eslatma yuborish boshlandi...
Eslatma yuborish uchun buyurtma topilmadi.
18.03.2026 04:50:02 — To'lanmagan buyurtmalarga eslatma yuborish boshlandi...
Eslatma yuborish uchun buyurtma topilmadi.
18.03.2026 05:00:02 — To'lanmagan buyurtmalarga eslatma yuborish boshlandi...

   Illuminate\Database\QueryException 

  SQLSTATE[HY000] [2002] Connection refused (Connection: mysql, SQL: select * from `solds` where `paymentStatus` = 1 and `status` = A and `created_at` >= 2026-03-18 04:00:02)

  at vendor/laravel/framework/src/Illuminate/Database/Connection.php:825
    821▕                     $this->getName(), $query, $this->prepareBindings($bindings), $e
    822▕                 );
    823▕             }
    824▕ 
  ➜ 825▕             throw new QueryException(
    826▕                 $this->getName(), $query, $this->prepareBindings($bindings), $e
    827▕             );
    828▕         }
    829▕     }

      [2m+22 vendor frames [22m

  23  app/Console/Commands/RemindUnpaidOrders.php:129
      Illuminate\Database\Eloquent\Builder::get()
      [2m+13 vendor frames [22m

  37  artisan:13
      Illuminate\Foundation\Application::handleCommand()

18.03.2026 05:10:02 — To'lanmagan buyurtmalarga eslatma yuborish boshlandi...
Eslatma yuborish uchun buyurtma topilmadi.
18.03.2026 05:20:02 — To'lanmagan buyurtmalarga eslatma yuborish boshlandi...
Eslatma yuborish uchun buyurtma topilmadi.
18.03.2026 05:30:02 — To'lanmagan buyurtmalarga eslatma yuborish boshlandi...

   Illuminate\Database\QueryException 

  SQLSTATE[HY000] [2002] Connection refused (Connection: mysql, SQL: select * from `solds` where `paymentStatus` = 1 and `status` = A and `created_at` >= 2026-03-18 04:30:02)

  at vendor/laravel/framework/src/Illuminate/Database/Connection.php:825
    821▕                     $this->getName(), $query, $this->prepareBindings($bindings), $e
    822▕                 );
    823▕             }
    824▕ 
  ➜ 825▕             throw new QueryException(
    826▕                 $this->getName(), $query, $this->prepareBindings($bindings), $e
    827▕             );
    828▕         }
    829▕     }

      [2m+22 vendor frames [22m

  23  app/Console/Commands/RemindUnpaidOrders.php:129
      Illuminate\Database\Eloquent\Builder::get()
      [2m+13 vendor frames [22m

  37  artisan:13
      Illuminate\Foundation\Application::handleCommand()

18.03.2026 05:40:02 — To'lanmagan buyurtmalarga eslatma yuborish boshlandi...
Eslatma yuborish uchun buyurtma topilmadi.
18.03.2026 05:50:02 — To'lanmagan buyurtmalarga eslatma yuborish boshlandi...
Eslatma yuborish uchun buyurtma topilmadi.
18.03.2026 06:00:02 — To'lanmagan buyurtmalarga eslatma yuborish boshlandi...

   Illuminate\Database\QueryException 

  SQLSTATE[HY000] [2002] Connection refused (Connection: mysql, SQL: select * from `solds` where `paymentStatus` = 1 and `status` = A and `created_at` >= 2026-03-18 05:00:02)

  at vendor/laravel/framework/src/Illuminate/Database/Connection.php:825
    821▕                     $this->getName(), $query, $this->prepareBindings($bindings), $e
    822▕                 );
    823▕             }
    824▕ 
  ➜ 825▕             throw new QueryException(
    826▕                 $this->getName(), $query, $this->prepareBindings($bindings), $e
    827▕             );
    828▕         }
    829▕     }

      [2m+22 vendor frames [22m

  23  app/Console/Commands/RemindUnpaidOrders.php:129
      Illuminate\Database\Eloquent\Builder::get()
      [2m+13 vendor frames [22m

  37  artisan:13
      Illuminate\Foundation\Application::handleCommand()

18.03.2026 06:10:02 — To'lanmagan buyurtmalarga eslatma yuborish boshlandi...
Eslatma yuborish uchun buyurtma topilmadi.
18.03.2026 06:20:02 — To'lanmagan buyurtmalarga eslatma yuborish boshlandi...
Eslatma yuborish uchun buyurtma topilmadi.
18.03.2026 06:30:02 — To'lanmagan buyurtmalarga eslatma yuborish boshlandi...

   Illuminate\Database\QueryException 

  SQLSTATE[HY000] [2002] Connection refused (Connection: mysql, SQL: select * from `solds` where `paymentStatus` = 1 and `status` = A and `created_at` >= 2026-03-18 05:30:02)

  at vendor/laravel/framework/src/Illuminate/Database/Connection.php:825
    821▕                     $this->getName(), $query, $this->prepareBindings($bindings), $e
    822▕                 );
    823▕             }
    824▕ 
  ➜ 825▕             throw new QueryException(
    826▕                 $this->getName(), $query, $this->prepareBindings($bindings), $e
    827▕             );
    828▕         }
    829▕     }

      [2m+22 vendor frames [22m

  23  app/Console/Commands/RemindUnpaidOrders.php:129
      Illuminate\Database\Eloquent\Builder::get()
      [2m+13 vendor frames [22m

  37  artisan:13
      Illuminate\Foundation\Application::handleCommand()

18.03.2026 06:40:02 — To'lanmagan buyurtmalarga eslatma yuborish boshlandi...
Eslatma yuborish uchun buyurtma topilmadi.
18.03.2026 06:50:02 — To'lanmagan buyurtmalarga eslatma yuborish boshlandi...
Eslatma yuborish uchun buyurtma topilmadi.
18.03.2026 07:00:02 — To'lanmagan buyurtmalarga eslatma yuborish boshlandi...

   Illuminate\Database\QueryException 

  SQLSTATE[HY000] [2002] Connection refused (Connection: mysql, SQL: select * from `solds` where `paymentStatus` = 1 and `status` = A and `created_at` >= 2026-03-18 06:00:02)

  at vendor/laravel/framework/src/Illuminate/Database/Connection.php:825
    821▕                     $this->getName(), $query, $this->prepareBindings($bindings), $e
    822▕                 );
    823▕             }
    824▕ 
  ➜ 825▕             throw new QueryException(
    826▕                 $this->getName(), $query, $this->prepareBindings($bindings), $e
    827▕             );
    828▕         }
    829▕     }

      [2m+22 vendor frames [22m

  23  app/Console/Commands/RemindUnpaidOrders.php:129
      Illuminate\Database\Eloquent\Builder::get()
      [2m+13 vendor frames [22m

  37  artisan:13
      Illuminate\Foundation\Application::handleCommand()

18.03.2026 07:10:02 — To'lanmagan buyurtmalarga eslatma yuborish boshlandi...
Eslatma yuborish uchun buyurtma topilmadi.
18.03.2026 07:20:02 — To'lanmagan buyurtmalarga eslatma yuborish boshlandi...
Eslatma yuborish uchun buyurtma topilmadi.
18.03.2026 07:30:02 — To'lanmagan buyurtmalarga eslatma yuborish boshlandi...

   Illuminate\Database\QueryException 

  SQLSTATE[HY000] [2002] Connection refused (Connection: mysql, SQL: select * from `solds` where `paymentStatus` = 1 and `status` = A and `created_at` >= 2026-03-18 06:30:02)

  at vendor/laravel/framework/src/Illuminate/Database/Connection.php:825
    821▕                     $this->getName(), $query, $this->prepareBindings($bindings), $e
    822▕                 );
    823▕             }
    824▕ 
  ➜ 825▕             throw new QueryException(
    826▕                 $this->getName(), $query, $this->prepareBindings($bindings), $e
    827▕             );
    828▕         }
    829▕     }

      [2m+22 vendor frames [22m

  23  app/Console/Commands/RemindUnpaidOrders.php:129
      Illuminate\Database\Eloquent\Builder::get()
      [2m+13 vendor frames [22m

  37  artisan:13
      Illuminate\Foundation\Application::handleCommand()

18.03.2026 07:40:02 — To'lanmagan buyurtmalarga eslatma yuborish boshlandi...
Eslatma yuborish uchun buyurtma topilmadi.
18.03.2026 07:50:02 — To'lanmagan buyurtmalarga eslatma yuborish boshlandi...
Eslatma yuborish uchun buyurtma topilmadi.
18.03.2026 08:00:02 — To'lanmagan buyurtmalarga eslatma yuborish boshlandi...

   Illuminate\Database\QueryException 

  SQLSTATE[HY000] [2002] Connection refused (Connection: mysql, SQL: select * from `solds` where `paymentStatus` = 1 and `status` = A and `created_at` >= 2026-03-18 07:00:03)

  at vendor/laravel/framework/src/Illuminate/Database/Connection.php:825
    821▕                     $this->getName(), $query, $this->prepareBindings($bindings), $e
    822▕                 );
    823▕             }
    824▕ 
  ➜ 825▕             throw new QueryException(
    826▕                 $this->getName(), $query, $this->prepareBindings($bindings), $e
    827▕             );
    828▕         }
    829▕     }

      [2m+22 vendor frames [22m

  23  app/Console/Commands/RemindUnpaidOrders.php:129
      Illuminate\Database\Eloquent\Builder::get()
      [2m+13 vendor frames [22m

  37  artisan:13
      Illuminate\Foundation\Application::handleCommand()

18.03.2026 08:10:02 — To'lanmagan buyurtmalarga eslatma yuborish boshlandi...
Eslatma yuborish uchun buyurtma topilmadi.
18.03.2026 08:20:02 — To'lanmagan buyurtmalarga eslatma yuborish boshlandi...
Eslatma yuborish uchun buyurtma topilmadi.
18.03.2026 08:30:02 — To'lanmagan buyurtmalarga eslatma yuborish boshlandi...

   Illuminate\Database\QueryException 

  SQLSTATE[HY000] [2002] Connection refused (Connection: mysql, SQL: select * from `solds` where `paymentStatus` = 1 and `status` = A and `created_at` >= 2026-03-18 07:30:02)

  at vendor/laravel/framework/src/Illuminate/Database/Connection.php:825
    821▕                     $this->getName(), $query, $this->prepareBindings($bindings), $e
    822▕                 );
    823▕             }
    824▕ 
  ➜ 825▕             throw new QueryException(
    826▕                 $this->getName(), $query, $this->prepareBindings($bindings), $e
    827▕             );
    828▕         }
    829▕     }

      [2m+22 vendor frames [22m

  23  app/Console/Commands/RemindUnpaidOrders.php:129
      Illuminate\Database\Eloquent\Builder::get()
      [2m+13 vendor frames [22m

  37  artisan:13
      Illuminate\Foundation\Application::handleCommand()

18.03.2026 08:40:02 — To'lanmagan buyurtmalarga eslatma yuborish boshlandi...
Eslatma yuborish uchun buyurtma topilmadi.
18.03.2026 08:50:02 — To'lanmagan buyurtmalarga eslatma yuborish boshlandi...
Eslatma yuborish uchun buyurtma topilmadi.
18.03.2026 09:00:02 — To'lanmagan buyurtmalarga eslatma yuborish boshlandi...

   Illuminate\Database\QueryException 

  SQLSTATE[HY000] [2002] Connection refused (Connection: mysql, SQL: select * from `solds` where `paymentStatus` = 1 and `status` = A and `created_at` >= 2026-03-18 08:00:02)

  at vendor/laravel/framework/src/Illuminate/Database/Connection.php:825
    821▕                     $this->getName(), $query, $this->prepareBindings($bindings), $e
    822▕                 );
    823▕             }
    824▕ 
  ➜ 825▕             throw new QueryException(
    826▕                 $this->getName(), $query, $this->prepareBindings($bindings), $e
    827▕             );
    828▕         }
    829▕     }

      [2m+22 vendor frames [22m

  23  app/Console/Commands/RemindUnpaidOrders.php:129
      Illuminate\Database\Eloquent\Builder::get()
      [2m+13 vendor frames [22m

  37  artisan:13
      Illuminate\Foundation\Application::handleCommand()

18.03.2026 09:10:03 — To'lanmagan buyurtmalarga eslatma yuborish boshlandi...
Eslatma yuborish uchun buyurtma topilmadi.
18.03.2026 09:20:02 — To'lanmagan buyurtmalarga eslatma yuborish boshlandi...
Eslatma yuborish uchun buyurtma topilmadi.
18.03.2026 09:30:02 — To'lanmagan buyurtmalarga eslatma yuborish boshlandi...

   Illuminate\Database\QueryException 

  SQLSTATE[HY000] [2002] Connection refused (Connection: mysql, SQL: select * from `solds` where `paymentStatus` = 1 and `status` = A and `created_at` >= 2026-03-18 08:30:02)

  at vendor/laravel/framework/src/Illuminate/Database/Connection.php:825
    821▕                     $this->getName(), $query, $this->prepareBindings($bindings), $e
    822▕                 );
    823▕             }
    824▕ 
  ➜ 825▕             throw new QueryException(
    826▕                 $this->getName(), $query, $this->prepareBindings($bindings), $e
    827▕             );
    828▕         }
    829▕     }

      [2m+22 vendor frames [22m

  23  app/Console/Commands/RemindUnpaidOrders.php:129
      Illuminate\Database\Eloquent\Builder::get()
      [2m+13 vendor frames [22m

  37  artisan:13
      Illuminate\Foundation\Application::handleCommand()

18.03.2026 09:40:02 — To'lanmagan buyurtmalarga eslatma yuborish boshlandi...
Eslatma yuborish uchun buyurtma topilmadi.
18.03.2026 09:50:02 — To'lanmagan buyurtmalarga eslatma yuborish boshlandi...
Eslatma yuborish uchun buyurtma topilmadi.
18.03.2026 10:00:02 — To'lanmagan buyurtmalarga eslatma yuborish boshlandi...

   Illuminate\Database\QueryException 

  SQLSTATE[HY000] [2002] Connection refused (Connection: mysql, SQL: select * from `solds` where `paymentStatus` = 1 and `status` = A and `created_at` >= 2026-03-18 09:00:02)

  at vendor/laravel/framework/src/Illuminate/Database/Connection.php:825
    821▕                     $this->getName(), $query, $this->prepareBindings($bindings), $e
    822▕                 );
    823▕             }
    824▕ 
  ➜ 825▕             throw new QueryException(
    826▕                 $this->getName(), $query, $this->prepareBindings($bindings), $e
    827▕             );
    828▕         }
    829▕     }

      [2m+22 vendor frames [22m

  23  app/Console/Commands/RemindUnpaidOrders.php:129
      Illuminate\Database\Eloquent\Builder::get()
      [2m+13 vendor frames [22m

  37  artisan:13
      Illuminate\Foundation\Application::handleCommand()

18.03.2026 10:10:02 — To'lanmagan buyurtmalarga eslatma yuborish boshlandi...
Eslatma yuborish uchun buyurtma topilmadi.
18.03.2026 10:20:02 — To'lanmagan buyurtmalarga eslatma yuborish boshlandi...
Eslatma yuborish uchun buyurtma topilmadi.
18.03.2026 10:30:02 — To'lanmagan buyurtmalarga eslatma yuborish boshlandi...

   Illuminate\Database\QueryException 

  SQLSTATE[HY000] [2002] Connection refused (Connection: mysql, SQL: select * from `solds` where `paymentStatus` = 1 and `status` = A and `created_at` >= 2026-03-18 09:30:02)

  at vendor/laravel/framework/src/Illuminate/Database/Connection.php:825
    821▕                     $this->getName(), $query, $this->prepareBindings($bindings), $e
    822▕                 );
    823▕             }
    824▕ 
  ➜ 825▕             throw new QueryException(
    826▕                 $this->getName(), $query, $this->prepareBindings($bindings), $e
    827▕             );
    828▕         }
    829▕     }

      [2m+22 vendor frames [22m

  23  app/Console/Commands/RemindUnpaidOrders.php:129
      Illuminate\Database\Eloquent\Builder::get()
      [2m+13 vendor frames [22m

  37  artisan:13
      Illuminate\Foundation\Application::handleCommand()

18.03.2026 10:40:02 — To'lanmagan buyurtmalarga eslatma yuborish boshlandi...
Eslatma yuborish uchun buyurtma topilmadi.
18.03.2026 10:50:02 — To'lanmagan buyurtmalarga eslatma yuborish boshlandi...
Eslatma yuborish uchun buyurtma topilmadi.
18.03.2026 11:00:03 — To'lanmagan buyurtmalarga eslatma yuborish boshlandi...

   Illuminate\Database\QueryException 

  SQLSTATE[HY000] [2002] Connection refused (Connection: mysql, SQL: select * from `solds` where `paymentStatus` = 1 and `status` = A and `created_at` >= 2026-03-18 10:00:03)

  at vendor/laravel/framework/src/Illuminate/Database/Connection.php:825
    821▕                     $this->getName(), $query, $this->prepareBindings($bindings), $e
    822▕                 );
    823▕             }
    824▕ 
  ➜ 825▕             throw new QueryException(
    826▕                 $this->getName(), $query, $this->prepareBindings($bindings), $e
    827▕             );
    828▕         }
    829▕     }

      [2m+22 vendor frames [22m

  23  app/Console/Commands/RemindUnpaidOrders.php:129
      Illuminate\Database\Eloquent\Builder::get()
      [2m+13 vendor frames [22m

  37  artisan:13
      Illuminate\Foundation\Application::handleCommand()

18.03.2026 11:10:02 — To'lanmagan buyurtmalarga eslatma yuborish boshlandi...
Eslatma yuborish uchun buyurtma topilmadi.
18.03.2026 11:20:02 — To'lanmagan buyurtmalarga eslatma yuborish boshlandi...
Eslatma yuborish uchun buyurtma topilmadi.
18.03.2026 11:30:02 — To'lanmagan buyurtmalarga eslatma yuborish boshlandi...

   Illuminate\Database\QueryException 

  SQLSTATE[HY000] [2002] Connection refused (Connection: mysql, SQL: select * from `solds` where `paymentStatus` = 1 and `status` = A and `created_at` >= 2026-03-18 10:30:02)

  at vendor/laravel/framework/src/Illuminate/Database/Connection.php:825
    821▕                     $this->getName(), $query, $this->prepareBindings($bindings), $e
    822▕                 );
    823▕             }
    824▕ 
  ➜ 825▕             throw new QueryException(
    826▕                 $this->getName(), $query, $this->prepareBindings($bindings), $e
    827▕             );
    828▕         }
    829▕     }

      [2m+22 vendor frames [22m

  23  app/Console/Commands/RemindUnpaidOrders.php:129
      Illuminate\Database\Eloquent\Builder::get()
      [2m+13 vendor frames [22m

  37  artisan:13
      Illuminate\Foundation\Application::handleCommand()

18.03.2026 11:40:02 — To'lanmagan buyurtmalarga eslatma yuborish boshlandi...
Eslatma yuborish uchun buyurtma topilmadi.
18.03.2026 11:50:03 — To'lanmagan buyurtmalarga eslatma yuborish boshlandi...
Eslatma yuborish uchun buyurtma topilmadi.
18.03.2026 12:00:02 — To'lanmagan buyurtmalarga eslatma yuborish boshlandi...

   Illuminate\Database\QueryException 

  SQLSTATE[HY000] [2002] Connection refused (Connection: mysql, SQL: select * from `solds` where `paymentStatus` = 1 and `status` = A and `created_at` >= 2026-03-18 11:00:02)

  at vendor/laravel/framework/src/Illuminate/Database/Connection.php:825
    821▕                     $this->getName(), $query, $this->prepareBindings($bindings), $e
    822▕                 );
    823▕             }
    824▕ 
  ➜ 825▕             throw new QueryException(
    826▕                 $this->getName(), $query, $this->prepareBindings($bindings), $e
    827▕             );
    828▕         }
    829▕     }

      [2m+22 vendor frames [22m

  23  app/Console/Commands/RemindUnpaidOrders.php:129
      Illuminate\Database\Eloquent\Builder::get()
      [2m+13 vendor frames [22m

  37  artisan:13
      Illuminate\Foundation\Application::handleCommand()

18.03.2026 12:10:02 — To'lanmagan buyurtmalarga eslatma yuborish boshlandi...
Eslatma yuborish uchun buyurtma topilmadi.
18.03.2026 12:20:02 — To'lanmagan buyurtmalarga eslatma yuborish boshlandi...
Eslatma yuborish uchun buyurtma topilmadi.
18.03.2026 12:30:02 — To'lanmagan buyurtmalarga eslatma yuborish boshlandi...

   Illuminate\Database\QueryException 

  SQLSTATE[HY000] [2002] Connection refused (Connection: mysql, SQL: select * from `solds` where `paymentStatus` = 1 and `status` = A and `created_at` >= 2026-03-18 11:30:02)

  at vendor/laravel/framework/src/Illuminate/Database/Connection.php:825
    821▕                     $this->getName(), $query, $this->prepareBindings($bindings), $e
    822▕                 );
    823▕             }
    824▕ 
  ➜ 825▕             throw new QueryException(
    826▕                 $this->getName(), $query, $this->prepareBindings($bindings), $e
    827▕             );
    828▕         }
    829▕     }

      [2m+22 vendor frames [22m

  23  app/Console/Commands/RemindUnpaidOrders.php:129
      Illuminate\Database\Eloquent\Builder::get()
      [2m+13 vendor frames [22m

  37  artisan:13
      Illuminate\Foundation\Application::handleCommand()

18.03.2026 12:40:02 — To'lanmagan buyurtmalarga eslatma yuborish boshlandi...
Eslatma yuborish uchun buyurtma topilmadi.
18.03.2026 12:50:02 — To'lanmagan buyurtmalarga eslatma yuborish boshlandi...
Eslatma yuborish uchun buyurtma topilmadi.
18.03.2026 13:00:02 — To'lanmagan buyurtmalarga eslatma yuborish boshlandi...

   Illuminate\Database\QueryException 

  SQLSTATE[HY000] [2002] Connection refused (Connection: mysql, SQL: select * from `solds` where `paymentStatus` = 1 and `status` = A and `created_at` >= 2026-03-18 12:00:02)

  at vendor/laravel/framework/src/Illuminate/Database/Connection.php:825
    821▕                     $this->getName(), $query, $this->prepareBindings($bindings), $e
    822▕                 );
    823▕             }
    824▕ 
  ➜ 825▕             throw new QueryException(
    826▕                 $this->getName(), $query, $this->prepareBindings($bindings), $e
    827▕             );
    828▕         }
    829▕     }

      [2m+22 vendor frames [22m

  23  app/Console/Commands/RemindUnpaidOrders.php:129
      Illuminate\Database\Eloquent\Builder::get()
      [2m+13 vendor frames [22m

  37  artisan:13
      Illuminate\Foundation\Application::handleCommand()

18.03.2026 13:10:02 — To'lanmagan buyurtmalarga eslatma yuborish boshlandi...
Eslatma yuborish uchun buyurtma topilmadi.
18.03.2026 13:20:02 — To'lanmagan buyurtmalarga eslatma yuborish boshlandi...
Eslatma yuborish uchun buyurtma topilmadi.
18.03.2026 13:30:02 — To'lanmagan buyurtmalarga eslatma yuborish boshlandi...

   Illuminate\Database\QueryException 

  SQLSTATE[HY000] [2002] Connection refused (Connection: mysql, SQL: select * from `solds` where `paymentStatus` = 1 and `status` = A and `created_at` >= 2026-03-18 12:30:02)

  at vendor/laravel/framework/src/Illuminate/Database/Connection.php:825
    821▕                     $this->getName(), $query, $this->prepareBindings($bindings), $e
    822▕                 );
    823▕             }
    824▕ 
  ➜ 825▕             throw new QueryException(
    826▕                 $this->getName(), $query, $this->prepareBindings($bindings), $e
    827▕             );
    828▕         }
    829▕     }

      [2m+22 vendor frames [22m

  23  app/Console/Commands/RemindUnpaidOrders.php:129
      Illuminate\Database\Eloquent\Builder::get()
      [2m+13 vendor frames [22m

  37  artisan:13
      Illuminate\Foundation\Application::handleCommand()

18.03.2026 13:40:02 — To'lanmagan buyurtmalarga eslatma yuborish boshlandi...
Eslatma yuborish uchun buyurtma topilmadi.
18.03.2026 13:50:02 — To'lanmagan buyurtmalarga eslatma yuborish boshlandi...
Eslatma yuborish uchun buyurtma topilmadi.
18.03.2026 14:00:03 — To'lanmagan buyurtmalarga eslatma yuborish boshlandi...

   Illuminate\Database\QueryException 

  SQLSTATE[HY000] [2002] Connection refused (Connection: mysql, SQL: select * from `solds` where `paymentStatus` = 1 and `status` = A and `created_at` >= 2026-03-18 13:00:03)

  at vendor/laravel/framework/src/Illuminate/Database/Connection.php:825
    821▕                     $this->getName(), $query, $this->prepareBindings($bindings), $e
    822▕                 );
    823▕             }
    824▕ 
  ➜ 825▕             throw new QueryException(
    826▕                 $this->getName(), $query, $this->prepareBindings($bindings), $e
    827▕             );
    828▕         }
    829▕     }

      [2m+22 vendor frames [22m

  23  app/Console/Commands/RemindUnpaidOrders.php:129
      Illuminate\Database\Eloquent\Builder::get()
      [2m+13 vendor frames [22m

  37  artisan:13
      Illuminate\Foundation\Application::handleCommand()

18.03.2026 14:10:02 — To'lanmagan buyurtmalarga eslatma yuborish boshlandi...
Eslatma yuborish uchun buyurtma topilmadi.
18.03.2026 14:20:02 — To'lanmagan buyurtmalarga eslatma yuborish boshlandi...
Eslatma yuborish uchun buyurtma topilmadi.
18.03.2026 14:30:02 — To'lanmagan buyurtmalarga eslatma yuborish boshlandi...

   Illuminate\Database\QueryException 

  SQLSTATE[HY000] [2002] Connection refused (Connection: mysql, SQL: select * from `solds` where `paymentStatus` = 1 and `status` = A and `created_at` >= 2026-03-18 13:30:02)

  at vendor/laravel/framework/src/Illuminate/Database/Connection.php:825
    821▕                     $this->getName(), $query, $this->prepareBindings($bindings), $e
    822▕                 );
    823▕             }
    824▕ 
  ➜ 825▕             throw new QueryException(
    826▕                 $this->getName(), $query, $this->prepareBindings($bindings), $e
    827▕             );
    828▕         }
    829▕     }

      [2m+22 vendor frames [22m

  23  app/Console/Commands/RemindUnpaidOrders.php:129
      Illuminate\Database\Eloquent\Builder::get()
      [2m+13 vendor frames [22m

  37  artisan:13
      Illuminate\Foundation\Application::handleCommand()

18.03.2026 14:40:02 — To'lanmagan buyurtmalarga eslatma yuborish boshlandi...
Eslatma yuborish uchun buyurtma topilmadi.
18.03.2026 14:50:02 — To'lanmagan buyurtmalarga eslatma yuborish boshlandi...
Eslatma yuborish uchun buyurtma topilmadi.
18.03.2026 15:00:02 — To'lanmagan buyurtmalarga eslatma yuborish boshlandi...

   Illuminate\Database\QueryException 

  SQLSTATE[HY000] [2002] Connection refused (Connection: mysql, SQL: select * from `solds` where `paymentStatus` = 1 and `status` = A and `created_at` >= 2026-03-18 14:00:02)

  at vendor/laravel/framework/src/Illuminate/Database/Connection.php:825
    821▕                     $this->getName(), $query, $this->prepareBindings($bindings), $e
    822▕                 );
    823▕             }
    824▕ 
  ➜ 825▕             throw new QueryException(
    826▕                 $this->getName(), $query, $this->prepareBindings($bindings), $e
    827▕             );
    828▕         }
    829▕     }

      [2m+22 vendor frames [22m

  23  app/Console/Commands/RemindUnpaidOrders.php:129
      Illuminate\Database\Eloquent\Builder::get()
      [2m+13 vendor frames [22m

  37  artisan:13
      Illuminate\Foundation\Application::handleCommand()

18.03.2026 15:10:03 — To'lanmagan buyurtmalarga eslatma yuborish boshlandi...
Eslatma yuborish uchun buyurtma topilmadi.
18.03.2026 15:20:02 — To'lanmagan buyurtmalarga eslatma yuborish boshlandi...
Eslatma yuborish uchun buyurtma topilmadi.
18.03.2026 15:30:02 — To'lanmagan buyurtmalarga eslatma yuborish boshlandi...

   Illuminate\Database\QueryException 

  SQLSTATE[HY000] [2002] Connection refused (Connection: mysql, SQL: select * from `solds` where `paymentStatus` = 1 and `status` = A and `created_at` >= 2026-03-18 14:30:02)

  at vendor/laravel/framework/src/Illuminate/Database/Connection.php:825
    821▕                     $this->getName(), $query, $this->prepareBindings($bindings), $e
    822▕                 );
    823▕             }
    824▕ 
  ➜ 825▕             throw new QueryException(
    826▕                 $this->getName(), $query, $this->prepareBindings($bindings), $e
    827▕             );
    828▕         }
    829▕     }

      [2m+22 vendor frames [22m

  23  app/Console/Commands/RemindUnpaidOrders.php:129
      Illuminate\Database\Eloquent\Builder::get()
      [2m+13 vendor frames [22m

  37  artisan:13
      Illuminate\Foundation\Application::handleCommand()

18.03.2026 15:40:02 — To'lanmagan buyurtmalarga eslatma yuborish boshlandi...
Eslatma yuborish uchun buyurtma topilmadi.
18.03.2026 15:50:02 — To'lanmagan buyurtmalarga eslatma yuborish boshlandi...
Eslatma yuborish uchun buyurtma topilmadi.
18.03.2026 16:00:02 — To'lanmagan buyurtmalarga eslatma yuborish boshlandi...

   Illuminate\Database\QueryException 

  SQLSTATE[HY000] [2002] Connection refused (Connection: mysql, SQL: select * from `solds` where `paymentStatus` = 1 and `status` = A and `created_at` >= 2026-03-18 15:00:02)

  at vendor/laravel/framework/src/Illuminate/Database/Connection.php:825
    821▕                     $this->getName(), $query, $this->prepareBindings($bindings), $e
    822▕                 );
    823▕             }
    824▕ 
  ➜ 825▕             throw new QueryException(
    826▕                 $this->getName(), $query, $this->prepareBindings($bindings), $e
    827▕             );
    828▕         }
    829▕     }

      [2m+22 vendor frames [22m

  23  app/Console/Commands/RemindUnpaidOrders.php:129
      Illuminate\Database\Eloquent\Builder::get()
      [2m+13 vendor frames [22m

  37  artisan:13
      Illuminate\Foundation\Application::handleCommand()

18.03.2026 16:10:02 — To'lanmagan buyurtmalarga eslatma yuborish boshlandi...
Eslatma yuborish uchun buyurtma topilmadi.
18.03.2026 16:20:02 — To'lanmagan buyurtmalarga eslatma yuborish boshlandi...
Eslatma yuborish uchun buyurtma topilmadi.
18.03.2026 16:30:02 — To'lanmagan buyurtmalarga eslatma yuborish boshlandi...

   Illuminate\Database\QueryException 

  SQLSTATE[HY000] [2002] Connection refused (Connection: mysql, SQL: select * from `solds` where `paymentStatus` = 1 and `status` = A and `created_at` >= 2026-03-18 15:30:02)

  at vendor/laravel/framework/src/Illuminate/Database/Connection.php:825
    821▕                     $this->getName(), $query, $this->prepareBindings($bindings), $e
    822▕                 );
    823▕             }
    824▕ 
  ➜ 825▕             throw new QueryException(
    826▕                 $this->getName(), $query, $this->prepareBindings($bindings), $e
    827▕             );
    828▕         }
    829▕     }

      [2m+22 vendor frames [22m

  23  app/Console/Commands/RemindUnpaidOrders.php:129
      Illuminate\Database\Eloquent\Builder::get()
      [2m+13 vendor frames [22m

  37  artisan:13
      Illuminate\Foundation\Application::handleCommand()

18.03.2026 16:40:02 — To'lanmagan buyurtmalarga eslatma yuborish boshlandi...
Eslatma yuborish uchun buyurtma topilmadi.
18.03.2026 16:50:02 — To'lanmagan buyurtmalarga eslatma yuborish boshlandi...
Eslatma yuborish uchun buyurtma topilmadi.
18.03.2026 17:00:02 — To'lanmagan buyurtmalarga eslatma yuborish boshlandi...

   Illuminate\Database\QueryException 

  SQLSTATE[HY000] [2002] Connection refused (Connection: mysql, SQL: select * from `solds` where `paymentStatus` = 1 and `status` = A and `created_at` >= 2026-03-18 16:00:02)

  at vendor/laravel/framework/src/Illuminate/Database/Connection.php:825
    821▕                     $this->getName(), $query, $this->prepareBindings($bindings), $e
    822▕                 );
    823▕             }
    824▕ 
  ➜ 825▕             throw new QueryException(
    826▕                 $this->getName(), $query, $this->prepareBindings($bindings), $e
    827▕             );
    828▕         }
    829▕     }

      [2m+22 vendor frames [22m

  23  app/Console/Commands/RemindUnpaidOrders.php:129
      Illuminate\Database\Eloquent\Builder::get()
      [2m+13 vendor frames [22m

  37  artisan:13
      Illuminate\Foundation\Application::handleCommand()

18.03.2026 17:10:02 — To'lanmagan buyurtmalarga eslatma yuborish boshlandi...
Eslatma yuborish uchun buyurtma topilmadi.
18.03.2026 17:20:02 — To'lanmagan buyurtmalarga eslatma yuborish boshlandi...
Eslatma yuborish uchun buyurtma topilmadi.
18.03.2026 17:30:03 — To'lanmagan buyurtmalarga eslatma yuborish boshlandi...

   Illuminate\Database\QueryException 

  SQLSTATE[HY000] [2002] Connection refused (Connection: mysql, SQL: select * from `solds` where `paymentStatus` = 1 and `status` = A and `created_at` >= 2026-03-18 16:30:03)

  at vendor/laravel/framework/src/Illuminate/Database/Connection.php:825
    821▕                     $this->getName(), $query, $this->prepareBindings($bindings), $e
    822▕                 );
    823▕             }
    824▕ 
  ➜ 825▕             throw new QueryException(
    826▕                 $this->getName(), $query, $this->prepareBindings($bindings), $e
    827▕             );
    828▕         }
    829▕     }

      [2m+22 vendor frames [22m

  23  app/Console/Commands/RemindUnpaidOrders.php:129
      Illuminate\Database\Eloquent\Builder::get()
      [2m+13 vendor frames [22m

  37  artisan:13
      Illuminate\Foundation\Application::handleCommand()

18.03.2026 17:40:02 — To'lanmagan buyurtmalarga eslatma yuborish boshlandi...
Eslatma yuborish uchun buyurtma topilmadi.
18.03.2026 17:50:02 — To'lanmagan buyurtmalarga eslatma yuborish boshlandi...
Eslatma yuborish uchun buyurtma topilmadi.
18.03.2026 18:00:02 — To'lanmagan buyurtmalarga eslatma yuborish boshlandi...

   Illuminate\Database\QueryException 

  SQLSTATE[HY000] [2002] Connection refused (Connection: mysql, SQL: select * from `solds` where `paymentStatus` = 1 and `status` = A and `created_at` >= 2026-03-18 17:00:02)

  at vendor/laravel/framework/src/Illuminate/Database/Connection.php:825
    821▕                     $this->getName(), $query, $this->prepareBindings($bindings), $e
    822▕                 );
    823▕             }
    824▕ 
  ➜ 825▕             throw new QueryException(
    826▕                 $this->getName(), $query, $this->prepareBindings($bindings), $e
    827▕             );
    828▕         }
    829▕     }

      [2m+22 vendor frames [22m

  23  app/Console/Commands/RemindUnpaidOrders.php:129
      Illuminate\Database\Eloquent\Builder::get()
      [2m+13 vendor frames [22m

  37  artisan:13
      Illuminate\Foundation\Application::handleCommand()

18.03.2026 18:10:02 — To'lanmagan buyurtmalarga eslatma yuborish boshlandi...
Eslatma yuborish uchun buyurtma topilmadi.
18.03.2026 18:20:02 — To'lanmagan buyurtmalarga eslatma yuborish boshlandi...
Eslatma yuborish uchun buyurtma topilmadi.
18.03.2026 18:30:02 — To'lanmagan buyurtmalarga eslatma yuborish boshlandi...

   Illuminate\Database\QueryException 

  SQLSTATE[HY000] [2002] Connection refused (Connection: mysql, SQL: select * from `solds` where `paymentStatus` = 1 and `status` = A and `created_at` >= 2026-03-18 17:30:02)

  at vendor/laravel/framework/src/Illuminate/Database/Connection.php:825
    821▕                     $this->getName(), $query, $this->prepareBindings($bindings), $e
    822▕                 );
    823▕             }
    824▕ 
  ➜ 825▕             throw new QueryException(
    826▕                 $this->getName(), $query, $this->prepareBindings($bindings), $e
    827▕             );
    828▕         }
    829▕     }

      [2m+22 vendor frames [22m

  23  app/Console/Commands/RemindUnpaidOrders.php:129
      Illuminate\Database\Eloquent\Builder::get()
      [2m+13 vendor frames [22m

  37  artisan:13
      Illuminate\Foundation\Application::handleCommand()

18.03.2026 18:40:02 — To'lanmagan buyurtmalarga eslatma yuborish boshlandi...
Eslatma yuborish uchun buyurtma topilmadi.
18.03.2026 18:50:02 — To'lanmagan buyurtmalarga eslatma yuborish boshlandi...
Eslatma yuborish uchun buyurtma topilmadi.
18.03.2026 19:00:03 — To'lanmagan buyurtmalarga eslatma yuborish boshlandi...

   Illuminate\Database\QueryException 

  SQLSTATE[HY000] [2002] Connection refused (Connection: mysql, SQL: select * from `solds` where `paymentStatus` = 1 and `status` = A and `created_at` >= 2026-03-18 18:00:03)

  at vendor/laravel/framework/src/Illuminate/Database/Connection.php:825
    821▕                     $this->getName(), $query, $this->prepareBindings($bindings), $e
    822▕                 );
    823▕             }
    824▕ 
  ➜ 825▕             throw new QueryException(
    826▕                 $this->getName(), $query, $this->prepareBindings($bindings), $e
    827▕             );
    828▕         }
    829▕     }

      [2m+22 vendor frames [22m

  23  app/Console/Commands/RemindUnpaidOrders.php:129
      Illuminate\Database\Eloquent\Builder::get()
      [2m+13 vendor frames [22m

  37  artisan:13
      Illuminate\Foundation\Application::handleCommand()

18.03.2026 19:10:02 — To'lanmagan buyurtmalarga eslatma yuborish boshlandi...
Eslatma yuborish uchun buyurtma topilmadi.
18.03.2026 19:20:02 — To'lanmagan buyurtmalarga eslatma yuborish boshlandi...
Eslatma yuborish uchun buyurtma topilmadi.
18.03.2026 19:30:02 — To'lanmagan buyurtmalarga eslatma yuborish boshlandi...

   Illuminate\Database\QueryException 

  SQLSTATE[HY000] [2002] Connection refused (Connection: mysql, SQL: select * from `solds` where `paymentStatus` = 1 and `status` = A and `created_at` >= 2026-03-18 18:30:02)

  at vendor/laravel/framework/src/Illuminate/Database/Connection.php:825
    821▕                     $this->getName(), $query, $this->prepareBindings($bindings), $e
    822▕                 );
    823▕             }
    824▕ 
  ➜ 825▕             throw new QueryException(
    826▕                 $this->getName(), $query, $this->prepareBindings($bindings), $e
    827▕             );
    828▕         }
    829▕     }

      [2m+22 vendor frames [22m

  23  app/Console/Commands/RemindUnpaidOrders.php:129
      Illuminate\Database\Eloquent\Builder::get()
      [2m+13 vendor frames [22m

  37  artisan:13
      Illuminate\Foundation\Application::handleCommand()

18.03.2026 19:40:02 — To'lanmagan buyurtmalarga eslatma yuborish boshlandi...
Eslatma yuborish uchun buyurtma topilmadi.
18.03.2026 19:50:02 — To'lanmagan buyurtmalarga eslatma yuborish boshlandi...
Eslatma yuborish uchun buyurtma topilmadi.
18.03.2026 20:00:03 — To'lanmagan buyurtmalarga eslatma yuborish boshlandi...

   Illuminate\Database\QueryException 

  SQLSTATE[HY000] [2002] Connection refused (Connection: mysql, SQL: select * from `solds` where `paymentStatus` = 1 and `status` = A and `created_at` >= 2026-03-18 19:00:03)

  at vendor/laravel/framework/src/Illuminate/Database/Connection.php:825
    821▕                     $this->getName(), $query, $this->prepareBindings($bindings), $e
    822▕                 );
    823▕             }
    824▕ 
  ➜ 825▕             throw new QueryException(
    826▕                 $this->getName(), $query, $this->prepareBindings($bindings), $e
    827▕             );
    828▕         }
    829▕     }

      [2m+22 vendor frames [22m

  23  app/Console/Commands/RemindUnpaidOrders.php:129
      Illuminate\Database\Eloquent\Builder::get()
      [2m+13 vendor frames [22m

  37  artisan:13
      Illuminate\Foundation\Application::handleCommand()

18.03.2026 20:10:02 — To'lanmagan buyurtmalarga eslatma yuborish boshlandi...
Eslatma yuborish uchun buyurtma topilmadi.
18.03.2026 20:20:02 — To'lanmagan buyurtmalarga eslatma yuborish boshlandi...
Eslatma yuborish uchun buyurtma topilmadi.
18.03.2026 20:30:02 — To'lanmagan buyurtmalarga eslatma yuborish boshlandi...

   Illuminate\Database\QueryException 

  SQLSTATE[HY000] [2002] Connection refused (Connection: mysql, SQL: select * from `solds` where `paymentStatus` = 1 and `status` = A and `created_at` >= 2026-03-18 19:30:02)

  at vendor/laravel/framework/src/Illuminate/Database/Connection.php:825
    821▕                     $this->getName(), $query, $this->prepareBindings($bindings), $e
    822▕                 );
    823▕             }
    824▕ 
  ➜ 825▕             throw new QueryException(
    826▕                 $this->getName(), $query, $this->prepareBindings($bindings), $e
    827▕             );
    828▕         }
    829▕     }

      [2m+22 vendor frames [22m

  23  app/Console/Commands/RemindUnpaidOrders.php:129
      Illuminate\Database\Eloquent\Builder::get()
      [2m+13 vendor frames [22m

  37  artisan:13
      Illuminate\Foundation\Application::handleCommand()

18.03.2026 20:40:02 — To'lanmagan buyurtmalarga eslatma yuborish boshlandi...
Eslatma yuborish uchun buyurtma topilmadi.
18.03.2026 20:50:01 — To'lanmagan buyurtmalarga eslatma yuborish boshlandi...
Eslatma yuborish uchun buyurtma topilmadi.
18.03.2026 21:00:02 — To'lanmagan buyurtmalarga eslatma yuborish boshlandi...

   Illuminate\Database\QueryException 

  SQLSTATE[HY000] [2002] Connection refused (Connection: mysql, SQL: select * from `solds` where `paymentStatus` = 1 and `status` = A and `created_at` >= 2026-03-18 20:00:02)

  at vendor/laravel/framework/src/Illuminate/Database/Connection.php:825
    821▕                     $this->getName(), $query, $this->prepareBindings($bindings), $e
    822▕                 );
    823▕             }
    824▕ 
  ➜ 825▕             throw new QueryException(
    826▕                 $this->getName(), $query, $this->prepareBindings($bindings), $e
    827▕             );
    828▕         }
    829▕     }

      [2m+22 vendor frames [22m

  23  app/Console/Commands/RemindUnpaidOrders.php:129
      Illuminate\Database\Eloquent\Builder::get()
      [2m+13 vendor frames [22m

  37  artisan:13
      Illuminate\Foundation\Application::handleCommand()

18.03.2026 21:10:02 — To'lanmagan buyurtmalarga eslatma yuborish boshlandi...
Eslatma yuborish uchun buyurtma topilmadi.
18.03.2026 21:20:02 — To'lanmagan buyurtmalarga eslatma yuborish boshlandi...
Eslatma yuborish uchun buyurtma topilmadi.
18.03.2026 21:30:02 — To'lanmagan buyurtmalarga eslatma yuborish boshlandi...

   Illuminate\Database\QueryException 

  SQLSTATE[HY000] [2002] Connection refused (Connection: mysql, SQL: select * from `solds` where `paymentStatus` = 1 and `status` = A and `created_at` >= 2026-03-18 20:30:02)

  at vendor/laravel/framework/src/Illuminate/Database/Connection.php:825
    821▕                     $this->getName(), $query, $this->prepareBindings($bindings), $e
    822▕                 );
    823▕             }
    824▕ 
  ➜ 825▕             throw new QueryException(
    826▕                 $this->getName(), $query, $this->prepareBindings($bindings), $e
    827▕             );
    828▕         }
    829▕     }

      [2m+22 vendor frames [22m

  23  app/Console/Commands/RemindUnpaidOrders.php:129
      Illuminate\Database\Eloquent\Builder::get()
      [2m+13 vendor frames [22m

  37  artisan:13
      Illuminate\Foundation\Application::handleCommand()

18.03.2026 21:40:02 — To'lanmagan buyurtmalarga eslatma yuborish boshlandi...
Eslatma yuborish uchun buyurtma topilmadi.
18.03.2026 21:50:02 — To'lanmagan buyurtmalarga eslatma yuborish boshlandi...
Eslatma yuborish uchun buyurtma topilmadi.
18.03.2026 22:00:03 — To'lanmagan buyurtmalarga eslatma yuborish boshlandi...

   Illuminate\Database\QueryException 

  SQLSTATE[HY000] [2002] Connection refused (Connection: mysql, SQL: select * from `solds` where `paymentStatus` = 1 and `status` = A and `created_at` >= 2026-03-18 21:00:03)

  at vendor/laravel/framework/src/Illuminate/Database/Connection.php:825
    821▕                     $this->getName(), $query, $this->prepareBindings($bindings), $e
    822▕                 );
    823▕             }
    824▕ 
  ➜ 825▕             throw new QueryException(
    826▕                 $this->getName(), $query, $this->prepareBindings($bindings), $e
    827▕             );
    828▕         }
    829▕     }

      [2m+22 vendor frames [22m

  23  app/Console/Commands/RemindUnpaidOrders.php:129
      Illuminate\Database\Eloquent\Builder::get()
      [2m+13 vendor frames [22m

  37  artisan:13
      Illuminate\Foundation\Application::handleCommand()

18.03.2026 22:10:02 — To'lanmagan buyurtmalarga eslatma yuborish boshlandi...
Eslatma yuborish uchun buyurtma topilmadi.
18.03.2026 22:20:02 — To'lanmagan buyurtmalarga eslatma yuborish boshlandi...
Eslatma yuborish uchun buyurtma topilmadi.
18.03.2026 22:30:02 — To'lanmagan buyurtmalarga eslatma yuborish boshlandi...

   Illuminate\Database\QueryException 

  SQLSTATE[HY000] [2002] Connection refused (Connection: mysql, SQL: select * from `solds` where `paymentStatus` = 1 and `status` = A and `created_at` >= 2026-03-18 21:30:02)

  at vendor/laravel/framework/src/Illuminate/Database/Connection.php:825
    821▕                     $this->getName(), $query, $this->prepareBindings($bindings), $e
    822▕                 );
    823▕             }
    824▕ 
  ➜ 825▕             throw new QueryException(
    826▕                 $this->getName(), $query, $this->prepareBindings($bindings), $e
    827▕             );
    828▕         }
    829▕     }

      [2m+22 vendor frames [22m

  23  app/Console/Commands/RemindUnpaidOrders.php:129
      Illuminate\Database\Eloquent\Builder::get()
      [2m+13 vendor frames [22m

  37  artisan:13
      Illuminate\Foundation\Application::handleCommand()

18.03.2026 22:40:02 — To'lanmagan buyurtmalarga eslatma yuborish boshlandi...
Eslatma yuborish uchun buyurtma topilmadi.
18.03.2026 22:50:02 — To'lanmagan buyurtmalarga eslatma yuborish boshlandi...
Eslatma yuborish uchun buyurtma topilmadi.
18.03.2026 23:00:02 — To'lanmagan buyurtmalarga eslatma yuborish boshlandi...

   Illuminate\Database\QueryException 

  SQLSTATE[HY000] [2002] Connection refused (Connection: mysql, SQL: select * from `solds` where `paymentStatus` = 1 and `status` = A and `created_at` >= 2026-03-18 22:00:02)

  at vendor/laravel/framework/src/Illuminate/Database/Connection.php:825
    821▕                     $this->getName(), $query, $this->prepareBindings($bindings), $e
    822▕                 );
    823▕             }
    824▕ 
  ➜ 825▕             throw new QueryException(
    826▕                 $this->getName(), $query, $this->prepareBindings($bindings), $e
    827▕             );
    828▕         }
    829▕     }

      [2m+22 vendor frames [22m

  23  app/Console/Commands/RemindUnpaidOrders.php:129
      Illuminate\Database\Eloquent\Builder::get()
      [2m+13 vendor frames [22m

  37  artisan:13
      Illuminate\Foundation\Application::handleCommand()

18.03.2026 23:10:02 — To'lanmagan buyurtmalarga eslatma yuborish boshlandi...
Eslatma yuborish uchun buyurtma topilmadi.
18.03.2026 23:20:02 — To'lanmagan buyurtmalarga eslatma yuborish boshlandi...
Eslatma yuborish uchun buyurtma topilmadi.
18.03.2026 23:30:02 — To'lanmagan buyurtmalarga eslatma yuborish boshlandi...

   Illuminate\Database\QueryException 

  SQLSTATE[HY000] [2002] Connection refused (Connection: mysql, SQL: select * from `solds` where `paymentStatus` = 1 and `status` = A and `created_at` >= 2026-03-18 22:30:02)

  at vendor/laravel/framework/src/Illuminate/Database/Connection.php:825
    821▕                     $this->getName(), $query, $this->prepareBindings($bindings), $e
    822▕                 );
    823▕             }
    824▕ 
  ➜ 825▕             throw new QueryException(
    826▕                 $this->getName(), $query, $this->prepareBindings($bindings), $e
    827▕             );
    828▕         }
    829▕     }

      [2m+22 vendor frames [22m

  23  app/Console/Commands/RemindUnpaidOrders.php:129
      Illuminate\Database\Eloquent\Builder::get()
      [2m+13 vendor frames [22m

  37  artisan:13
      Illuminate\Foundation\Application::handleCommand()

18.03.2026 23:40:02 — To'lanmagan buyurtmalarga eslatma yuborish boshlandi...
Eslatma yuborish uchun buyurtma topilmadi.
18.03.2026 23:50:02 — To'lanmagan buyurtmalarga eslatma yuborish boshlandi...
Eslatma yuborish uchun buyurtma topilmadi.
19.03.2026 00:00:03 — To'lanmagan buyurtmalarga eslatma yuborish boshlandi...

   Illuminate\Database\QueryException 

  SQLSTATE[HY000] [2002] Connection refused (Connection: mysql, SQL: select * from `solds` where `paymentStatus` = 1 and `status` = A and `created_at` >= 2026-03-18 23:00:03)

  at vendor/laravel/framework/src/Illuminate/Database/Connection.php:825
    821▕                     $this->getName(), $query, $this->prepareBindings($bindings), $e
    822▕                 );
    823▕             }
    824▕ 
  ➜ 825▕             throw new QueryException(
    826▕                 $this->getName(), $query, $this->prepareBindings($bindings), $e
    827▕             );
    828▕         }
    829▕     }

      [2m+22 vendor frames [22m

  23  app/Console/Commands/RemindUnpaidOrders.php:129
      Illuminate\Database\Eloquent\Builder::get()
      [2m+13 vendor frames [22m

  37  artisan:13
      Illuminate\Foundation\Application::handleCommand()

19.03.2026 00:10:02 — To'lanmagan buyurtmalarga eslatma yuborish boshlandi...
Eslatma yuborish uchun buyurtma topilmadi.
19.03.2026 00:20:02 — To'lanmagan buyurtmalarga eslatma yuborish boshlandi...
Eslatma yuborish uchun buyurtma topilmadi.
19.03.2026 00:30:03 — To'lanmagan buyurtmalarga eslatma yuborish boshlandi...
Eslatma yuborish uchun buyurtma topilmadi.
19.03.2026 00:40:02 — To'lanmagan buyurtmalarga eslatma yuborish boshlandi...
Eslatma yuborish uchun buyurtma topilmadi.
19.03.2026 00:50:02 — To'lanmagan buyurtmalarga eslatma yuborish boshlandi...
Eslatma yuborish uchun buyurtma topilmadi.
19.03.2026 01:00:02 — To'lanmagan buyurtmalarga eslatma yuborish boshlandi...

   Illuminate\Database\QueryException 

  SQLSTATE[HY000] [2002] Connection refused (Connection: mysql, SQL: select * from `solds` where `paymentStatus` = 1 and `status` = A and `created_at` >= 2026-03-19 00:00:02)

  at vendor/laravel/framework/src/Illuminate/Database/Connection.php:825
    821▕                     $this->getName(), $query, $this->prepareBindings($bindings), $e
    822▕                 );
    823▕             }
    824▕ 
  ➜ 825▕             throw new QueryException(
    826▕                 $this->getName(), $query, $this->prepareBindings($bindings), $e
    827▕             );
    828▕         }
    829▕     }

      [2m+22 vendor frames [22m

  23  app/Console/Commands/RemindUnpaidOrders.php:129
      Illuminate\Database\Eloquent\Builder::get()
      [2m+13 vendor frames [22m

  37  artisan:13
      Illuminate\Foundation\Application::handleCommand()

19.03.2026 01:10:02 — To'lanmagan buyurtmalarga eslatma yuborish boshlandi...
Eslatma yuborish uchun buyurtma topilmadi.
19.03.2026 01:20:02 — To'lanmagan buyurtmalarga eslatma yuborish boshlandi...
Eslatma yuborish uchun buyurtma topilmadi.
19.03.2026 01:30:02 — To'lanmagan buyurtmalarga eslatma yuborish boshlandi...

   Illuminate\Database\QueryException 

  SQLSTATE[HY000] [2002] Connection refused (Connection: mysql, SQL: select * from `solds` where `paymentStatus` = 1 and `status` = A and `created_at` >= 2026-03-19 00:30:02)

  at vendor/laravel/framework/src/Illuminate/Database/Connection.php:825
    821▕                     $this->getName(), $query, $this->prepareBindings($bindings), $e
    822▕                 );
    823▕             }
    824▕ 
  ➜ 825▕             throw new QueryException(
    826▕                 $this->getName(), $query, $this->prepareBindings($bindings), $e
    827▕             );
    828▕         }
    829▕     }

      [2m+22 vendor frames [22m

  23  app/Console/Commands/RemindUnpaidOrders.php:129
      Illuminate\Database\Eloquent\Builder::get()
      [2m+13 vendor frames [22m

  37  artisan:13
      Illuminate\Foundation\Application::handleCommand()

19.03.2026 01:40:02 — To'lanmagan buyurtmalarga eslatma yuborish boshlandi...
Eslatma yuborish uchun buyurtma topilmadi.
19.03.2026 01:50:02 — To'lanmagan buyurtmalarga eslatma yuborish boshlandi...
Eslatma yuborish uchun buyurtma topilmadi.
19.03.2026 02:00:02 — To'lanmagan buyurtmalarga eslatma yuborish boshlandi...

   Illuminate\Database\QueryException 

  SQLSTATE[HY000] [2002] Connection refused (Connection: mysql, SQL: select * from `solds` where `paymentStatus` = 1 and `status` = A and `created_at` >= 2026-03-19 01:00:02)

  at vendor/laravel/framework/src/Illuminate/Database/Connection.php:825
    821▕                     $this->getName(), $query, $this->prepareBindings($bindings), $e
    822▕                 );
    823▕             }
    824▕ 
  ➜ 825▕             throw new QueryException(
    826▕                 $this->getName(), $query, $this->prepareBindings($bindings), $e
    827▕             );
    828▕         }
    829▕     }

      [2m+22 vendor frames [22m

  23  app/Console/Commands/RemindUnpaidOrders.php:129
      Illuminate\Database\Eloquent\Builder::get()
      [2m+13 vendor frames [22m

  37  artisan:13
      Illuminate\Foundation\Application::handleCommand()

19.03.2026 02:10:02 — To'lanmagan buyurtmalarga eslatma yuborish boshlandi...
Eslatma yuborish uchun buyurtma topilmadi.
19.03.2026 02:20:02 — To'lanmagan buyurtmalarga eslatma yuborish boshlandi...
Eslatma yuborish uchun buyurtma topilmadi.
19.03.2026 02:30:02 — To'lanmagan buyurtmalarga eslatma yuborish boshlandi...

   Illuminate\Database\QueryException 

  SQLSTATE[HY000] [2002] Connection refused (Connection: mysql, SQL: select * from `solds` where `paymentStatus` = 1 and `status` = A and `created_at` >= 2026-03-19 01:30:02)

  at vendor/laravel/framework/src/Illuminate/Database/Connection.php:825
    821▕                     $this->getName(), $query, $this->prepareBindings($bindings), $e
    822▕                 );
    823▕             }
    824▕ 
  ➜ 825▕             throw new QueryException(
    826▕                 $this->getName(), $query, $this->prepareBindings($bindings), $e
    827▕             );
    828▕         }
    829▕     }

      [2m+22 vendor frames [22m

  23  app/Console/Commands/RemindUnpaidOrders.php:129
      Illuminate\Database\Eloquent\Builder::get()
      [2m+13 vendor frames [22m

  37  artisan:13
      Illuminate\Foundation\Application::handleCommand()

19.03.2026 02:40:02 — To'lanmagan buyurtmalarga eslatma yuborish boshlandi...
Eslatma yuborish uchun buyurtma topilmadi.
19.03.2026 02:50:02 — To'lanmagan buyurtmalarga eslatma yuborish boshlandi...
Eslatma yuborish uchun buyurtma topilmadi.
19.03.2026 03:00:02 — To'lanmagan buyurtmalarga eslatma yuborish boshlandi...

   Illuminate\Database\QueryException 

  SQLSTATE[HY000] [2002] Connection refused (Connection: mysql, SQL: select * from `solds` where `paymentStatus` = 1 and `status` = A and `created_at` >= 2026-03-19 02:00:02)

  at vendor/laravel/framework/src/Illuminate/Database/Connection.php:825
    821▕                     $this->getName(), $query, $this->prepareBindings($bindings), $e
    822▕                 );
    823▕             }
    824▕ 
  ➜ 825▕             throw new QueryException(
    826▕                 $this->getName(), $query, $this->prepareBindings($bindings), $e
    827▕             );
    828▕         }
    829▕     }

      [2m+22 vendor frames [22m

  23  app/Console/Commands/RemindUnpaidOrders.php:129
      Illuminate\Database\Eloquent\Builder::get()
      [2m+13 vendor frames [22m

  37  artisan:13
      Illuminate\Foundation\Application::handleCommand()

19.03.2026 03:10:02 — To'lanmagan buyurtmalarga eslatma yuborish boshlandi...
Eslatma yuborish uchun buyurtma topilmadi.
19.03.2026 03:20:02 — To'lanmagan buyurtmalarga eslatma yuborish boshlandi...
Eslatma yuborish uchun buyurtma topilmadi.
19.03.2026 03:30:02 — To'lanmagan buyurtmalarga eslatma yuborish boshlandi...

   Illuminate\Database\QueryException 

  SQLSTATE[HY000] [2002] Connection refused (Connection: mysql, SQL: select * from `solds` where `paymentStatus` = 1 and `status` = A and `created_at` >= 2026-03-19 02:30:02)

  at vendor/laravel/framework/src/Illuminate/Database/Connection.php:825
    821▕                     $this->getName(), $query, $this->prepareBindings($bindings), $e
    822▕                 );
    823▕             }
    824▕ 
  ➜ 825▕             throw new QueryException(
    826▕                 $this->getName(), $query, $this->prepareBindings($bindings), $e
    827▕             );
    828▕         }
    829▕     }

      [2m+22 vendor frames [22m

  23  app/Console/Commands/RemindUnpaidOrders.php:129
      Illuminate\Database\Eloquent\Builder::get()
      [2m+13 vendor frames [22m

  37  artisan:13
      Illuminate\Foundation\Application::handleCommand()

19.03.2026 03:40:02 — To'lanmagan buyurtmalarga eslatma yuborish boshlandi...
Eslatma yuborish uchun buyurtma topilmadi.
19.03.2026 03:50:02 — To'lanmagan buyurtmalarga eslatma yuborish boshlandi...
Eslatma yuborish uchun buyurtma topilmadi.
19.03.2026 04:00:03 — To'lanmagan buyurtmalarga eslatma yuborish boshlandi...
Eslatma yuborish uchun buyurtma topilmadi.
19.03.2026 04:10:02 — To'lanmagan buyurtmalarga eslatma yuborish boshlandi...
Eslatma yuborish uchun buyurtma topilmadi.
19.03.2026 04:20:02 — To'lanmagan buyurtmalarga eslatma yuborish boshlandi...
Eslatma yuborish uchun buyurtma topilmadi.
19.03.2026 04:30:02 — To'lanmagan buyurtmalarga eslatma yuborish boshlandi...

   Illuminate\Database\QueryException 

  SQLSTATE[HY000] [2002] Connection refused (Connection: mysql, SQL: select * from `solds` where `paymentStatus` = 1 and `status` = A and `created_at` >= 2026-03-19 03:30:02)

  at vendor/laravel/framework/src/Illuminate/Database/Connection.php:825
    821▕                     $this->getName(), $query, $this->prepareBindings($bindings), $e
    822▕                 );
    823▕             }
    824▕ 
  ➜ 825▕             throw new QueryException(
    826▕                 $this->getName(), $query, $this->prepareBindings($bindings), $e
    827▕             );
    828▕         }
    829▕     }

      [2m+22 vendor frames [22m

  23  app/Console/Commands/RemindUnpaidOrders.php:129
      Illuminate\Database\Eloquent\Builder::get()
      [2m+13 vendor frames [22m

  37  artisan:13
      Illuminate\Foundation\Application::handleCommand()

19.03.2026 04:40:02 — To'lanmagan buyurtmalarga eslatma yuborish boshlandi...
Eslatma yuborish uchun buyurtma topilmadi.
19.03.2026 04:50:02 — To'lanmagan buyurtmalarga eslatma yuborish boshlandi...
Eslatma yuborish uchun buyurtma topilmadi.
19.03.2026 05:00:03 — To'lanmagan buyurtmalarga eslatma yuborish boshlandi...

   Illuminate\Database\QueryException 

  SQLSTATE[HY000] [2002] Connection refused (Connection: mysql, SQL: select * from `solds` where `paymentStatus` = 1 and `status` = A and `created_at` >= 2026-03-19 04:00:03)

  at vendor/laravel/framework/src/Illuminate/Database/Connection.php:825
    821▕                     $this->getName(), $query, $this->prepareBindings($bindings), $e
    822▕                 );
    823▕             }
    824▕ 
  ➜ 825▕             throw new QueryException(
    826▕                 $this->getName(), $query, $this->prepareBindings($bindings), $e
    827▕             );
    828▕         }
    829▕     }

      [2m+22 vendor frames [22m

  23  app/Console/Commands/RemindUnpaidOrders.php:129
      Illuminate\Database\Eloquent\Builder::get()
      [2m+13 vendor frames [22m

  37  artisan:13
      Illuminate\Foundation\Application::handleCommand()

19.03.2026 05:10:02 — To'lanmagan buyurtmalarga eslatma yuborish boshlandi...
Eslatma yuborish uchun buyurtma topilmadi.
19.03.2026 05:20:02 — To'lanmagan buyurtmalarga eslatma yuborish boshlandi...
Eslatma yuborish uchun buyurtma topilmadi.
19.03.2026 05:30:03 — To'lanmagan buyurtmalarga eslatma yuborish boshlandi...

   Illuminate\Database\QueryException 

  SQLSTATE[HY000] [2002] Connection refused (Connection: mysql, SQL: select * from `solds` where `paymentStatus` = 1 and `status` = A and `created_at` >= 2026-03-19 04:30:03)

  at vendor/laravel/framework/src/Illuminate/Database/Connection.php:825
    821▕                     $this->getName(), $query, $this->prepareBindings($bindings), $e
    822▕                 );
    823▕             }
    824▕ 
  ➜ 825▕             throw new QueryException(
    826▕                 $this->getName(), $query, $this->prepareBindings($bindings), $e
    827▕             );
    828▕         }
    829▕     }

      [2m+22 vendor frames [22m

  23  app/Console/Commands/RemindUnpaidOrders.php:129
      Illuminate\Database\Eloquent\Builder::get()
      [2m+13 vendor frames [22m

  37  artisan:13
      Illuminate\Foundation\Application::handleCommand()

19.03.2026 05:40:03 — To'lanmagan buyurtmalarga eslatma yuborish boshlandi...
Eslatma yuborish uchun buyurtma topilmadi.
19.03.2026 05:50:02 — To'lanmagan buyurtmalarga eslatma yuborish boshlandi...
Eslatma yuborish uchun buyurtma topilmadi.
19.03.2026 06:00:02 — To'lanmagan buyurtmalarga eslatma yuborish boshlandi...

   Illuminate\Database\QueryException 

  SQLSTATE[HY000] [2002] Connection refused (Connection: mysql, SQL: select * from `solds` where `paymentStatus` = 1 and `status` = A and `created_at` >= 2026-03-19 05:00:02)

  at vendor/laravel/framework/src/Illuminate/Database/Connection.php:825
    821▕                     $this->getName(), $query, $this->prepareBindings($bindings), $e
    822▕                 );
    823▕             }
    824▕ 
  ➜ 825▕             throw new QueryException(
    826▕                 $this->getName(), $query, $this->prepareBindings($bindings), $e
    827▕             );
    828▕         }
    829▕     }

      [2m+22 vendor frames [22m

  23  app/Console/Commands/RemindUnpaidOrders.php:129
      Illuminate\Database\Eloquent\Builder::get()
      [2m+13 vendor frames [22m

  37  artisan:13
      Illuminate\Foundation\Application::handleCommand()

19.03.2026 06:10:02 — To'lanmagan buyurtmalarga eslatma yuborish boshlandi...
Eslatma yuborish uchun buyurtma topilmadi.
19.03.2026 06:20:02 — To'lanmagan buyurtmalarga eslatma yuborish boshlandi...
Eslatma yuborish uchun buyurtma topilmadi.
19.03.2026 06:30:03 — To'lanmagan buyurtmalarga eslatma yuborish boshlandi...

   Illuminate\Database\QueryException 

  SQLSTATE[HY000] [2002] Connection refused (Connection: mysql, SQL: select * from `solds` where `paymentStatus` = 1 and `status` = A and `created_at` >= 2026-03-19 05:30:03)

  at vendor/laravel/framework/src/Illuminate/Database/Connection.php:825
    821▕                     $this->getName(), $query, $this->prepareBindings($bindings), $e
    822▕                 );
    823▕             }
    824▕ 
  ➜ 825▕             throw new QueryException(
    826▕                 $this->getName(), $query, $this->prepareBindings($bindings), $e
    827▕             );
    828▕         }
    829▕     }

      [2m+22 vendor frames [22m

  23  app/Console/Commands/RemindUnpaidOrders.php:129
      Illuminate\Database\Eloquent\Builder::get()
      [2m+13 vendor frames [22m

  37  artisan:13
      Illuminate\Foundation\Application::handleCommand()

19.03.2026 06:40:02 — To'lanmagan buyurtmalarga eslatma yuborish boshlandi...
Eslatma yuborish uchun buyurtma topilmadi.
19.03.2026 06:50:02 — To'lanmagan buyurtmalarga eslatma yuborish boshlandi...
Eslatma yuborish uchun buyurtma topilmadi.
19.03.2026 07:00:03 — To'lanmagan buyurtmalarga eslatma yuborish boshlandi...

   Illuminate\Database\QueryException 

  SQLSTATE[HY000] [2002] Connection refused (Connection: mysql, SQL: select * from `solds` where `paymentStatus` = 1 and `status` = A and `created_at` >= 2026-03-19 06:00:03)

  at vendor/laravel/framework/src/Illuminate/Database/Connection.php:825
    821▕                     $this->getName(), $query, $this->prepareBindings($bindings), $e
    822▕                 );
    823▕             }
    824▕ 
  ➜ 825▕             throw new QueryException(
    826▕                 $this->getName(), $query, $this->prepareBindings($bindings), $e
    827▕             );
    828▕         }
    829▕     }

      [2m+22 vendor frames [22m

  23  app/Console/Commands/RemindUnpaidOrders.php:129
      Illuminate\Database\Eloquent\Builder::get()
      [2m+13 vendor frames [22m

  37  artisan:13
      Illuminate\Foundation\Application::handleCommand()

19.03.2026 07:10:03 — To'lanmagan buyurtmalarga eslatma yuborish boshlandi...
Eslatma yuborish uchun buyurtma topilmadi.
19.03.2026 07:20:02 — To'lanmagan buyurtmalarga eslatma yuborish boshlandi...
Eslatma yuborish uchun buyurtma topilmadi.
19.03.2026 07:30:02 — To'lanmagan buyurtmalarga eslatma yuborish boshlandi...

   Illuminate\Database\QueryException 

  SQLSTATE[HY000] [2002] Connection refused (Connection: mysql, SQL: select * from `solds` where `paymentStatus` = 1 and `status` = A and `created_at` >= 2026-03-19 06:30:02)

  at vendor/laravel/framework/src/Illuminate/Database/Connection.php:825
    821▕                     $this->getName(), $query, $this->prepareBindings($bindings), $e
    822▕                 );
    823▕             }
    824▕ 
  ➜ 825▕             throw new QueryException(
    826▕                 $this->getName(), $query, $this->prepareBindings($bindings), $e
    827▕             );
    828▕         }
    829▕     }

      [2m+22 vendor frames [22m

  23  app/Console/Commands/RemindUnpaidOrders.php:129
      Illuminate\Database\Eloquent\Builder::get()
      [2m+13 vendor frames [22m

  37  artisan:13
      Illuminate\Foundation\Application::handleCommand()

19.03.2026 07:40:02 — To'lanmagan buyurtmalarga eslatma yuborish boshlandi...
Eslatma yuborish uchun buyurtma topilmadi.
19.03.2026 07:50:02 — To'lanmagan buyurtmalarga eslatma yuborish boshlandi...
Eslatma yuborish uchun buyurtma topilmadi.
19.03.2026 08:00:03 — To'lanmagan buyurtmalarga eslatma yuborish boshlandi...
Eslatma yuborish uchun buyurtma topilmadi.
19.03.2026 08:10:02 — To'lanmagan buyurtmalarga eslatma yuborish boshlandi...
Eslatma yuborish uchun buyurtma topilmadi.
19.03.2026 08:20:02 — To'lanmagan buyurtmalarga eslatma yuborish boshlandi...
Eslatma yuborish uchun buyurtma topilmadi.
19.03.2026 08:30:02 — To'lanmagan buyurtmalarga eslatma yuborish boshlandi...

   Illuminate\Database\QueryException 

  SQLSTATE[HY000] [2002] Connection refused (Connection: mysql, SQL: select * from `solds` where `paymentStatus` = 1 and `status` = A and `created_at` >= 2026-03-19 07:30:02)

  at vendor/laravel/framework/src/Illuminate/Database/Connection.php:825
    821▕                     $this->getName(), $query, $this->prepareBindings($bindings), $e
    822▕                 );
    823▕             }
    824▕ 
  ➜ 825▕             throw new QueryException(
    826▕                 $this->getName(), $query, $this->prepareBindings($bindings), $e
    827▕             );
    828▕         }
    829▕     }

      [2m+22 vendor frames [22m

  23  app/Console/Commands/RemindUnpaidOrders.php:129
      Illuminate\Database\Eloquent\Builder::get()
      [2m+13 vendor frames [22m

  37  artisan:13
      Illuminate\Foundation\Application::handleCommand()

19.03.2026 08:40:02 — To'lanmagan buyurtmalarga eslatma yuborish boshlandi...
Eslatma yuborish uchun buyurtma topilmadi.
19.03.2026 08:50:02 — To'lanmagan buyurtmalarga eslatma yuborish boshlandi...
Eslatma yuborish uchun buyurtma topilmadi.
19.03.2026 09:00:03 — To'lanmagan buyurtmalarga eslatma yuborish boshlandi...

   Illuminate\Database\QueryException 

  SQLSTATE[HY000] [2002] Connection refused (Connection: mysql, SQL: select * from `solds` where `paymentStatus` = 1 and `status` = A and `created_at` >= 2026-03-19 08:00:03)

  at vendor/laravel/framework/src/Illuminate/Database/Connection.php:825
    821▕                     $this->getName(), $query, $this->prepareBindings($bindings), $e
    822▕                 );
    823▕             }
    824▕ 
  ➜ 825▕             throw new QueryException(
    826▕                 $this->getName(), $query, $this->prepareBindings($bindings), $e
    827▕             );
    828▕         }
    829▕     }

      [2m+22 vendor frames [22m

  23  app/Console/Commands/RemindUnpaidOrders.php:129
      Illuminate\Database\Eloquent\Builder::get()
      [2m+13 vendor frames [22m

  37  artisan:13
      Illuminate\Foundation\Application::handleCommand()

19.03.2026 09:10:02 — To'lanmagan buyurtmalarga eslatma yuborish boshlandi...
Eslatma yuborish uchun buyurtma topilmadi.
19.03.2026 09:20:02 — To'lanmagan buyurtmalarga eslatma yuborish boshlandi...
Eslatma yuborish uchun buyurtma topilmadi.
19.03.2026 09:30:02 — To'lanmagan buyurtmalarga eslatma yuborish boshlandi...

   Illuminate\Database\QueryException 

  SQLSTATE[HY000] [2002] Connection refused (Connection: mysql, SQL: select * from `solds` where `paymentStatus` = 1 and `status` = A and `created_at` >= 2026-03-19 08:30:02)

  at vendor/laravel/framework/src/Illuminate/Database/Connection.php:825
    821▕                     $this->getName(), $query, $this->prepareBindings($bindings), $e
    822▕                 );
    823▕             }
    824▕ 
  ➜ 825▕             throw new QueryException(
    826▕                 $this->getName(), $query, $this->prepareBindings($bindings), $e
    827▕             );
    828▕         }
    829▕     }

      [2m+22 vendor frames [22m

  23  app/Console/Commands/RemindUnpaidOrders.php:129
      Illuminate\Database\Eloquent\Builder::get()
      [2m+13 vendor frames [22m

  37  artisan:13
      Illuminate\Foundation\Application::handleCommand()

19.03.2026 09:40:02 — To'lanmagan buyurtmalarga eslatma yuborish boshlandi...
Eslatma yuborish uchun buyurtma topilmadi.
19.03.2026 09:50:02 — To'lanmagan buyurtmalarga eslatma yuborish boshlandi...
Eslatma yuborish uchun buyurtma topilmadi.
19.03.2026 10:00:03 — To'lanmagan buyurtmalarga eslatma yuborish boshlandi...

   Illuminate\Database\QueryException 

  SQLSTATE[HY000] [2002] Connection refused (Connection: mysql, SQL: select * from `solds` where `paymentStatus` = 1 and `status` = A and `created_at` >= 2026-03-19 09:00:03)

  at vendor/laravel/framework/src/Illuminate/Database/Connection.php:825
    821▕                     $this->getName(), $query, $this->prepareBindings($bindings), $e
    822▕                 );
    823▕             }
    824▕ 
  ➜ 825▕             throw new QueryException(
    826▕                 $this->getName(), $query, $this->prepareBindings($bindings), $e
    827▕             );
    828▕         }
    829▕     }

      [2m+22 vendor frames [22m

  23  app/Console/Commands/RemindUnpaidOrders.php:129
      Illuminate\Database\Eloquent\Builder::get()
      [2m+13 vendor frames [22m

  37  artisan:13
      Illuminate\Foundation\Application::handleCommand()

19.03.2026 10:10:02 — To'lanmagan buyurtmalarga eslatma yuborish boshlandi...
Eslatma yuborish uchun buyurtma topilmadi.
19.03.2026 10:20:01 — To'lanmagan buyurtmalarga eslatma yuborish boshlandi...
Eslatma yuborish uchun buyurtma topilmadi.
19.03.2026 10:30:02 — To'lanmagan buyurtmalarga eslatma yuborish boshlandi...

   Illuminate\Database\QueryException 

  SQLSTATE[HY000] [2002] Connection refused (Connection: mysql, SQL: select * from `solds` where `paymentStatus` = 1 and `status` = A and `created_at` >= 2026-03-19 09:30:02)

  at vendor/laravel/framework/src/Illuminate/Database/Connection.php:825
    821▕                     $this->getName(), $query, $this->prepareBindings($bindings), $e
    822▕                 );
    823▕             }
    824▕ 
  ➜ 825▕             throw new QueryException(
    826▕                 $this->getName(), $query, $this->prepareBindings($bindings), $e
    827▕             );
    828▕         }
    829▕     }

      [2m+22 vendor frames [22m

  23  app/Console/Commands/RemindUnpaidOrders.php:129
      Illuminate\Database\Eloquent\Builder::get()
      [2m+13 vendor frames [22m

  37  artisan:13
      Illuminate\Foundation\Application::handleCommand()

19.03.2026 10:40:02 — To'lanmagan buyurtmalarga eslatma yuborish boshlandi...
Eslatma yuborish uchun buyurtma topilmadi.
19.03.2026 10:50:02 — To'lanmagan buyurtmalarga eslatma yuborish boshlandi...
Eslatma yuborish uchun buyurtma topilmadi.
19.03.2026 11:00:03 — To'lanmagan buyurtmalarga eslatma yuborish boshlandi...

   Illuminate\Database\QueryException 

  SQLSTATE[HY000] [2002] Connection refused (Connection: mysql, SQL: select * from `solds` where `paymentStatus` = 1 and `status` = A and `created_at` >= 2026-03-19 10:00:03)

  at vendor/laravel/framework/src/Illuminate/Database/Connection.php:825
    821▕                     $this->getName(), $query, $this->prepareBindings($bindings), $e
    822▕                 );
    823▕             }
    824▕ 
  ➜ 825▕             throw new QueryException(
    826▕                 $this->getName(), $query, $this->prepareBindings($bindings), $e
    827▕             );
    828▕         }
    829▕     }

      [2m+22 vendor frames [22m

  23  app/Console/Commands/RemindUnpaidOrders.php:129
      Illuminate\Database\Eloquent\Builder::get()
      [2m+13 vendor frames [22m

  37  artisan:13
      Illuminate\Foundation\Application::handleCommand()

19.03.2026 11:10:02 — To'lanmagan buyurtmalarga eslatma yuborish boshlandi...
Eslatma yuborish uchun buyurtma topilmadi.
19.03.2026 11:20:02 — To'lanmagan buyurtmalarga eslatma yuborish boshlandi...
Eslatma yuborish uchun buyurtma topilmadi.
19.03.2026 11:30:02 — To'lanmagan buyurtmalarga eslatma yuborish boshlandi...

   Illuminate\Database\QueryException 

  SQLSTATE[HY000] [2002] Connection refused (Connection: mysql, SQL: select * from `solds` where `paymentStatus` = 1 and `status` = A and `created_at` >= 2026-03-19 10:30:02)

  at vendor/laravel/framework/src/Illuminate/Database/Connection.php:825
    821▕                     $this->getName(), $query, $this->prepareBindings($bindings), $e
    822▕                 );
    823▕             }
    824▕ 
  ➜ 825▕             throw new QueryException(
    826▕                 $this->getName(), $query, $this->prepareBindings($bindings), $e
    827▕             );
    828▕         }
    829▕     }

      [2m+22 vendor frames [22m

  23  app/Console/Commands/RemindUnpaidOrders.php:129
      Illuminate\Database\Eloquent\Builder::get()
      [2m+13 vendor frames [22m

  37  artisan:13
      Illuminate\Foundation\Application::handleCommand()

19.03.2026 11:40:02 — To'lanmagan buyurtmalarga eslatma yuborish boshlandi...
Eslatma yuborish uchun buyurtma topilmadi.
19.03.2026 11:50:03 — To'lanmagan buyurtmalarga eslatma yuborish boshlandi...
Eslatma yuborish uchun buyurtma topilmadi.
19.03.2026 12:00:03 — To'lanmagan buyurtmalarga eslatma yuborish boshlandi...

   Illuminate\Database\QueryException 

  SQLSTATE[HY000] [2002] Connection refused (Connection: mysql, SQL: select * from `solds` where `paymentStatus` = 1 and `status` = A and `created_at` >= 2026-03-19 11:00:03)

  at vendor/laravel/framework/src/Illuminate/Database/Connection.php:825
    821▕                     $this->getName(), $query, $this->prepareBindings($bindings), $e
    822▕                 );
    823▕             }
    824▕ 
  ➜ 825▕             throw new QueryException(
    826▕                 $this->getName(), $query, $this->prepareBindings($bindings), $e
    827▕             );
    828▕         }
    829▕     }

      [2m+22 vendor frames [22m

  23  app/Console/Commands/RemindUnpaidOrders.php:129
      Illuminate\Database\Eloquent\Builder::get()
      [2m+13 vendor frames [22m

  37  artisan:13
      Illuminate\Foundation\Application::handleCommand()

19.03.2026 12:10:02 — To'lanmagan buyurtmalarga eslatma yuborish boshlandi...
Eslatma yuborish uchun buyurtma topilmadi.
19.03.2026 12:20:02 — To'lanmagan buyurtmalarga eslatma yuborish boshlandi...
Eslatma yuborish uchun buyurtma topilmadi.
19.03.2026 12:30:02 — To'lanmagan buyurtmalarga eslatma yuborish boshlandi...

   Illuminate\Database\QueryException 

  SQLSTATE[HY000] [2002] Connection refused (Connection: mysql, SQL: select * from `solds` where `paymentStatus` = 1 and `status` = A and `created_at` >= 2026-03-19 11:30:02)

  at vendor/laravel/framework/src/Illuminate/Database/Connection.php:825
    821▕                     $this->getName(), $query, $this->prepareBindings($bindings), $e
    822▕                 );
    823▕             }
    824▕ 
  ➜ 825▕             throw new QueryException(
    826▕                 $this->getName(), $query, $this->prepareBindings($bindings), $e
    827▕             );
    828▕         }
    829▕     }

      [2m+22 vendor frames [22m

  23  app/Console/Commands/RemindUnpaidOrders.php:129
      Illuminate\Database\Eloquent\Builder::get()
      [2m+13 vendor frames [22m

  37  artisan:13
      Illuminate\Foundation\Application::handleCommand()

19.03.2026 12:40:02 — To'lanmagan buyurtmalarga eslatma yuborish boshlandi...
Eslatma yuborish uchun buyurtma topilmadi.
19.03.2026 12:50:03 — To'lanmagan buyurtmalarga eslatma yuborish boshlandi...
Eslatma yuborish uchun buyurtma topilmadi.
19.03.2026 13:00:02 — To'lanmagan buyurtmalarga eslatma yuborish boshlandi...

   Illuminate\Database\QueryException 

  SQLSTATE[HY000] [2002] Connection refused (Connection: mysql, SQL: select * from `solds` where `paymentStatus` = 1 and `status` = A and `created_at` >= 2026-03-19 12:00:02)

  at vendor/laravel/framework/src/Illuminate/Database/Connection.php:825
    821▕                     $this->getName(), $query, $this->prepareBindings($bindings), $e
    822▕                 );
    823▕             }
    824▕ 
  ➜ 825▕             throw new QueryException(
    826▕                 $this->getName(), $query, $this->prepareBindings($bindings), $e
    827▕             );
    828▕         }
    829▕     }

      [2m+22 vendor frames [22m

  23  app/Console/Commands/RemindUnpaidOrders.php:129
      Illuminate\Database\Eloquent\Builder::get()
      [2m+13 vendor frames [22m

  37  artisan:13
      Illuminate\Foundation\Application::handleCommand()

19.03.2026 13:10:02 — To'lanmagan buyurtmalarga eslatma yuborish boshlandi...
Eslatma yuborish uchun buyurtma topilmadi.
19.03.2026 13:20:02 — To'lanmagan buyurtmalarga eslatma yuborish boshlandi...
Eslatma yuborish uchun buyurtma topilmadi.
19.03.2026 13:30:02 — To'lanmagan buyurtmalarga eslatma yuborish boshlandi...

   Illuminate\Database\QueryException 

  SQLSTATE[HY000] [2002] Connection refused (Connection: mysql, SQL: select * from `solds` where `paymentStatus` = 1 and `status` = A and `created_at` >= 2026-03-19 12:30:02)

  at vendor/laravel/framework/src/Illuminate/Database/Connection.php:825
    821▕                     $this->getName(), $query, $this->prepareBindings($bindings), $e
    822▕                 );
    823▕             }
    824▕ 
  ➜ 825▕             throw new QueryException(
    826▕                 $this->getName(), $query, $this->prepareBindings($bindings), $e
    827▕             );
    828▕         }
    829▕     }

      [2m+22 vendor frames [22m

  23  app/Console/Commands/RemindUnpaidOrders.php:129
      Illuminate\Database\Eloquent\Builder::get()
      [2m+13 vendor frames [22m

  37  artisan:13
      Illuminate\Foundation\Application::handleCommand()

19.03.2026 13:40:02 — To'lanmagan buyurtmalarga eslatma yuborish boshlandi...
Eslatma yuborish uchun buyurtma topilmadi.
19.03.2026 13:50:02 — To'lanmagan buyurtmalarga eslatma yuborish boshlandi...
Eslatma yuborish uchun buyurtma topilmadi.
19.03.2026 14:00:02 — To'lanmagan buyurtmalarga eslatma yuborish boshlandi...

   Illuminate\Database\QueryException 

  SQLSTATE[HY000] [2002] Connection refused (Connection: mysql, SQL: select * from `solds` where `paymentStatus` = 1 and `status` = A and `created_at` >= 2026-03-19 13:00:02)

  at vendor/laravel/framework/src/Illuminate/Database/Connection.php:825
    821▕                     $this->getName(), $query, $this->prepareBindings($bindings), $e
    822▕                 );
    823▕             }
    824▕ 
  ➜ 825▕             throw new QueryException(
    826▕                 $this->getName(), $query, $this->prepareBindings($bindings), $e
    827▕             );
    828▕         }
    829▕     }

      [2m+22 vendor frames [22m

  23  app/Console/Commands/RemindUnpaidOrders.php:129
      Illuminate\Database\Eloquent\Builder::get()
      [2m+13 vendor frames [22m

  37  artisan:13
      Illuminate\Foundation\Application::handleCommand()

19.03.2026 14:10:02 — To'lanmagan buyurtmalarga eslatma yuborish boshlandi...
Eslatma yuborish uchun buyurtma topilmadi.
19.03.2026 14:20:02 — To'lanmagan buyurtmalarga eslatma yuborish boshlandi...
Eslatma yuborish uchun buyurtma topilmadi.
19.03.2026 14:30:02 — To'lanmagan buyurtmalarga eslatma yuborish boshlandi...

   Illuminate\Database\QueryException 

  SQLSTATE[HY000] [2002] Connection refused (Connection: mysql, SQL: select * from `solds` where `paymentStatus` = 1 and `status` = A and `created_at` >= 2026-03-19 13:30:02)

  at vendor/laravel/framework/src/Illuminate/Database/Connection.php:825
    821▕                     $this->getName(), $query, $this->prepareBindings($bindings), $e
    822▕                 );
    823▕             }
    824▕ 
  ➜ 825▕             throw new QueryException(
    826▕                 $this->getName(), $query, $this->prepareBindings($bindings), $e
    827▕             );
    828▕         }
    829▕     }

      [2m+22 vendor frames [22m

  23  app/Console/Commands/RemindUnpaidOrders.php:129
      Illuminate\Database\Eloquent\Builder::get()
      [2m+13 vendor frames [22m

  37  artisan:13
      Illuminate\Foundation\Application::handleCommand()

19.03.2026 14:40:02 — To'lanmagan buyurtmalarga eslatma yuborish boshlandi...
Eslatma yuborish uchun buyurtma topilmadi.
19.03.2026 14:50:02 — To'lanmagan buyurtmalarga eslatma yuborish boshlandi...
Eslatma yuborish uchun buyurtma topilmadi.
19.03.2026 15:00:03 — To'lanmagan buyurtmalarga eslatma yuborish boshlandi...

   Illuminate\Database\QueryException 

  SQLSTATE[HY000] [2002] Connection refused (Connection: mysql, SQL: select * from `solds` where `paymentStatus` = 1 and `status` = A and `created_at` >= 2026-03-19 14:00:03)

  at vendor/laravel/framework/src/Illuminate/Database/Connection.php:825
    821▕                     $this->getName(), $query, $this->prepareBindings($bindings), $e
    822▕                 );
    823▕             }
    824▕ 
  ➜ 825▕             throw new QueryException(
    826▕                 $this->getName(), $query, $this->prepareBindings($bindings), $e
    827▕             );
    828▕         }
    829▕     }

      [2m+22 vendor frames [22m

  23  app/Console/Commands/RemindUnpaidOrders.php:129
      Illuminate\Database\Eloquent\Builder::get()
      [2m+13 vendor frames [22m

  37  artisan:13
      Illuminate\Foundation\Application::handleCommand()

19.03.2026 15:10:02 — To'lanmagan buyurtmalarga eslatma yuborish boshlandi...
Eslatma yuborish uchun buyurtma topilmadi.
19.03.2026 15:20:02 — To'lanmagan buyurtmalarga eslatma yuborish boshlandi...
Eslatma yuborish uchun buyurtma topilmadi.
19.03.2026 15:30:03 — To'lanmagan buyurtmalarga eslatma yuborish boshlandi...

   Illuminate\Database\QueryException 

  SQLSTATE[HY000] [2002] Connection refused (Connection: mysql, SQL: select * from `solds` where `paymentStatus` = 1 and `status` = A and `created_at` >= 2026-03-19 14:30:03)

  at vendor/laravel/framework/src/Illuminate/Database/Connection.php:825
    821▕                     $this->getName(), $query, $this->prepareBindings($bindings), $e
    822▕                 );
    823▕             }
    824▕ 
  ➜ 825▕             throw new QueryException(
    826▕                 $this->getName(), $query, $this->prepareBindings($bindings), $e
    827▕             );
    828▕         }
    829▕     }

      [2m+22 vendor frames [22m

  23  app/Console/Commands/RemindUnpaidOrders.php:129
      Illuminate\Database\Eloquent\Builder::get()
      [2m+13 vendor frames [22m

  37  artisan:13
      Illuminate\Foundation\Application::handleCommand()

19.03.2026 15:40:02 — To'lanmagan buyurtmalarga eslatma yuborish boshlandi...
Eslatma yuborish uchun buyurtma topilmadi.
19.03.2026 15:50:02 — To'lanmagan buyurtmalarga eslatma yuborish boshlandi...
Eslatma yuborish uchun buyurtma topilmadi.
19.03.2026 16:00:02 — To'lanmagan buyurtmalarga eslatma yuborish boshlandi...

   Illuminate\Database\QueryException 

  SQLSTATE[HY000] [2002] Connection refused (Connection: mysql, SQL: select * from `solds` where `paymentStatus` = 1 and `status` = A and `created_at` >= 2026-03-19 15:00:02)

  at vendor/laravel/framework/src/Illuminate/Database/Connection.php:825
    821▕                     $this->getName(), $query, $this->prepareBindings($bindings), $e
    822▕                 );
    823▕             }
    824▕ 
  ➜ 825▕             throw new QueryException(
    826▕                 $this->getName(), $query, $this->prepareBindings($bindings), $e
    827▕             );
    828▕         }
    829▕     }

      [2m+22 vendor frames [22m

  23  app/Console/Commands/RemindUnpaidOrders.php:129
      Illuminate\Database\Eloquent\Builder::get()
      [2m+13 vendor frames [22m

  37  artisan:13
      Illuminate\Foundation\Application::handleCommand()

19.03.2026 16:10:02 — To'lanmagan buyurtmalarga eslatma yuborish boshlandi...
Eslatma yuborish uchun buyurtma topilmadi.
19.03.2026 16:20:02 — To'lanmagan buyurtmalarga eslatma yuborish boshlandi...
Eslatma yuborish uchun buyurtma topilmadi.
19.03.2026 16:30:02 — To'lanmagan buyurtmalarga eslatma yuborish boshlandi...

   Illuminate\Database\QueryException 

  SQLSTATE[HY000] [2002] Connection refused (Connection: mysql, SQL: select * from `solds` where `paymentStatus` = 1 and `status` = A and `created_at` >= 2026-03-19 15:30:02)

  at vendor/laravel/framework/src/Illuminate/Database/Connection.php:825
    821▕                     $this->getName(), $query, $this->prepareBindings($bindings), $e
    822▕                 );
    823▕             }
    824▕ 
  ➜ 825▕             throw new QueryException(
    826▕                 $this->getName(), $query, $this->prepareBindings($bindings), $e
    827▕             );
    828▕         }
    829▕     }

      [2m+22 vendor frames [22m

  23  app/Console/Commands/RemindUnpaidOrders.php:129
      Illuminate\Database\Eloquent\Builder::get()
      [2m+13 vendor frames [22m

  37  artisan:13
      Illuminate\Foundation\Application::handleCommand()

19.03.2026 16:40:02 — To'lanmagan buyurtmalarga eslatma yuborish boshlandi...
Eslatma yuborish uchun buyurtma topilmadi.
19.03.2026 16:50:02 — To'lanmagan buyurtmalarga eslatma yuborish boshlandi...
Eslatma yuborish uchun buyurtma topilmadi.
19.03.2026 17:00:02 — To'lanmagan buyurtmalarga eslatma yuborish boshlandi...

   Illuminate\Database\QueryException 

  SQLSTATE[HY000] [2002] Connection refused (Connection: mysql, SQL: select * from `solds` where `paymentStatus` = 1 and `status` = A and `created_at` >= 2026-03-19 16:00:02)

  at vendor/laravel/framework/src/Illuminate/Database/Connection.php:825
    821▕                     $this->getName(), $query, $this->prepareBindings($bindings), $e
    822▕                 );
    823▕             }
    824▕ 
  ➜ 825▕             throw new QueryException(
    826▕                 $this->getName(), $query, $this->prepareBindings($bindings), $e
    827▕             );
    828▕         }
    829▕     }

      [2m+22 vendor frames [22m

  23  app/Console/Commands/RemindUnpaidOrders.php:129
      Illuminate\Database\Eloquent\Builder::get()
      [2m+13 vendor frames [22m

  37  artisan:13
      Illuminate\Foundation\Application::handleCommand()

19.03.2026 17:10:02 — To'lanmagan buyurtmalarga eslatma yuborish boshlandi...
Eslatma yuborish uchun buyurtma topilmadi.
19.03.2026 17:20:02 — To'lanmagan buyurtmalarga eslatma yuborish boshlandi...
Eslatma yuborish uchun buyurtma topilmadi.
19.03.2026 17:30:02 — To'lanmagan buyurtmalarga eslatma yuborish boshlandi...

   Illuminate\Database\QueryException 

  SQLSTATE[HY000] [2002] Connection refused (Connection: mysql, SQL: select * from `solds` where `paymentStatus` = 1 and `status` = A and `created_at` >= 2026-03-19 16:30:02)

  at vendor/laravel/framework/src/Illuminate/Database/Connection.php:825
    821▕                     $this->getName(), $query, $this->prepareBindings($bindings), $e
    822▕                 );
    823▕             }
    824▕ 
  ➜ 825▕             throw new QueryException(
    826▕                 $this->getName(), $query, $this->prepareBindings($bindings), $e
    827▕             );
    828▕         }
    829▕     }

      [2m+22 vendor frames [22m

  23  app/Console/Commands/RemindUnpaidOrders.php:129
      Illuminate\Database\Eloquent\Builder::get()
      [2m+13 vendor frames [22m

  37  artisan:13
      Illuminate\Foundation\Application::handleCommand()

19.03.2026 17:40:02 — To'lanmagan buyurtmalarga eslatma yuborish boshlandi...
Eslatma yuborish uchun buyurtma topilmadi.
19.03.2026 17:50:02 — To'lanmagan buyurtmalarga eslatma yuborish boshlandi...
Eslatma yuborish uchun buyurtma topilmadi.
19.03.2026 18:00:02 — To'lanmagan buyurtmalarga eslatma yuborish boshlandi...

   Illuminate\Database\QueryException 

  SQLSTATE[HY000] [2002] Connection refused (Connection: mysql, SQL: select * from `solds` where `paymentStatus` = 1 and `status` = A and `created_at` >= 2026-03-19 17:00:02)

  at vendor/laravel/framework/src/Illuminate/Database/Connection.php:825
    821▕                     $this->getName(), $query, $this->prepareBindings($bindings), $e
    822▕                 );
    823▕             }
    824▕ 
  ➜ 825▕             throw new QueryException(
    826▕                 $this->getName(), $query, $this->prepareBindings($bindings), $e
    827▕             );
    828▕         }
    829▕     }

      [2m+22 vendor frames [22m

  23  app/Console/Commands/RemindUnpaidOrders.php:129
      Illuminate\Database\Eloquent\Builder::get()
      [2m+13 vendor frames [22m

  37  artisan:13
      Illuminate\Foundation\Application::handleCommand()

19.03.2026 18:10:02 — To'lanmagan buyurtmalarga eslatma yuborish boshlandi...
Eslatma yuborish uchun buyurtma topilmadi.
19.03.2026 18:20:02 — To'lanmagan buyurtmalarga eslatma yuborish boshlandi...
Eslatma yuborish uchun buyurtma topilmadi.
19.03.2026 18:30:02 — To'lanmagan buyurtmalarga eslatma yuborish boshlandi...

   Illuminate\Database\QueryException 

  SQLSTATE[HY000] [2002] Connection refused (Connection: mysql, SQL: select * from `solds` where `paymentStatus` = 1 and `status` = A and `created_at` >= 2026-03-19 17:30:02)

  at vendor/laravel/framework/src/Illuminate/Database/Connection.php:825
    821▕                     $this->getName(), $query, $this->prepareBindings($bindings), $e
    822▕                 );
    823▕             }
    824▕ 
  ➜ 825▕             throw new QueryException(
    826▕                 $this->getName(), $query, $this->prepareBindings($bindings), $e
    827▕             );
    828▕         }
    829▕     }

      [2m+22 vendor frames [22m

  23  app/Console/Commands/RemindUnpaidOrders.php:129
      Illuminate\Database\Eloquent\Builder::get()
      [2m+13 vendor frames [22m

  37  artisan:13
      Illuminate\Foundation\Application::handleCommand()

19.03.2026 18:40:02 — To'lanmagan buyurtmalarga eslatma yuborish boshlandi...
Eslatma yuborish uchun buyurtma topilmadi.
19.03.2026 18:50:02 — To'lanmagan buyurtmalarga eslatma yuborish boshlandi...
Eslatma yuborish uchun buyurtma topilmadi.
19.03.2026 19:00:02 — To'lanmagan buyurtmalarga eslatma yuborish boshlandi...

   Illuminate\Database\QueryException 

  SQLSTATE[HY000] [2002] Connection refused (Connection: mysql, SQL: select * from `solds` where `paymentStatus` = 1 and `status` = A and `created_at` >= 2026-03-19 18:00:02)

  at vendor/laravel/framework/src/Illuminate/Database/Connection.php:825
    821▕                     $this->getName(), $query, $this->prepareBindings($bindings), $e
    822▕                 );
    823▕             }
    824▕ 
  ➜ 825▕             throw new QueryException(
    826▕                 $this->getName(), $query, $this->prepareBindings($bindings), $e
    827▕             );
    828▕         }
    829▕     }

      [2m+22 vendor frames [22m

  23  app/Console/Commands/RemindUnpaidOrders.php:129
      Illuminate\Database\Eloquent\Builder::get()
      [2m+13 vendor frames [22m

  37  artisan:13
      Illuminate\Foundation\Application::handleCommand()

19.03.2026 19:10:02 — To'lanmagan buyurtmalarga eslatma yuborish boshlandi...
Eslatma yuborish uchun buyurtma topilmadi.
19.03.2026 19:20:02 — To'lanmagan buyurtmalarga eslatma yuborish boshlandi...
Eslatma yuborish uchun buyurtma topilmadi.
19.03.2026 19:30:02 — To'lanmagan buyurtmalarga eslatma yuborish boshlandi...

   Illuminate\Database\QueryException 

  SQLSTATE[HY000] [2002] Connection refused (Connection: mysql, SQL: select * from `solds` where `paymentStatus` = 1 and `status` = A and `created_at` >= 2026-03-19 18:30:02)

  at vendor/laravel/framework/src/Illuminate/Database/Connection.php:825
    821▕                     $this->getName(), $query, $this->prepareBindings($bindings), $e
    822▕                 );
    823▕             }
    824▕ 
  ➜ 825▕             throw new QueryException(
    826▕                 $this->getName(), $query, $this->prepareBindings($bindings), $e
    827▕             );
    828▕         }
    829▕     }

      [2m+22 vendor frames [22m

  23  app/Console/Commands/RemindUnpaidOrders.php:129
      Illuminate\Database\Eloquent\Builder::get()
      [2m+13 vendor frames [22m

  37  artisan:13
      Illuminate\Foundation\Application::handleCommand()

19.03.2026 19:40:02 — To'lanmagan buyurtmalarga eslatma yuborish boshlandi...
Eslatma yuborish uchun buyurtma topilmadi.
19.03.2026 19:50:02 — To'lanmagan buyurtmalarga eslatma yuborish boshlandi...
Eslatma yuborish uchun buyurtma topilmadi.
19.03.2026 20:00:03 — To'lanmagan buyurtmalarga eslatma yuborish boshlandi...

   Illuminate\Database\QueryException 

  SQLSTATE[HY000] [2002] Connection refused (Connection: mysql, SQL: select * from `solds` where `paymentStatus` = 1 and `status` = A and `created_at` >= 2026-03-19 19:00:03)

  at vendor/laravel/framework/src/Illuminate/Database/Connection.php:825
    821▕                     $this->getName(), $query, $this->prepareBindings($bindings), $e
    822▕                 );
    823▕             }
    824▕ 
  ➜ 825▕             throw new QueryException(
    826▕                 $this->getName(), $query, $this->prepareBindings($bindings), $e
    827▕             );
    828▕         }
    829▕     }

      [2m+22 vendor frames [22m

  23  app/Console/Commands/RemindUnpaidOrders.php:129
      Illuminate\Database\Eloquent\Builder::get()
      [2m+13 vendor frames [22m

  37  artisan:13
      Illuminate\Foundation\Application::handleCommand()

19.03.2026 20:10:02 — To'lanmagan buyurtmalarga eslatma yuborish boshlandi...
Eslatma yuborish uchun buyurtma topilmadi.
19.03.2026 20:20:02 — To'lanmagan buyurtmalarga eslatma yuborish boshlandi...
Eslatma yuborish uchun buyurtma topilmadi.
19.03.2026 20:30:03 — To'lanmagan buyurtmalarga eslatma yuborish boshlandi...

   Illuminate\Database\QueryException 

  SQLSTATE[HY000] [2002] Connection refused (Connection: mysql, SQL: select * from `solds` where `paymentStatus` = 1 and `status` = A and `created_at` >= 2026-03-19 19:30:03)

  at vendor/laravel/framework/src/Illuminate/Database/Connection.php:825
    821▕                     $this->getName(), $query, $this->prepareBindings($bindings), $e
    822▕                 );
    823▕             }
    824▕ 
  ➜ 825▕             throw new QueryException(
    826▕                 $this->getName(), $query, $this->prepareBindings($bindings), $e
    827▕             );
    828▕         }
    829▕     }

      [2m+22 vendor frames [22m

  23  app/Console/Commands/RemindUnpaidOrders.php:129
      Illuminate\Database\Eloquent\Builder::get()
      [2m+13 vendor frames [22m

  37  artisan:13
      Illuminate\Foundation\Application::handleCommand()

19.03.2026 20:40:02 — To'lanmagan buyurtmalarga eslatma yuborish boshlandi...
Eslatma yuborish uchun buyurtma topilmadi.
19.03.2026 20:50:02 — To'lanmagan buyurtmalarga eslatma yuborish boshlandi...
Eslatma yuborish uchun buyurtma topilmadi.
19.03.2026 21:00:02 — To'lanmagan buyurtmalarga eslatma yuborish boshlandi...

   Illuminate\Database\QueryException 

  SQLSTATE[HY000] [2002] Connection refused (Connection: mysql, SQL: select * from `solds` where `paymentStatus` = 1 and `status` = A and `created_at` >= 2026-03-19 20:00:02)

  at vendor/laravel/framework/src/Illuminate/Database/Connection.php:825
    821▕                     $this->getName(), $query, $this->prepareBindings($bindings), $e
    822▕                 );
    823▕             }
    824▕ 
  ➜ 825▕             throw new QueryException(
    826▕                 $this->getName(), $query, $this->prepareBindings($bindings), $e
    827▕             );
    828▕         }
    829▕     }

      [2m+22 vendor frames [22m

  23  app/Console/Commands/RemindUnpaidOrders.php:129
      Illuminate\Database\Eloquent\Builder::get()
      [2m+13 vendor frames [22m

  37  artisan:13
      Illuminate\Foundation\Application::handleCommand()

19.03.2026 21:10:02 — To'lanmagan buyurtmalarga eslatma yuborish boshlandi...
Eslatma yuborish uchun buyurtma topilmadi.
19.03.2026 21:20:02 — To'lanmagan buyurtmalarga eslatma yuborish boshlandi...
Eslatma yuborish uchun buyurtma topilmadi.
19.03.2026 21:30:02 — To'lanmagan buyurtmalarga eslatma yuborish boshlandi...

   Illuminate\Database\QueryException 

  SQLSTATE[HY000] [2002] Connection refused (Connection: mysql, SQL: select * from `solds` where `paymentStatus` = 1 and `status` = A and `created_at` >= 2026-03-19 20:30:02)

  at vendor/laravel/framework/src/Illuminate/Database/Connection.php:825
    821▕                     $this->getName(), $query, $this->prepareBindings($bindings), $e
    822▕                 );
    823▕             }
    824▕ 
  ➜ 825▕             throw new QueryException(
    826▕                 $this->getName(), $query, $this->prepareBindings($bindings), $e
    827▕             );
    828▕         }
    829▕     }

      [2m+22 vendor frames [22m

  23  app/Console/Commands/RemindUnpaidOrders.php:129
      Illuminate\Database\Eloquent\Builder::get()
      [2m+13 vendor frames [22m

  37  artisan:13
      Illuminate\Foundation\Application::handleCommand()

19.03.2026 21:40:02 — To'lanmagan buyurtmalarga eslatma yuborish boshlandi...
Eslatma yuborish uchun buyurtma topilmadi.
19.03.2026 21:50:02 — To'lanmagan buyurtmalarga eslatma yuborish boshlandi...
Eslatma yuborish uchun buyurtma topilmadi.
19.03.2026 22:00:02 — To'lanmagan buyurtmalarga eslatma yuborish boshlandi...

   Illuminate\Database\QueryException 

  SQLSTATE[HY000] [2002] Connection refused (Connection: mysql, SQL: select * from `solds` where `paymentStatus` = 1 and `status` = A and `created_at` >= 2026-03-19 21:00:02)

  at vendor/laravel/framework/src/Illuminate/Database/Connection.php:825
    821▕                     $this->getName(), $query, $this->prepareBindings($bindings), $e
    822▕                 );
    823▕             }
    824▕ 
  ➜ 825▕             throw new QueryException(
    826▕                 $this->getName(), $query, $this->prepareBindings($bindings), $e
    827▕             );
    828▕         }
    829▕     }

      [2m+22 vendor frames [22m

  23  app/Console/Commands/RemindUnpaidOrders.php:129
      Illuminate\Database\Eloquent\Builder::get()
      [2m+13 vendor frames [22m

  37  artisan:13
      Illuminate\Foundation\Application::handleCommand()

19.03.2026 22:10:02 — To'lanmagan buyurtmalarga eslatma yuborish boshlandi...
Eslatma yuborish uchun buyurtma topilmadi.
19.03.2026 22:20:02 — To'lanmagan buyurtmalarga eslatma yuborish boshlandi...
Eslatma yuborish uchun buyurtma topilmadi.
19.03.2026 22:30:02 — To'lanmagan buyurtmalarga eslatma yuborish boshlandi...

   Illuminate\Database\QueryException 

  SQLSTATE[HY000] [2002] Connection refused (Connection: mysql, SQL: select * from `solds` where `paymentStatus` = 1 and `status` = A and `created_at` >= 2026-03-19 21:30:02)

  at vendor/laravel/framework/src/Illuminate/Database/Connection.php:825
    821▕                     $this->getName(), $query, $this->prepareBindings($bindings), $e
    822▕                 );
    823▕             }
    824▕ 
  ➜ 825▕             throw new QueryException(
    826▕                 $this->getName(), $query, $this->prepareBindings($bindings), $e
    827▕             );
    828▕         }
    829▕     }

      [2m+22 vendor frames [22m

  23  app/Console/Commands/RemindUnpaidOrders.php:129
      Illuminate\Database\Eloquent\Builder::get()
      [2m+13 vendor frames [22m

  37  artisan:13
      Illuminate\Foundation\Application::handleCommand()

19.03.2026 22:40:02 — To'lanmagan buyurtmalarga eslatma yuborish boshlandi...
Eslatma yuborish uchun buyurtma topilmadi.
19.03.2026 22:50:02 — To'lanmagan buyurtmalarga eslatma yuborish boshlandi...
Eslatma yuborish uchun buyurtma topilmadi.
19.03.2026 23:00:02 — To'lanmagan buyurtmalarga eslatma yuborish boshlandi...

   Illuminate\Database\QueryException 

  SQLSTATE[HY000] [2002] Connection refused (Connection: mysql, SQL: select * from `solds` where `paymentStatus` = 1 and `status` = A and `created_at` >= 2026-03-19 22:00:02)

  at vendor/laravel/framework/src/Illuminate/Database/Connection.php:825
    821▕                     $this->getName(), $query, $this->prepareBindings($bindings), $e
    822▕                 );
    823▕             }
    824▕ 
  ➜ 825▕             throw new QueryException(
    826▕                 $this->getName(), $query, $this->prepareBindings($bindings), $e
    827▕             );
    828▕         }
    829▕     }

      [2m+22 vendor frames [22m

  23  app/Console/Commands/RemindUnpaidOrders.php:129
      Illuminate\Database\Eloquent\Builder::get()
      [2m+13 vendor frames [22m

  37  artisan:13
      Illuminate\Foundation\Application::handleCommand()

19.03.2026 23:10:02 — To'lanmagan buyurtmalarga eslatma yuborish boshlandi...
Eslatma yuborish uchun buyurtma topilmadi.
19.03.2026 23:20:02 — To'lanmagan buyurtmalarga eslatma yuborish boshlandi...
Eslatma yuborish uchun buyurtma topilmadi.
19.03.2026 23:30:02 — To'lanmagan buyurtmalarga eslatma yuborish boshlandi...

   Illuminate\Database\QueryException 

  SQLSTATE[HY000] [2002] Connection refused (Connection: mysql, SQL: select * from `solds` where `paymentStatus` = 1 and `status` = A and `created_at` >= 2026-03-19 22:30:02)

  at vendor/laravel/framework/src/Illuminate/Database/Connection.php:825
    821▕                     $this->getName(), $query, $this->prepareBindings($bindings), $e
    822▕                 );
    823▕             }
    824▕ 
  ➜ 825▕             throw new QueryException(
    826▕                 $this->getName(), $query, $this->prepareBindings($bindings), $e
    827▕             );
    828▕         }
    829▕     }

      [2m+22 vendor frames [22m

  23  app/Console/Commands/RemindUnpaidOrders.php:129
      Illuminate\Database\Eloquent\Builder::get()
      [2m+13 vendor frames [22m

  37  artisan:13
      Illuminate\Foundation\Application::handleCommand()

19.03.2026 23:40:02 — To'lanmagan buyurtmalarga eslatma yuborish boshlandi...
Eslatma yuborish uchun buyurtma topilmadi.
19.03.2026 23:50:02 — To'lanmagan buyurtmalarga eslatma yuborish boshlandi...
Eslatma yuborish uchun buyurtma topilmadi.
20.03.2026 00:00:03 — To'lanmagan buyurtmalarga eslatma yuborish boshlandi...

   Illuminate\Database\QueryException 

  SQLSTATE[HY000] [2002] Connection refused (Connection: mysql, SQL: select * from `solds` where `paymentStatus` = 1 and `status` = A and `created_at` >= 2026-03-19 23:00:03)

  at vendor/laravel/framework/src/Illuminate/Database/Connection.php:825
    821▕                     $this->getName(), $query, $this->prepareBindings($bindings), $e
    822▕                 );
    823▕             }
    824▕ 
  ➜ 825▕             throw new QueryException(
    826▕                 $this->getName(), $query, $this->prepareBindings($bindings), $e
    827▕             );
    828▕         }
    829▕     }

      [2m+22 vendor frames [22m

  23  app/Console/Commands/RemindUnpaidOrders.php:129
      Illuminate\Database\Eloquent\Builder::get()
      [2m+13 vendor frames [22m

  37  artisan:13
      Illuminate\Foundation\Application::handleCommand()

20.03.2026 00:10:02 — To'lanmagan buyurtmalarga eslatma yuborish boshlandi...
Eslatma yuborish uchun buyurtma topilmadi.
20.03.2026 00:20:02 — To'lanmagan buyurtmalarga eslatma yuborish boshlandi...
Eslatma yuborish uchun buyurtma topilmadi.
20.03.2026 00:30:02 — To'lanmagan buyurtmalarga eslatma yuborish boshlandi...

   Illuminate\Database\QueryException 

  SQLSTATE[HY000] [2002] Connection refused (Connection: mysql, SQL: select * from `solds` where `paymentStatus` = 1 and `status` = A and `created_at` >= 2026-03-19 23:30:02)

  at vendor/laravel/framework/src/Illuminate/Database/Connection.php:825
    821▕                     $this->getName(), $query, $this->prepareBindings($bindings), $e
    822▕                 );
    823▕             }
    824▕ 
  ➜ 825▕             throw new QueryException(
    826▕                 $this->getName(), $query, $this->prepareBindings($bindings), $e
    827▕             );
    828▕         }
    829▕     }

      [2m+22 vendor frames [22m

  23  app/Console/Commands/RemindUnpaidOrders.php:129
      Illuminate\Database\Eloquent\Builder::get()
      [2m+13 vendor frames [22m

  37  artisan:13
      Illuminate\Foundation\Application::handleCommand()

20.03.2026 00:40:02 — To'lanmagan buyurtmalarga eslatma yuborish boshlandi...
Eslatma yuborish uchun buyurtma topilmadi.
20.03.2026 00:50:02 — To'lanmagan buyurtmalarga eslatma yuborish boshlandi...
Eslatma yuborish uchun buyurtma topilmadi.
20.03.2026 01:00:02 — To'lanmagan buyurtmalarga eslatma yuborish boshlandi...

   Illuminate\Database\QueryException 

  SQLSTATE[HY000] [2002] Connection refused (Connection: mysql, SQL: select * from `solds` where `paymentStatus` = 1 and `status` = A and `created_at` >= 2026-03-20 00:00:02)

  at vendor/laravel/framework/src/Illuminate/Database/Connection.php:825
    821▕                     $this->getName(), $query, $this->prepareBindings($bindings), $e
    822▕                 );
    823▕             }
    824▕ 
  ➜ 825▕             throw new QueryException(
    826▕                 $this->getName(), $query, $this->prepareBindings($bindings), $e
    827▕             );
    828▕         }
    829▕     }

      [2m+22 vendor frames [22m

  23  app/Console/Commands/RemindUnpaidOrders.php:129
      Illuminate\Database\Eloquent\Builder::get()
      [2m+13 vendor frames [22m

  37  artisan:13
      Illuminate\Foundation\Application::handleCommand()

20.03.2026 01:10:02 — To'lanmagan buyurtmalarga eslatma yuborish boshlandi...
Eslatma yuborish uchun buyurtma topilmadi.
20.03.2026 01:20:02 — To'lanmagan buyurtmalarga eslatma yuborish boshlandi...
Eslatma yuborish uchun buyurtma topilmadi.
20.03.2026 01:30:02 — To'lanmagan buyurtmalarga eslatma yuborish boshlandi...

   Illuminate\Database\QueryException 

  SQLSTATE[HY000] [2002] Connection refused (Connection: mysql, SQL: select * from `solds` where `paymentStatus` = 1 and `status` = A and `created_at` >= 2026-03-20 00:30:02)

  at vendor/laravel/framework/src/Illuminate/Database/Connection.php:825
    821▕                     $this->getName(), $query, $this->prepareBindings($bindings), $e
    822▕                 );
    823▕             }
    824▕ 
  ➜ 825▕             throw new QueryException(
    826▕                 $this->getName(), $query, $this->prepareBindings($bindings), $e
    827▕             );
    828▕         }
    829▕     }

      [2m+22 vendor frames [22m

  23  app/Console/Commands/RemindUnpaidOrders.php:129
      Illuminate\Database\Eloquent\Builder::get()
      [2m+13 vendor frames [22m

  37  artisan:13
      Illuminate\Foundation\Application::handleCommand()

20.03.2026 01:40:02 — To'lanmagan buyurtmalarga eslatma yuborish boshlandi...
Eslatma yuborish uchun buyurtma topilmadi.
20.03.2026 01:50:02 — To'lanmagan buyurtmalarga eslatma yuborish boshlandi...
Eslatma yuborish uchun buyurtma topilmadi.
20.03.2026 02:00:03 — To'lanmagan buyurtmalarga eslatma yuborish boshlandi...

   Illuminate\Database\QueryException 

  SQLSTATE[HY000] [2002] Connection refused (Connection: mysql, SQL: select * from `solds` where `paymentStatus` = 1 and `status` = A and `created_at` >= 2026-03-20 01:00:03)

  at vendor/laravel/framework/src/Illuminate/Database/Connection.php:825
    821▕                     $this->getName(), $query, $this->prepareBindings($bindings), $e
    822▕                 );
    823▕             }
    824▕ 
  ➜ 825▕             throw new QueryException(
    826▕                 $this->getName(), $query, $this->prepareBindings($bindings), $e
    827▕             );
    828▕         }
    829▕     }

      [2m+22 vendor frames [22m

  23  app/Console/Commands/RemindUnpaidOrders.php:129
      Illuminate\Database\Eloquent\Builder::get()
      [2m+13 vendor frames [22m

  37  artisan:13
      Illuminate\Foundation\Application::handleCommand()

20.03.2026 02:10:02 — To'lanmagan buyurtmalarga eslatma yuborish boshlandi...
Eslatma yuborish uchun buyurtma topilmadi.
20.03.2026 02:20:01 — To'lanmagan buyurtmalarga eslatma yuborish boshlandi...
Eslatma yuborish uchun buyurtma topilmadi.
20.03.2026 02:30:02 — To'lanmagan buyurtmalarga eslatma yuborish boshlandi...

   Illuminate\Database\QueryException 

  SQLSTATE[HY000] [2002] Connection refused (Connection: mysql, SQL: select * from `solds` where `paymentStatus` = 1 and `status` = A and `created_at` >= 2026-03-20 01:30:02)

  at vendor/laravel/framework/src/Illuminate/Database/Connection.php:825
    821▕                     $this->getName(), $query, $this->prepareBindings($bindings), $e
    822▕                 );
    823▕             }
    824▕ 
  ➜ 825▕             throw new QueryException(
    826▕                 $this->getName(), $query, $this->prepareBindings($bindings), $e
    827▕             );
    828▕         }
    829▕     }

      [2m+22 vendor frames [22m

  23  app/Console/Commands/RemindUnpaidOrders.php:129
      Illuminate\Database\Eloquent\Builder::get()
      [2m+13 vendor frames [22m

  37  artisan:13
      Illuminate\Foundation\Application::handleCommand()

20.03.2026 02:40:02 — To'lanmagan buyurtmalarga eslatma yuborish boshlandi...
Eslatma yuborish uchun buyurtma topilmadi.
20.03.2026 02:50:02 — To'lanmagan buyurtmalarga eslatma yuborish boshlandi...
Eslatma yuborish uchun buyurtma topilmadi.
20.03.2026 03:00:03 — To'lanmagan buyurtmalarga eslatma yuborish boshlandi...

   Illuminate\Database\QueryException 

  SQLSTATE[HY000] [2002] Connection refused (Connection: mysql, SQL: select * from `solds` where `paymentStatus` = 1 and `status` = A and `created_at` >= 2026-03-20 02:00:03)

  at vendor/laravel/framework/src/Illuminate/Database/Connection.php:825
    821▕                     $this->getName(), $query, $this->prepareBindings($bindings), $e
    822▕                 );
    823▕             }
    824▕ 
  ➜ 825▕             throw new QueryException(
    826▕                 $this->getName(), $query, $this->prepareBindings($bindings), $e
    827▕             );
    828▕         }
    829▕     }

      [2m+22 vendor frames [22m

  23  app/Console/Commands/RemindUnpaidOrders.php:129
      Illuminate\Database\Eloquent\Builder::get()
      [2m+13 vendor frames [22m

  37  artisan:13
      Illuminate\Foundation\Application::handleCommand()

20.03.2026 03:10:02 — To'lanmagan buyurtmalarga eslatma yuborish boshlandi...
Eslatma yuborish uchun buyurtma topilmadi.
20.03.2026 03:20:02 — To'lanmagan buyurtmalarga eslatma yuborish boshlandi...
Eslatma yuborish uchun buyurtma topilmadi.
20.03.2026 03:30:01 — To'lanmagan buyurtmalarga eslatma yuborish boshlandi...

   Illuminate\Database\QueryException 

  SQLSTATE[HY000] [2002] Connection refused (Connection: mysql, SQL: select * from `solds` where `paymentStatus` = 1 and `status` = A and `created_at` >= 2026-03-20 02:30:01)

  at vendor/laravel/framework/src/Illuminate/Database/Connection.php:825
    821▕                     $this->getName(), $query, $this->prepareBindings($bindings), $e
    822▕                 );
    823▕             }
    824▕ 
  ➜ 825▕             throw new QueryException(
    826▕                 $this->getName(), $query, $this->prepareBindings($bindings), $e
    827▕             );
    828▕         }
    829▕     }

      [2m+22 vendor frames [22m

  23  app/Console/Commands/RemindUnpaidOrders.php:129
      Illuminate\Database\Eloquent\Builder::get()
      [2m+13 vendor frames [22m

  37  artisan:13
      Illuminate\Foundation\Application::handleCommand()

20.03.2026 03:40:02 — To'lanmagan buyurtmalarga eslatma yuborish boshlandi...
Eslatma yuborish uchun buyurtma topilmadi.
20.03.2026 03:50:02 — To'lanmagan buyurtmalarga eslatma yuborish boshlandi...
Eslatma yuborish uchun buyurtma topilmadi.
20.03.2026 04:00:02 — To'lanmagan buyurtmalarga eslatma yuborish boshlandi...

   Illuminate\Database\QueryException 

  SQLSTATE[HY000] [2002] Connection refused (Connection: mysql, SQL: select * from `solds` where `paymentStatus` = 1 and `status` = A and `created_at` >= 2026-03-20 03:00:02)

  at vendor/laravel/framework/src/Illuminate/Database/Connection.php:825
    821▕                     $this->getName(), $query, $this->prepareBindings($bindings), $e
    822▕                 );
    823▕             }
    824▕ 
  ➜ 825▕             throw new QueryException(
    826▕                 $this->getName(), $query, $this->prepareBindings($bindings), $e
    827▕             );
    828▕         }
    829▕     }

      [2m+22 vendor frames [22m

  23  app/Console/Commands/RemindUnpaidOrders.php:129
      Illuminate\Database\Eloquent\Builder::get()
      [2m+13 vendor frames [22m

  37  artisan:13
      Illuminate\Foundation\Application::handleCommand()

20.03.2026 04:10:02 — To'lanmagan buyurtmalarga eslatma yuborish boshlandi...
Eslatma yuborish uchun buyurtma topilmadi.
20.03.2026 04:20:02 — To'lanmagan buyurtmalarga eslatma yuborish boshlandi...
Eslatma yuborish uchun buyurtma topilmadi.
20.03.2026 04:30:02 — To'lanmagan buyurtmalarga eslatma yuborish boshlandi...

   Illuminate\Database\QueryException 

  SQLSTATE[HY000] [2002] Connection refused (Connection: mysql, SQL: select * from `solds` where `paymentStatus` = 1 and `status` = A and `created_at` >= 2026-03-20 03:30:02)

  at vendor/laravel/framework/src/Illuminate/Database/Connection.php:825
    821▕                     $this->getName(), $query, $this->prepareBindings($bindings), $e
    822▕                 );
    823▕             }
    824▕ 
  ➜ 825▕             throw new QueryException(
    826▕                 $this->getName(), $query, $this->prepareBindings($bindings), $e
    827▕             );
    828▕         }
    829▕     }

      [2m+22 vendor frames [22m

  23  app/Console/Commands/RemindUnpaidOrders.php:129
      Illuminate\Database\Eloquent\Builder::get()
      [2m+13 vendor frames [22m

  37  artisan:13
      Illuminate\Foundation\Application::handleCommand()

20.03.2026 04:40:02 — To'lanmagan buyurtmalarga eslatma yuborish boshlandi...
Eslatma yuborish uchun buyurtma topilmadi.
20.03.2026 04:50:02 — To'lanmagan buyurtmalarga eslatma yuborish boshlandi...
Eslatma yuborish uchun buyurtma topilmadi.
20.03.2026 05:00:03 — To'lanmagan buyurtmalarga eslatma yuborish boshlandi...

   Illuminate\Database\QueryException 

  SQLSTATE[HY000] [2002] Connection refused (Connection: mysql, SQL: select * from `solds` where `paymentStatus` = 1 and `status` = A and `created_at` >= 2026-03-20 04:00:03)

  at vendor/laravel/framework/src/Illuminate/Database/Connection.php:825
    821▕                     $this->getName(), $query, $this->prepareBindings($bindings), $e
    822▕                 );
    823▕             }
    824▕ 
  ➜ 825▕             throw new QueryException(
    826▕                 $this->getName(), $query, $this->prepareBindings($bindings), $e
    827▕             );
    828▕         }
    829▕     }

      [2m+22 vendor frames [22m

  23  app/Console/Commands/RemindUnpaidOrders.php:129
      Illuminate\Database\Eloquent\Builder::get()
      [2m+13 vendor frames [22m

  37  artisan:13
      Illuminate\Foundation\Application::handleCommand()

20.03.2026 05:10:02 — To'lanmagan buyurtmalarga eslatma yuborish boshlandi...
Eslatma yuborish uchun buyurtma topilmadi.
20.03.2026 05:20:02 — To'lanmagan buyurtmalarga eslatma yuborish boshlandi...
Eslatma yuborish uchun buyurtma topilmadi.
20.03.2026 05:30:03 — To'lanmagan buyurtmalarga eslatma yuborish boshlandi...

   Illuminate\Database\QueryException 

  SQLSTATE[HY000] [2002] Connection refused (Connection: mysql, SQL: select * from `solds` where `paymentStatus` = 1 and `status` = A and `created_at` >= 2026-03-20 04:30:03)

  at vendor/laravel/framework/src/Illuminate/Database/Connection.php:825
    821▕                     $this->getName(), $query, $this->prepareBindings($bindings), $e
    822▕                 );
    823▕             }
    824▕ 
  ➜ 825▕             throw new QueryException(
    826▕                 $this->getName(), $query, $this->prepareBindings($bindings), $e
    827▕             );
    828▕         }
    829▕     }

      [2m+22 vendor frames [22m

  23  app/Console/Commands/RemindUnpaidOrders.php:129
      Illuminate\Database\Eloquent\Builder::get()
      [2m+13 vendor frames [22m

  37  artisan:13
      Illuminate\Foundation\Application::handleCommand()

20.03.2026 05:40:02 — To'lanmagan buyurtmalarga eslatma yuborish boshlandi...
Eslatma yuborish uchun buyurtma topilmadi.
20.03.2026 05:50:01 — To'lanmagan buyurtmalarga eslatma yuborish boshlandi...
Eslatma yuborish uchun buyurtma topilmadi.
20.03.2026 06:00:02 — To'lanmagan buyurtmalarga eslatma yuborish boshlandi...

   Illuminate\Database\QueryException 

  SQLSTATE[HY000] [2002] Connection refused (Connection: mysql, SQL: select * from `solds` where `paymentStatus` = 1 and `status` = A and `created_at` >= 2026-03-20 05:00:02)

  at vendor/laravel/framework/src/Illuminate/Database/Connection.php:825
    821▕                     $this->getName(), $query, $this->prepareBindings($bindings), $e
    822▕                 );
    823▕             }
    824▕ 
  ➜ 825▕             throw new QueryException(
    826▕                 $this->getName(), $query, $this->prepareBindings($bindings), $e
    827▕             );
    828▕         }
    829▕     }

      [2m+22 vendor frames [22m

  23  app/Console/Commands/RemindUnpaidOrders.php:129
      Illuminate\Database\Eloquent\Builder::get()
      [2m+13 vendor frames [22m

  37  artisan:13
      Illuminate\Foundation\Application::handleCommand()

20.03.2026 06:10:01 — To'lanmagan buyurtmalarga eslatma yuborish boshlandi...
Eslatma yuborish uchun buyurtma topilmadi.
20.03.2026 06:20:02 — To'lanmagan buyurtmalarga eslatma yuborish boshlandi...
Eslatma yuborish uchun buyurtma topilmadi.
20.03.2026 06:30:02 — To'lanmagan buyurtmalarga eslatma yuborish boshlandi...

   Illuminate\Database\QueryException 

  SQLSTATE[HY000] [2002] Connection refused (Connection: mysql, SQL: select * from `solds` where `paymentStatus` = 1 and `status` = A and `created_at` >= 2026-03-20 05:30:02)

  at vendor/laravel/framework/src/Illuminate/Database/Connection.php:825
    821▕                     $this->getName(), $query, $this->prepareBindings($bindings), $e
    822▕                 );
    823▕             }
    824▕ 
  ➜ 825▕             throw new QueryException(
    826▕                 $this->getName(), $query, $this->prepareBindings($bindings), $e
    827▕             );
    828▕         }
    829▕     }

      [2m+22 vendor frames [22m

  23  app/Console/Commands/RemindUnpaidOrders.php:129
      Illuminate\Database\Eloquent\Builder::get()
      [2m+13 vendor frames [22m

  37  artisan:13
      Illuminate\Foundation\Application::handleCommand()

20.03.2026 06:40:02 — To'lanmagan buyurtmalarga eslatma yuborish boshlandi...
Eslatma yuborish uchun buyurtma topilmadi.
20.03.2026 06:50:02 — To'lanmagan buyurtmalarga eslatma yuborish boshlandi...
Eslatma yuborish uchun buyurtma topilmadi.
20.03.2026 07:00:02 — To'lanmagan buyurtmalarga eslatma yuborish boshlandi...

   Illuminate\Database\QueryException 

  SQLSTATE[HY000] [2002] Connection refused (Connection: mysql, SQL: select * from `solds` where `paymentStatus` = 1 and `status` = A and `created_at` >= 2026-03-20 06:00:02)

  at vendor/laravel/framework/src/Illuminate/Database/Connection.php:825
    821▕                     $this->getName(), $query, $this->prepareBindings($bindings), $e
    822▕                 );
    823▕             }
    824▕ 
  ➜ 825▕             throw new QueryException(
    826▕                 $this->getName(), $query, $this->prepareBindings($bindings), $e
    827▕             );
    828▕         }
    829▕     }

      [2m+22 vendor frames [22m

  23  app/Console/Commands/RemindUnpaidOrders.php:129
      Illuminate\Database\Eloquent\Builder::get()
      [2m+13 vendor frames [22m

  37  artisan:13
      Illuminate\Foundation\Application::handleCommand()

20.03.2026 07:10:02 — To'lanmagan buyurtmalarga eslatma yuborish boshlandi...
Eslatma yuborish uchun buyurtma topilmadi.
20.03.2026 07:20:02 — To'lanmagan buyurtmalarga eslatma yuborish boshlandi...
Eslatma yuborish uchun buyurtma topilmadi.
20.03.2026 07:30:02 — To'lanmagan buyurtmalarga eslatma yuborish boshlandi...

   Illuminate\Database\QueryException 

  SQLSTATE[HY000] [2002] Connection refused (Connection: mysql, SQL: select * from `solds` where `paymentStatus` = 1 and `status` = A and `created_at` >= 2026-03-20 06:30:02)

  at vendor/laravel/framework/src/Illuminate/Database/Connection.php:825
    821▕                     $this->getName(), $query, $this->prepareBindings($bindings), $e
    822▕                 );
    823▕             }
    824▕ 
  ➜ 825▕             throw new QueryException(
    826▕                 $this->getName(), $query, $this->prepareBindings($bindings), $e
    827▕             );
    828▕         }
    829▕     }

      [2m+22 vendor frames [22m

  23  app/Console/Commands/RemindUnpaidOrders.php:129
      Illuminate\Database\Eloquent\Builder::get()
      [2m+13 vendor frames [22m

  37  artisan:13
      Illuminate\Foundation\Application::handleCommand()

20.03.2026 07:40:02 — To'lanmagan buyurtmalarga eslatma yuborish boshlandi...
Eslatma yuborish uchun buyurtma topilmadi.
20.03.2026 07:50:02 — To'lanmagan buyurtmalarga eslatma yuborish boshlandi...
Eslatma yuborish uchun buyurtma topilmadi.
20.03.2026 08:00:02 — To'lanmagan buyurtmalarga eslatma yuborish boshlandi...

   Illuminate\Database\QueryException 

  SQLSTATE[HY000] [2002] Connection refused (Connection: mysql, SQL: select * from `solds` where `paymentStatus` = 1 and `status` = A and `created_at` >= 2026-03-20 07:00:02)

  at vendor/laravel/framework/src/Illuminate/Database/Connection.php:825
    821▕                     $this->getName(), $query, $this->prepareBindings($bindings), $e
    822▕                 );
    823▕             }
    824▕ 
  ➜ 825▕             throw new QueryException(
    826▕                 $this->getName(), $query, $this->prepareBindings($bindings), $e
    827▕             );
    828▕         }
    829▕     }

      [2m+22 vendor frames [22m

  23  app/Console/Commands/RemindUnpaidOrders.php:129
      Illuminate\Database\Eloquent\Builder::get()
      [2m+13 vendor frames [22m

  37  artisan:13
      Illuminate\Foundation\Application::handleCommand()

20.03.2026 08:10:02 — To'lanmagan buyurtmalarga eslatma yuborish boshlandi...
Eslatma yuborish uchun buyurtma topilmadi.
20.03.2026 08:20:02 — To'lanmagan buyurtmalarga eslatma yuborish boshlandi...
Eslatma yuborish uchun buyurtma topilmadi.
20.03.2026 08:30:02 — To'lanmagan buyurtmalarga eslatma yuborish boshlandi...

   Illuminate\Database\QueryException 

  SQLSTATE[HY000] [2002] Connection refused (Connection: mysql, SQL: select * from `solds` where `paymentStatus` = 1 and `status` = A and `created_at` >= 2026-03-20 07:30:02)

  at vendor/laravel/framework/src/Illuminate/Database/Connection.php:825
    821▕                     $this->getName(), $query, $this->prepareBindings($bindings), $e
    822▕                 );
    823▕             }
    824▕ 
  ➜ 825▕             throw new QueryException(
    826▕                 $this->getName(), $query, $this->prepareBindings($bindings), $e
    827▕             );
    828▕         }
    829▕     }

      [2m+22 vendor frames [22m

  23  app/Console/Commands/RemindUnpaidOrders.php:129
      Illuminate\Database\Eloquent\Builder::get()
      [2m+13 vendor frames [22m

  37  artisan:13
      Illuminate\Foundation\Application::handleCommand()

20.03.2026 08:40:02 — To'lanmagan buyurtmalarga eslatma yuborish boshlandi...
Eslatma yuborish uchun buyurtma topilmadi.
20.03.2026 08:50:02 — To'lanmagan buyurtmalarga eslatma yuborish boshlandi...
Eslatma yuborish uchun buyurtma topilmadi.
20.03.2026 09:00:02 — To'lanmagan buyurtmalarga eslatma yuborish boshlandi...

   Illuminate\Database\QueryException 

  SQLSTATE[HY000] [2002] Connection refused (Connection: mysql, SQL: select * from `solds` where `paymentStatus` = 1 and `status` = A and `created_at` >= 2026-03-20 08:00:02)

  at vendor/laravel/framework/src/Illuminate/Database/Connection.php:825
    821▕                     $this->getName(), $query, $this->prepareBindings($bindings), $e
    822▕                 );
    823▕             }
    824▕ 
  ➜ 825▕             throw new QueryException(
    826▕                 $this->getName(), $query, $this->prepareBindings($bindings), $e
    827▕             );
    828▕         }
    829▕     }

      [2m+22 vendor frames [22m

  23  app/Console/Commands/RemindUnpaidOrders.php:129
      Illuminate\Database\Eloquent\Builder::get()
      [2m+13 vendor frames [22m

  37  artisan:13
      Illuminate\Foundation\Application::handleCommand()

20.03.2026 09:10:02 — To'lanmagan buyurtmalarga eslatma yuborish boshlandi...
Eslatma yuborish uchun buyurtma topilmadi.
20.03.2026 09:20:02 — To'lanmagan buyurtmalarga eslatma yuborish boshlandi...
Eslatma yuborish uchun buyurtma topilmadi.
20.03.2026 09:30:02 — To'lanmagan buyurtmalarga eslatma yuborish boshlandi...

   Illuminate\Database\QueryException 

  SQLSTATE[HY000] [2002] Connection refused (Connection: mysql, SQL: select * from `solds` where `paymentStatus` = 1 and `status` = A and `created_at` >= 2026-03-20 08:30:02)

  at vendor/laravel/framework/src/Illuminate/Database/Connection.php:825
    821▕                     $this->getName(), $query, $this->prepareBindings($bindings), $e
    822▕                 );
    823▕             }
    824▕ 
  ➜ 825▕             throw new QueryException(
    826▕                 $this->getName(), $query, $this->prepareBindings($bindings), $e
    827▕             );
    828▕         }
    829▕     }

      [2m+22 vendor frames [22m

  23  app/Console/Commands/RemindUnpaidOrders.php:129
      Illuminate\Database\Eloquent\Builder::get()
      [2m+13 vendor frames [22m

  37  artisan:13
      Illuminate\Foundation\Application::handleCommand()

20.03.2026 09:40:02 — To'lanmagan buyurtmalarga eslatma yuborish boshlandi...
Eslatma yuborish uchun buyurtma topilmadi.
20.03.2026 09:50:02 — To'lanmagan buyurtmalarga eslatma yuborish boshlandi...
Eslatma yuborish uchun buyurtma topilmadi.
20.03.2026 10:00:02 — To'lanmagan buyurtmalarga eslatma yuborish boshlandi...

   Illuminate\Database\QueryException 

  SQLSTATE[HY000] [2002] Connection refused (Connection: mysql, SQL: select * from `solds` where `paymentStatus` = 1 and `status` = A and `created_at` >= 2026-03-20 09:00:02)

  at vendor/laravel/framework/src/Illuminate/Database/Connection.php:825
    821▕                     $this->getName(), $query, $this->prepareBindings($bindings), $e
    822▕                 );
    823▕             }
    824▕ 
  ➜ 825▕             throw new QueryException(
    826▕                 $this->getName(), $query, $this->prepareBindings($bindings), $e
    827▕             );
    828▕         }
    829▕     }

      [2m+22 vendor frames [22m

  23  app/Console/Commands/RemindUnpaidOrders.php:129
      Illuminate\Database\Eloquent\Builder::get()
      [2m+13 vendor frames [22m

  37  artisan:13
      Illuminate\Foundation\Application::handleCommand()

20.03.2026 10:10:02 — To'lanmagan buyurtmalarga eslatma yuborish boshlandi...
Eslatma yuborish uchun buyurtma topilmadi.
20.03.2026 10:20:02 — To'lanmagan buyurtmalarga eslatma yuborish boshlandi...
Eslatma yuborish uchun buyurtma topilmadi.
20.03.2026 10:30:02 — To'lanmagan buyurtmalarga eslatma yuborish boshlandi...

   Illuminate\Database\QueryException 

  SQLSTATE[HY000] [2002] Connection refused (Connection: mysql, SQL: select * from `solds` where `paymentStatus` = 1 and `status` = A and `created_at` >= 2026-03-20 09:30:02)

  at vendor/laravel/framework/src/Illuminate/Database/Connection.php:825
    821▕                     $this->getName(), $query, $this->prepareBindings($bindings), $e
    822▕                 );
    823▕             }
    824▕ 
  ➜ 825▕             throw new QueryException(
    826▕                 $this->getName(), $query, $this->prepareBindings($bindings), $e
    827▕             );
    828▕         }
    829▕     }

      [2m+22 vendor frames [22m

  23  app/Console/Commands/RemindUnpaidOrders.php:129
      Illuminate\Database\Eloquent\Builder::get()
      [2m+13 vendor frames [22m

  37  artisan:13
      Illuminate\Foundation\Application::handleCommand()

20.03.2026 10:40:02 — To'lanmagan buyurtmalarga eslatma yuborish boshlandi...
Eslatma yuborish uchun buyurtma topilmadi.
20.03.2026 10:50:02 — To'lanmagan buyurtmalarga eslatma yuborish boshlandi...
Eslatma yuborish uchun buyurtma topilmadi.
20.03.2026 11:00:02 — To'lanmagan buyurtmalarga eslatma yuborish boshlandi...

   Illuminate\Database\QueryException 

  SQLSTATE[HY000] [2002] Connection refused (Connection: mysql, SQL: select * from `solds` where `paymentStatus` = 1 and `status` = A and `created_at` >= 2026-03-20 10:00:02)

  at vendor/laravel/framework/src/Illuminate/Database/Connection.php:825
    821▕                     $this->getName(), $query, $this->prepareBindings($bindings), $e
    822▕                 );
    823▕             }
    824▕ 
  ➜ 825▕             throw new QueryException(
    826▕                 $this->getName(), $query, $this->prepareBindings($bindings), $e
    827▕             );
    828▕         }
    829▕     }

      [2m+22 vendor frames [22m

  23  app/Console/Commands/RemindUnpaidOrders.php:129
      Illuminate\Database\Eloquent\Builder::get()
      [2m+13 vendor frames [22m

  37  artisan:13
      Illuminate\Foundation\Application::handleCommand()

20.03.2026 11:10:02 — To'lanmagan buyurtmalarga eslatma yuborish boshlandi...
Eslatma yuborish uchun buyurtma topilmadi.
20.03.2026 11:20:02 — To'lanmagan buyurtmalarga eslatma yuborish boshlandi...
Eslatma yuborish uchun buyurtma topilmadi.
20.03.2026 11:30:02 — To'lanmagan buyurtmalarga eslatma yuborish boshlandi...
Eslatma yuborish uchun buyurtma topilmadi.
20.03.2026 11:40:02 — To'lanmagan buyurtmalarga eslatma yuborish boshlandi...
Eslatma yuborish uchun buyurtma topilmadi.
20.03.2026 11:50:02 — To'lanmagan buyurtmalarga eslatma yuborish boshlandi...
Eslatma yuborish uchun buyurtma topilmadi.
20.03.2026 12:00:03 — To'lanmagan buyurtmalarga eslatma yuborish boshlandi...

   Illuminate\Database\QueryException 

  SQLSTATE[HY000] [2002] Connection refused (Connection: mysql, SQL: select * from `solds` where `paymentStatus` = 1 and `status` = A and `created_at` >= 2026-03-20 11:00:03)

  at vendor/laravel/framework/src/Illuminate/Database/Connection.php:825
    821▕                     $this->getName(), $query, $this->prepareBindings($bindings), $e
    822▕                 );
    823▕             }
    824▕ 
  ➜ 825▕             throw new QueryException(
    826▕                 $this->getName(), $query, $this->prepareBindings($bindings), $e
    827▕             );
    828▕         }
    829▕     }

      [2m+22 vendor frames [22m

  23  app/Console/Commands/RemindUnpaidOrders.php:129
      Illuminate\Database\Eloquent\Builder::get()
      [2m+13 vendor frames [22m

  37  artisan:13
      Illuminate\Foundation\Application::handleCommand()

20.03.2026 12:10:02 — To'lanmagan buyurtmalarga eslatma yuborish boshlandi...
Eslatma yuborish uchun buyurtma topilmadi.
20.03.2026 12:20:02 — To'lanmagan buyurtmalarga eslatma yuborish boshlandi...
Eslatma yuborish uchun buyurtma topilmadi.
20.03.2026 12:30:02 — To'lanmagan buyurtmalarga eslatma yuborish boshlandi...

   Illuminate\Database\QueryException 

  SQLSTATE[HY000] [2002] Connection refused (Connection: mysql, SQL: select * from `solds` where `paymentStatus` = 1 and `status` = A and `created_at` >= 2026-03-20 11:30:02)

  at vendor/laravel/framework/src/Illuminate/Database/Connection.php:825
    821▕                     $this->getName(), $query, $this->prepareBindings($bindings), $e
    822▕                 );
    823▕             }
    824▕ 
  ➜ 825▕             throw new QueryException(
    826▕                 $this->getName(), $query, $this->prepareBindings($bindings), $e
    827▕             );
    828▕         }
    829▕     }

      [2m+22 vendor frames [22m

  23  app/Console/Commands/RemindUnpaidOrders.php:129
      Illuminate\Database\Eloquent\Builder::get()
      [2m+13 vendor frames [22m

  37  artisan:13
      Illuminate\Foundation\Application::handleCommand()

20.03.2026 12:40:02 — To'lanmagan buyurtmalarga eslatma yuborish boshlandi...
Eslatma yuborish uchun buyurtma topilmadi.
20.03.2026 12:50:02 — To'lanmagan buyurtmalarga eslatma yuborish boshlandi...
Eslatma yuborish uchun buyurtma topilmadi.
20.03.2026 13:00:02 — To'lanmagan buyurtmalarga eslatma yuborish boshlandi...

   Illuminate\Database\QueryException 

  SQLSTATE[HY000] [2002] Connection refused (Connection: mysql, SQL: select * from `solds` where `paymentStatus` = 1 and `status` = A and `created_at` >= 2026-03-20 12:00:02)

  at vendor/laravel/framework/src/Illuminate/Database/Connection.php:825
    821▕                     $this->getName(), $query, $this->prepareBindings($bindings), $e
    822▕                 );
    823▕             }
    824▕ 
  ➜ 825▕             throw new QueryException(
    826▕                 $this->getName(), $query, $this->prepareBindings($bindings), $e
    827▕             );
    828▕         }
    829▕     }

      [2m+22 vendor frames [22m

  23  app/Console/Commands/RemindUnpaidOrders.php:129
      Illuminate\Database\Eloquent\Builder::get()
      [2m+13 vendor frames [22m

  37  artisan:13
      Illuminate\Foundation\Application::handleCommand()

20.03.2026 13:10:02 — To'lanmagan buyurtmalarga eslatma yuborish boshlandi...
Eslatma yuborish uchun buyurtma topilmadi.
20.03.2026 13:20:02 — To'lanmagan buyurtmalarga eslatma yuborish boshlandi...
Eslatma yuborish uchun buyurtma topilmadi.
20.03.2026 13:30:02 — To'lanmagan buyurtmalarga eslatma yuborish boshlandi...

   Illuminate\Database\QueryException 

  SQLSTATE[HY000] [2002] Connection refused (Connection: mysql, SQL: select * from `solds` where `paymentStatus` = 1 and `status` = A and `created_at` >= 2026-03-20 12:30:02)

  at vendor/laravel/framework/src/Illuminate/Database/Connection.php:825
    821▕                     $this->getName(), $query, $this->prepareBindings($bindings), $e
    822▕                 );
    823▕             }
    824▕ 
  ➜ 825▕             throw new QueryException(
    826▕                 $this->getName(), $query, $this->prepareBindings($bindings), $e
    827▕             );
    828▕         }
    829▕     }

      [2m+22 vendor frames [22m

  23  app/Console/Commands/RemindUnpaidOrders.php:129
      Illuminate\Database\Eloquent\Builder::get()
      [2m+13 vendor frames [22m

  37  artisan:13
      Illuminate\Foundation\Application::handleCommand()

20.03.2026 13:40:02 — To'lanmagan buyurtmalarga eslatma yuborish boshlandi...
Eslatma yuborish uchun buyurtma topilmadi.
20.03.2026 13:50:02 — To'lanmagan buyurtmalarga eslatma yuborish boshlandi...
Eslatma yuborish uchun buyurtma topilmadi.
20.03.2026 14:00:02 — To'lanmagan buyurtmalarga eslatma yuborish boshlandi...

   Illuminate\Database\QueryException 

  SQLSTATE[HY000] [2002] Connection refused (Connection: mysql, SQL: select * from `solds` where `paymentStatus` = 1 and `status` = A and `created_at` >= 2026-03-20 13:00:02)

  at vendor/laravel/framework/src/Illuminate/Database/Connection.php:825
    821▕                     $this->getName(), $query, $this->prepareBindings($bindings), $e
    822▕                 );
    823▕             }
    824▕ 
  ➜ 825▕             throw new QueryException(
    826▕                 $this->getName(), $query, $this->prepareBindings($bindings), $e
    827▕             );
    828▕         }
    829▕     }

      [2m+22 vendor frames [22m

  23  app/Console/Commands/RemindUnpaidOrders.php:129
      Illuminate\Database\Eloquent\Builder::get()
      [2m+13 vendor frames [22m

  37  artisan:13
      Illuminate\Foundation\Application::handleCommand()

20.03.2026 14:10:02 — To'lanmagan buyurtmalarga eslatma yuborish boshlandi...
Eslatma yuborish uchun buyurtma topilmadi.
20.03.2026 14:20:02 — To'lanmagan buyurtmalarga eslatma yuborish boshlandi...
Eslatma yuborish uchun buyurtma topilmadi.
20.03.2026 14:30:02 — To'lanmagan buyurtmalarga eslatma yuborish boshlandi...

   Illuminate\Database\QueryException 

  SQLSTATE[HY000] [2002] Connection refused (Connection: mysql, SQL: select * from `solds` where `paymentStatus` = 1 and `status` = A and `created_at` >= 2026-03-20 13:30:02)

  at vendor/laravel/framework/src/Illuminate/Database/Connection.php:825
    821▕                     $this->getName(), $query, $this->prepareBindings($bindings), $e
    822▕                 );
    823▕             }
    824▕ 
  ➜ 825▕             throw new QueryException(
    826▕                 $this->getName(), $query, $this->prepareBindings($bindings), $e
    827▕             );
    828▕         }
    829▕     }

      [2m+22 vendor frames [22m

  23  app/Console/Commands/RemindUnpaidOrders.php:129
      Illuminate\Database\Eloquent\Builder::get()
      [2m+13 vendor frames [22m

  37  artisan:13
      Illuminate\Foundation\Application::handleCommand()

20.03.2026 14:40:02 — To'lanmagan buyurtmalarga eslatma yuborish boshlandi...
Eslatma yuborish uchun buyurtma topilmadi.
20.03.2026 14:50:02 — To'lanmagan buyurtmalarga eslatma yuborish boshlandi...
Eslatma yuborish uchun buyurtma topilmadi.
20.03.2026 15:00:02 — To'lanmagan buyurtmalarga eslatma yuborish boshlandi...

   Illuminate\Database\QueryException 

  SQLSTATE[HY000] [2002] Connection refused (Connection: mysql, SQL: select * from `solds` where `paymentStatus` = 1 and `status` = A and `created_at` >= 2026-03-20 14:00:02)

  at vendor/laravel/framework/src/Illuminate/Database/Connection.php:825
    821▕                     $this->getName(), $query, $this->prepareBindings($bindings), $e
    822▕                 );
    823▕             }
    824▕ 
  ➜ 825▕             throw new QueryException(
    826▕                 $this->getName(), $query, $this->prepareBindings($bindings), $e
    827▕             );
    828▕         }
    829▕     }

      [2m+22 vendor frames [22m

  23  app/Console/Commands/RemindUnpaidOrders.php:129
      Illuminate\Database\Eloquent\Builder::get()
      [2m+13 vendor frames [22m

  37  artisan:13
      Illuminate\Foundation\Application::handleCommand()

20.03.2026 15:10:02 — To'lanmagan buyurtmalarga eslatma yuborish boshlandi...
Eslatma yuborish uchun buyurtma topilmadi.
20.03.2026 15:20:02 — To'lanmagan buyurtmalarga eslatma yuborish boshlandi...
Eslatma yuborish uchun buyurtma topilmadi.
20.03.2026 15:30:02 — To'lanmagan buyurtmalarga eslatma yuborish boshlandi...

   Illuminate\Database\QueryException 

  SQLSTATE[HY000] [2002] Connection refused (Connection: mysql, SQL: select * from `solds` where `paymentStatus` = 1 and `status` = A and `created_at` >= 2026-03-20 14:30:02)

  at vendor/laravel/framework/src/Illuminate/Database/Connection.php:825
    821▕                     $this->getName(), $query, $this->prepareBindings($bindings), $e
    822▕                 );
    823▕             }
    824▕ 
  ➜ 825▕             throw new QueryException(
    826▕                 $this->getName(), $query, $this->prepareBindings($bindings), $e
    827▕             );
    828▕         }
    829▕     }

      [2m+22 vendor frames [22m

  23  app/Console/Commands/RemindUnpaidOrders.php:129
      Illuminate\Database\Eloquent\Builder::get()
      [2m+13 vendor frames [22m

  37  artisan:13
      Illuminate\Foundation\Application::handleCommand()

20.03.2026 15:40:02 — To'lanmagan buyurtmalarga eslatma yuborish boshlandi...
Eslatma yuborish uchun buyurtma topilmadi.
20.03.2026 15:50:01 — To'lanmagan buyurtmalarga eslatma yuborish boshlandi...
Eslatma yuborish uchun buyurtma topilmadi.
20.03.2026 16:00:02 — To'lanmagan buyurtmalarga eslatma yuborish boshlandi...

   Illuminate\Database\QueryException 

  SQLSTATE[HY000] [2002] Connection refused (Connection: mysql, SQL: select * from `solds` where `paymentStatus` = 1 and `status` = A and `created_at` >= 2026-03-20 15:00:02)

  at vendor/laravel/framework/src/Illuminate/Database/Connection.php:825
    821▕                     $this->getName(), $query, $this->prepareBindings($bindings), $e
    822▕                 );
    823▕             }
    824▕ 
  ➜ 825▕             throw new QueryException(
    826▕                 $this->getName(), $query, $this->prepareBindings($bindings), $e
    827▕             );
    828▕         }
    829▕     }

      [2m+22 vendor frames [22m

  23  app/Console/Commands/RemindUnpaidOrders.php:129
      Illuminate\Database\Eloquent\Builder::get()
      [2m+13 vendor frames [22m

  37  artisan:13
      Illuminate\Foundation\Application::handleCommand()

20.03.2026 16:10:02 — To'lanmagan buyurtmalarga eslatma yuborish boshlandi...
Eslatma yuborish uchun buyurtma topilmadi.
20.03.2026 16:20:02 — To'lanmagan buyurtmalarga eslatma yuborish boshlandi...
Eslatma yuborish uchun buyurtma topilmadi.
20.03.2026 16:30:03 — To'lanmagan buyurtmalarga eslatma yuborish boshlandi...

   Illuminate\Database\QueryException 

  SQLSTATE[HY000] [2002] Connection refused (Connection: mysql, SQL: select * from `solds` where `paymentStatus` = 1 and `status` = A and `created_at` >= 2026-03-20 15:30:03)

  at vendor/laravel/framework/src/Illuminate/Database/Connection.php:825
    821▕                     $this->getName(), $query, $this->prepareBindings($bindings), $e
    822▕                 );
    823▕             }
    824▕ 
  ➜ 825▕             throw new QueryException(
    826▕                 $this->getName(), $query, $this->prepareBindings($bindings), $e
    827▕             );
    828▕         }
    829▕     }

      [2m+22 vendor frames [22m

  23  app/Console/Commands/RemindUnpaidOrders.php:129
      Illuminate\Database\Eloquent\Builder::get()
      [2m+13 vendor frames [22m

  37  artisan:13
      Illuminate\Foundation\Application::handleCommand()

20.03.2026 16:40:02 — To'lanmagan buyurtmalarga eslatma yuborish boshlandi...
Eslatma yuborish uchun buyurtma topilmadi.
20.03.2026 16:50:02 — To'lanmagan buyurtmalarga eslatma yuborish boshlandi...
Eslatma yuborish uchun buyurtma topilmadi.
20.03.2026 17:00:02 — To'lanmagan buyurtmalarga eslatma yuborish boshlandi...

   Illuminate\Database\QueryException 

  SQLSTATE[HY000] [2002] Connection refused (Connection: mysql, SQL: select * from `solds` where `paymentStatus` = 1 and `status` = A and `created_at` >= 2026-03-20 16:00:02)

  at vendor/laravel/framework/src/Illuminate/Database/Connection.php:825
    821▕                     $this->getName(), $query, $this->prepareBindings($bindings), $e
    822▕                 );
    823▕             }
    824▕ 
  ➜ 825▕             throw new QueryException(
    826▕                 $this->getName(), $query, $this->prepareBindings($bindings), $e
    827▕             );
    828▕         }
    829▕     }

      [2m+22 vendor frames [22m

  23  app/Console/Commands/RemindUnpaidOrders.php:129
      Illuminate\Database\Eloquent\Builder::get()
      [2m+13 vendor frames [22m

  37  artisan:13
      Illuminate\Foundation\Application::handleCommand()

20.03.2026 17:10:02 — To'lanmagan buyurtmalarga eslatma yuborish boshlandi...
Eslatma yuborish uchun buyurtma topilmadi.
20.03.2026 17:20:02 — To'lanmagan buyurtmalarga eslatma yuborish boshlandi...
Eslatma yuborish uchun buyurtma topilmadi.
20.03.2026 17:30:02 — To'lanmagan buyurtmalarga eslatma yuborish boshlandi...

   Illuminate\Database\QueryException 

  SQLSTATE[HY000] [2002] Connection refused (Connection: mysql, SQL: select * from `solds` where `paymentStatus` = 1 and `status` = A and `created_at` >= 2026-03-20 16:30:02)

  at vendor/laravel/framework/src/Illuminate/Database/Connection.php:825
    821▕                     $this->getName(), $query, $this->prepareBindings($bindings), $e
    822▕                 );
    823▕             }
    824▕ 
  ➜ 825▕             throw new QueryException(
    826▕                 $this->getName(), $query, $this->prepareBindings($bindings), $e
    827▕             );
    828▕         }
    829▕     }

      [2m+22 vendor frames [22m

  23  app/Console/Commands/RemindUnpaidOrders.php:129
      Illuminate\Database\Eloquent\Builder::get()
      [2m+13 vendor frames [22m

  37  artisan:13
      Illuminate\Foundation\Application::handleCommand()

20.03.2026 17:40:02 — To'lanmagan buyurtmalarga eslatma yuborish boshlandi...
Eslatma yuborish uchun buyurtma topilmadi.
20.03.2026 17:50:02 — To'lanmagan buyurtmalarga eslatma yuborish boshlandi...
Eslatma yuborish uchun buyurtma topilmadi.
20.03.2026 18:00:02 — To'lanmagan buyurtmalarga eslatma yuborish boshlandi...

   Illuminate\Database\QueryException 

  SQLSTATE[HY000] [2002] Connection refused (Connection: mysql, SQL: select * from `solds` where `paymentStatus` = 1 and `status` = A and `created_at` >= 2026-03-20 17:00:02)

  at vendor/laravel/framework/src/Illuminate/Database/Connection.php:825
    821▕                     $this->getName(), $query, $this->prepareBindings($bindings), $e
    822▕                 );
    823▕             }
    824▕ 
  ➜ 825▕             throw new QueryException(
    826▕                 $this->getName(), $query, $this->prepareBindings($bindings), $e
    827▕             );
    828▕         }
    829▕     }

      [2m+22 vendor frames [22m

  23  app/Console/Commands/RemindUnpaidOrders.php:129
      Illuminate\Database\Eloquent\Builder::get()
      [2m+13 vendor frames [22m

  37  artisan:13
      Illuminate\Foundation\Application::handleCommand()

20.03.2026 18:10:02 — To'lanmagan buyurtmalarga eslatma yuborish boshlandi...
Eslatma yuborish uchun buyurtma topilmadi.
20.03.2026 18:20:02 — To'lanmagan buyurtmalarga eslatma yuborish boshlandi...
Eslatma yuborish uchun buyurtma topilmadi.
20.03.2026 18:30:02 — To'lanmagan buyurtmalarga eslatma yuborish boshlandi...

   Illuminate\Database\QueryException 

  SQLSTATE[HY000] [2002] Connection refused (Connection: mysql, SQL: select * from `solds` where `paymentStatus` = 1 and `status` = A and `created_at` >= 2026-03-20 17:30:02)

  at vendor/laravel/framework/src/Illuminate/Database/Connection.php:825
    821▕                     $this->getName(), $query, $this->prepareBindings($bindings), $e
    822▕                 );
    823▕             }
    824▕ 
  ➜ 825▕             throw new QueryException(
    826▕                 $this->getName(), $query, $this->prepareBindings($bindings), $e
    827▕             );
    828▕         }
    829▕     }

      [2m+22 vendor frames [22m

  23  app/Console/Commands/RemindUnpaidOrders.php:129
      Illuminate\Database\Eloquent\Builder::get()
      [2m+13 vendor frames [22m

  37  artisan:13
      Illuminate\Foundation\Application::handleCommand()

20.03.2026 18:40:02 — To'lanmagan buyurtmalarga eslatma yuborish boshlandi...
Eslatma yuborish uchun buyurtma topilmadi.
20.03.2026 18:50:02 — To'lanmagan buyurtmalarga eslatma yuborish boshlandi...
Eslatma yuborish uchun buyurtma topilmadi.
20.03.2026 19:00:02 — To'lanmagan buyurtmalarga eslatma yuborish boshlandi...

   Illuminate\Database\QueryException 

  SQLSTATE[HY000] [2002] Connection refused (Connection: mysql, SQL: select * from `solds` where `paymentStatus` = 1 and `status` = A and `created_at` >= 2026-03-20 18:00:02)

  at vendor/laravel/framework/src/Illuminate/Database/Connection.php:825
    821▕                     $this->getName(), $query, $this->prepareBindings($bindings), $e
    822▕                 );
    823▕             }
    824▕ 
  ➜ 825▕             throw new QueryException(
    826▕                 $this->getName(), $query, $this->prepareBindings($bindings), $e
    827▕             );
    828▕         }
    829▕     }

      [2m+22 vendor frames [22m

  23  app/Console/Commands/RemindUnpaidOrders.php:129
      Illuminate\Database\Eloquent\Builder::get()
      [2m+13 vendor frames [22m

  37  artisan:13
      Illuminate\Foundation\Application::handleCommand()

20.03.2026 19:10:02 — To'lanmagan buyurtmalarga eslatma yuborish boshlandi...
Eslatma yuborish uchun buyurtma topilmadi.
20.03.2026 19:20:02 — To'lanmagan buyurtmalarga eslatma yuborish boshlandi...
Eslatma yuborish uchun buyurtma topilmadi.
20.03.2026 19:30:02 — To'lanmagan buyurtmalarga eslatma yuborish boshlandi...

   Illuminate\Database\QueryException 

  SQLSTATE[HY000] [2002] Connection refused (Connection: mysql, SQL: select * from `solds` where `paymentStatus` = 1 and `status` = A and `created_at` >= 2026-03-20 18:30:02)

  at vendor/laravel/framework/src/Illuminate/Database/Connection.php:825
    821▕                     $this->getName(), $query, $this->prepareBindings($bindings), $e
    822▕                 );
    823▕             }
    824▕ 
  ➜ 825▕             throw new QueryException(
    826▕                 $this->getName(), $query, $this->prepareBindings($bindings), $e
    827▕             );
    828▕         }
    829▕     }

      [2m+22 vendor frames [22m

  23  app/Console/Commands/RemindUnpaidOrders.php:129
      Illuminate\Database\Eloquent\Builder::get()
      [2m+13 vendor frames [22m

  37  artisan:13
      Illuminate\Foundation\Application::handleCommand()

20.03.2026 19:40:02 — To'lanmagan buyurtmalarga eslatma yuborish boshlandi...
Eslatma yuborish uchun buyurtma topilmadi.
20.03.2026 19:50:02 — To'lanmagan buyurtmalarga eslatma yuborish boshlandi...
Eslatma yuborish uchun buyurtma topilmadi.
20.03.2026 20:00:03 — To'lanmagan buyurtmalarga eslatma yuborish boshlandi...

   Illuminate\Database\QueryException 

  SQLSTATE[HY000] [2002] Connection refused (Connection: mysql, SQL: select * from `solds` where `paymentStatus` = 1 and `status` = A and `created_at` >= 2026-03-20 19:00:03)

  at vendor/laravel/framework/src/Illuminate/Database/Connection.php:825
    821▕                     $this->getName(), $query, $this->prepareBindings($bindings), $e
    822▕                 );
    823▕             }
    824▕ 
  ➜ 825▕             throw new QueryException(
    826▕                 $this->getName(), $query, $this->prepareBindings($bindings), $e
    827▕             );
    828▕         }
    829▕     }

      [2m+22 vendor frames [22m

  23  app/Console/Commands/RemindUnpaidOrders.php:129
      Illuminate\Database\Eloquent\Builder::get()
      [2m+13 vendor frames [22m

  37  artisan:13
      Illuminate\Foundation\Application::handleCommand()

20.03.2026 20:10:02 — To'lanmagan buyurtmalarga eslatma yuborish boshlandi...
Eslatma yuborish uchun buyurtma topilmadi.
20.03.2026 20:20:02 — To'lanmagan buyurtmalarga eslatma yuborish boshlandi...
Eslatma yuborish uchun buyurtma topilmadi.
20.03.2026 20:30:02 — To'lanmagan buyurtmalarga eslatma yuborish boshlandi...

   Illuminate\Database\QueryException 

  SQLSTATE[HY000] [2002] Connection refused (Connection: mysql, SQL: select * from `solds` where `paymentStatus` = 1 and `status` = A and `created_at` >= 2026-03-20 19:30:02)

  at vendor/laravel/framework/src/Illuminate/Database/Connection.php:825
    821▕                     $this->getName(), $query, $this->prepareBindings($bindings), $e
    822▕                 );
    823▕             }
    824▕ 
  ➜ 825▕             throw new QueryException(
    826▕                 $this->getName(), $query, $this->prepareBindings($bindings), $e
    827▕             );
    828▕         }
    829▕     }

      [2m+22 vendor frames [22m

  23  app/Console/Commands/RemindUnpaidOrders.php:129
      Illuminate\Database\Eloquent\Builder::get()
      [2m+13 vendor frames [22m

  37  artisan:13
      Illuminate\Foundation\Application::handleCommand()

20.03.2026 20:40:02 — To'lanmagan buyurtmalarga eslatma yuborish boshlandi...
Eslatma yuborish uchun buyurtma topilmadi.
20.03.2026 20:50:02 — To'lanmagan buyurtmalarga eslatma yuborish boshlandi...
Eslatma yuborish uchun buyurtma topilmadi.
20.03.2026 21:00:02 — To'lanmagan buyurtmalarga eslatma yuborish boshlandi...

   Illuminate\Database\QueryException 

  SQLSTATE[HY000] [2002] Connection refused (Connection: mysql, SQL: select * from `solds` where `paymentStatus` = 1 and `status` = A and `created_at` >= 2026-03-20 20:00:02)

  at vendor/laravel/framework/src/Illuminate/Database/Connection.php:825
    821▕                     $this->getName(), $query, $this->prepareBindings($bindings), $e
    822▕                 );
    823▕             }
    824▕ 
  ➜ 825▕             throw new QueryException(
    826▕                 $this->getName(), $query, $this->prepareBindings($bindings), $e
    827▕             );
    828▕         }
    829▕     }

      [2m+22 vendor frames [22m

  23  app/Console/Commands/RemindUnpaidOrders.php:129
      Illuminate\Database\Eloquent\Builder::get()
      [2m+13 vendor frames [22m

  37  artisan:13
      Illuminate\Foundation\Application::handleCommand()

20.03.2026 21:10:02 — To'lanmagan buyurtmalarga eslatma yuborish boshlandi...
Eslatma yuborish uchun buyurtma topilmadi.
20.03.2026 21:20:02 — To'lanmagan buyurtmalarga eslatma yuborish boshlandi...
Eslatma yuborish uchun buyurtma topilmadi.
20.03.2026 21:30:02 — To'lanmagan buyurtmalarga eslatma yuborish boshlandi...

   Illuminate\Database\QueryException 

  SQLSTATE[HY000] [2002] Connection refused (Connection: mysql, SQL: select * from `solds` where `paymentStatus` = 1 and `status` = A and `created_at` >= 2026-03-20 20:30:02)

  at vendor/laravel/framework/src/Illuminate/Database/Connection.php:825
    821▕                     $this->getName(), $query, $this->prepareBindings($bindings), $e
    822▕                 );
    823▕             }
    824▕ 
  ➜ 825▕             throw new QueryException(
    826▕                 $this->getName(), $query, $this->prepareBindings($bindings), $e
    827▕             );
    828▕         }
    829▕     }

      [2m+22 vendor frames [22m

  23  app/Console/Commands/RemindUnpaidOrders.php:129
      Illuminate\Database\Eloquent\Builder::get()
      [2m+13 vendor frames [22m

  37  artisan:13
      Illuminate\Foundation\Application::handleCommand()

20.03.2026 21:40:02 — To'lanmagan buyurtmalarga eslatma yuborish boshlandi...
Eslatma yuborish uchun buyurtma topilmadi.
20.03.2026 21:50:02 — To'lanmagan buyurtmalarga eslatma yuborish boshlandi...
Eslatma yuborish uchun buyurtma topilmadi.
20.03.2026 22:00:02 — To'lanmagan buyurtmalarga eslatma yuborish boshlandi...
Eslatma yuborish uchun buyurtma topilmadi.
20.03.2026 22:10:02 — To'lanmagan buyurtmalarga eslatma yuborish boshlandi...
Eslatma yuborish uchun buyurtma topilmadi.
20.03.2026 22:20:02 — To'lanmagan buyurtmalarga eslatma yuborish boshlandi...
Eslatma yuborish uchun buyurtma topilmadi.
20.03.2026 22:30:02 — To'lanmagan buyurtmalarga eslatma yuborish boshlandi...

   Illuminate\Database\QueryException 

  SQLSTATE[HY000] [2002] Connection refused (Connection: mysql, SQL: select * from `solds` where `paymentStatus` = 1 and `status` = A and `created_at` >= 2026-03-20 21:30:02)

  at vendor/laravel/framework/src/Illuminate/Database/Connection.php:825
    821▕                     $this->getName(), $query, $this->prepareBindings($bindings), $e
    822▕                 );
    823▕             }
    824▕ 
  ➜ 825▕             throw new QueryException(
    826▕                 $this->getName(), $query, $this->prepareBindings($bindings), $e
    827▕             );
    828▕         }
    829▕     }

      [2m+22 vendor frames [22m

  23  app/Console/Commands/RemindUnpaidOrders.php:129
      Illuminate\Database\Eloquent\Builder::get()
      [2m+13 vendor frames [22m

  37  artisan:13
      Illuminate\Foundation\Application::handleCommand()

20.03.2026 22:40:02 — To'lanmagan buyurtmalarga eslatma yuborish boshlandi...
Eslatma yuborish uchun buyurtma topilmadi.
20.03.2026 22:50:02 — To'lanmagan buyurtmalarga eslatma yuborish boshlandi...
Eslatma yuborish uchun buyurtma topilmadi.
20.03.2026 23:00:02 — To'lanmagan buyurtmalarga eslatma yuborish boshlandi...

   Illuminate\Database\QueryException 

  SQLSTATE[HY000] [2002] Connection refused (Connection: mysql, SQL: select * from `solds` where `paymentStatus` = 1 and `status` = A and `created_at` >= 2026-03-20 22:00:02)

  at vendor/laravel/framework/src/Illuminate/Database/Connection.php:825
    821▕                     $this->getName(), $query, $this->prepareBindings($bindings), $e
    822▕                 );
    823▕             }
    824▕ 
  ➜ 825▕             throw new QueryException(
    826▕                 $this->getName(), $query, $this->prepareBindings($bindings), $e
    827▕             );
    828▕         }
    829▕     }

      [2m+22 vendor frames [22m

  23  app/Console/Commands/RemindUnpaidOrders.php:129
      Illuminate\Database\Eloquent\Builder::get()
      [2m+13 vendor frames [22m

  37  artisan:13
      Illuminate\Foundation\Application::handleCommand()

20.03.2026 23:10:02 — To'lanmagan buyurtmalarga eslatma yuborish boshlandi...
Eslatma yuborish uchun buyurtma topilmadi.
20.03.2026 23:20:02 — To'lanmagan buyurtmalarga eslatma yuborish boshlandi...
Eslatma yuborish uchun buyurtma topilmadi.
20.03.2026 23:30:02 — To'lanmagan buyurtmalarga eslatma yuborish boshlandi...

   Illuminate\Database\QueryException 

  SQLSTATE[HY000] [2002] Connection refused (Connection: mysql, SQL: select * from `solds` where `paymentStatus` = 1 and `status` = A and `created_at` >= 2026-03-20 22:30:02)

  at vendor/laravel/framework/src/Illuminate/Database/Connection.php:825
    821▕                     $this->getName(), $query, $this->prepareBindings($bindings), $e
    822▕                 );
    823▕             }
    824▕ 
  ➜ 825▕             throw new QueryException(
    826▕                 $this->getName(), $query, $this->prepareBindings($bindings), $e
    827▕             );
    828▕         }
    829▕     }

      [2m+22 vendor frames [22m

  23  app/Console/Commands/RemindUnpaidOrders.php:129
      Illuminate\Database\Eloquent\Builder::get()
      [2m+13 vendor frames [22m

  37  artisan:13
      Illuminate\Foundation\Application::handleCommand()

20.03.2026 23:40:02 — To'lanmagan buyurtmalarga eslatma yuborish boshlandi...
Eslatma yuborish uchun buyurtma topilmadi.
20.03.2026 23:50:02 — To'lanmagan buyurtmalarga eslatma yuborish boshlandi...
Eslatma yuborish uchun buyurtma topilmadi.
21.03.2026 00:00:03 — To'lanmagan buyurtmalarga eslatma yuborish boshlandi...

   Illuminate\Database\QueryException 

  SQLSTATE[HY000] [2002] Connection refused (Connection: mysql, SQL: select * from `solds` where `paymentStatus` = 1 and `status` = A and `created_at` >= 2026-03-20 23:00:03)

  at vendor/laravel/framework/src/Illuminate/Database/Connection.php:825
    821▕                     $this->getName(), $query, $this->prepareBindings($bindings), $e
    822▕                 );
    823▕             }
    824▕ 
  ➜ 825▕             throw new QueryException(
    826▕                 $this->getName(), $query, $this->prepareBindings($bindings), $e
    827▕             );
    828▕         }
    829▕     }

      [2m+22 vendor frames [22m

  23  app/Console/Commands/RemindUnpaidOrders.php:129
      Illuminate\Database\Eloquent\Builder::get()
      [2m+13 vendor frames [22m

  37  artisan:13
      Illuminate\Foundation\Application::handleCommand()

21.03.2026 00:10:02 — To'lanmagan buyurtmalarga eslatma yuborish boshlandi...
Eslatma yuborish uchun buyurtma topilmadi.
21.03.2026 00:20:02 — To'lanmagan buyurtmalarga eslatma yuborish boshlandi...
Eslatma yuborish uchun buyurtma topilmadi.
21.03.2026 00:30:02 — To'lanmagan buyurtmalarga eslatma yuborish boshlandi...

   Illuminate\Database\QueryException 

  SQLSTATE[HY000] [2002] Connection refused (Connection: mysql, SQL: select * from `solds` where `paymentStatus` = 1 and `status` = A and `created_at` >= 2026-03-20 23:30:02)

  at vendor/laravel/framework/src/Illuminate/Database/Connection.php:825
    821▕                     $this->getName(), $query, $this->prepareBindings($bindings), $e
    822▕                 );
    823▕             }
    824▕ 
  ➜ 825▕             throw new QueryException(
    826▕                 $this->getName(), $query, $this->prepareBindings($bindings), $e
    827▕             );
    828▕         }
    829▕     }

      [2m+22 vendor frames [22m

  23  app/Console/Commands/RemindUnpaidOrders.php:129
      Illuminate\Database\Eloquent\Builder::get()
      [2m+13 vendor frames [22m

  37  artisan:13
      Illuminate\Foundation\Application::handleCommand()

21.03.2026 00:40:02 — To'lanmagan buyurtmalarga eslatma yuborish boshlandi...
Eslatma yuborish uchun buyurtma topilmadi.
21.03.2026 00:50:02 — To'lanmagan buyurtmalarga eslatma yuborish boshlandi...
Eslatma yuborish uchun buyurtma topilmadi.
21.03.2026 01:00:02 — To'lanmagan buyurtmalarga eslatma yuborish boshlandi...

   Illuminate\Database\QueryException 

  SQLSTATE[HY000] [2002] Connection refused (Connection: mysql, SQL: select * from `solds` where `paymentStatus` = 1 and `status` = A and `created_at` >= 2026-03-21 00:00:02)

  at vendor/laravel/framework/src/Illuminate/Database/Connection.php:825
    821▕                     $this->getName(), $query, $this->prepareBindings($bindings), $e
    822▕                 );
    823▕             }
    824▕ 
  ➜ 825▕             throw new QueryException(
    826▕                 $this->getName(), $query, $this->prepareBindings($bindings), $e
    827▕             );
    828▕         }
    829▕     }

      [2m+22 vendor frames [22m

  23  app/Console/Commands/RemindUnpaidOrders.php:129
      Illuminate\Database\Eloquent\Builder::get()
      [2m+13 vendor frames [22m

  37  artisan:13
      Illuminate\Foundation\Application::handleCommand()

21.03.2026 01:10:02 — To'lanmagan buyurtmalarga eslatma yuborish boshlandi...
Eslatma yuborish uchun buyurtma topilmadi.
21.03.2026 01:20:02 — To'lanmagan buyurtmalarga eslatma yuborish boshlandi...
Eslatma yuborish uchun buyurtma topilmadi.
21.03.2026 01:30:02 — To'lanmagan buyurtmalarga eslatma yuborish boshlandi...

   Illuminate\Database\QueryException 

  SQLSTATE[HY000] [2002] Connection refused (Connection: mysql, SQL: select * from `solds` where `paymentStatus` = 1 and `status` = A and `created_at` >= 2026-03-21 00:30:02)

  at vendor/laravel/framework/src/Illuminate/Database/Connection.php:825
    821▕                     $this->getName(), $query, $this->prepareBindings($bindings), $e
    822▕                 );
    823▕             }
    824▕ 
  ➜ 825▕             throw new QueryException(
    826▕                 $this->getName(), $query, $this->prepareBindings($bindings), $e
    827▕             );
    828▕         }
    829▕     }

      [2m+22 vendor frames [22m

  23  app/Console/Commands/RemindUnpaidOrders.php:129
      Illuminate\Database\Eloquent\Builder::get()
      [2m+13 vendor frames [22m

  37  artisan:13
      Illuminate\Foundation\Application::handleCommand()

21.03.2026 01:40:02 — To'lanmagan buyurtmalarga eslatma yuborish boshlandi...
Eslatma yuborish uchun buyurtma topilmadi.
21.03.2026 01:50:02 — To'lanmagan buyurtmalarga eslatma yuborish boshlandi...
Eslatma yuborish uchun buyurtma topilmadi.
21.03.2026 02:00:02 — To'lanmagan buyurtmalarga eslatma yuborish boshlandi...

   Illuminate\Database\QueryException 

  SQLSTATE[HY000] [2002] Connection refused (Connection: mysql, SQL: select * from `solds` where `paymentStatus` = 1 and `status` = A and `created_at` >= 2026-03-21 01:00:02)

  at vendor/laravel/framework/src/Illuminate/Database/Connection.php:825
    821▕                     $this->getName(), $query, $this->prepareBindings($bindings), $e
    822▕                 );
    823▕             }
    824▕ 
  ➜ 825▕             throw new QueryException(
    826▕                 $this->getName(), $query, $this->prepareBindings($bindings), $e
    827▕             );
    828▕         }
    829▕     }

      [2m+22 vendor frames [22m

  23  app/Console/Commands/RemindUnpaidOrders.php:129
      Illuminate\Database\Eloquent\Builder::get()
      [2m+13 vendor frames [22m

  37  artisan:13
      Illuminate\Foundation\Application::handleCommand()

21.03.2026 02:10:02 — To'lanmagan buyurtmalarga eslatma yuborish boshlandi...
Eslatma yuborish uchun buyurtma topilmadi.
21.03.2026 02:20:02 — To'lanmagan buyurtmalarga eslatma yuborish boshlandi...
Eslatma yuborish uchun buyurtma topilmadi.
21.03.2026 02:30:02 — To'lanmagan buyurtmalarga eslatma yuborish boshlandi...

   Illuminate\Database\QueryException 

  SQLSTATE[HY000] [2002] Connection refused (Connection: mysql, SQL: select * from `solds` where `paymentStatus` = 1 and `status` = A and `created_at` >= 2026-03-21 01:30:02)

  at vendor/laravel/framework/src/Illuminate/Database/Connection.php:825
    821▕                     $this->getName(), $query, $this->prepareBindings($bindings), $e
    822▕                 );
    823▕             }
    824▕ 
  ➜ 825▕             throw new QueryException(
    826▕                 $this->getName(), $query, $this->prepareBindings($bindings), $e
    827▕             );
    828▕         }
    829▕     }

      [2m+22 vendor frames [22m

  23  app/Console/Commands/RemindUnpaidOrders.php:129
      Illuminate\Database\Eloquent\Builder::get()
      [2m+13 vendor frames [22m

  37  artisan:13
      Illuminate\Foundation\Application::handleCommand()

21.03.2026 02:40:02 — To'lanmagan buyurtmalarga eslatma yuborish boshlandi...
Eslatma yuborish uchun buyurtma topilmadi.
21.03.2026 02:50:02 — To'lanmagan buyurtmalarga eslatma yuborish boshlandi...
Eslatma yuborish uchun buyurtma topilmadi.
21.03.2026 03:00:02 — To'lanmagan buyurtmalarga eslatma yuborish boshlandi...

   Illuminate\Database\QueryException 

  SQLSTATE[HY000] [2002] Connection refused (Connection: mysql, SQL: select * from `solds` where `paymentStatus` = 1 and `status` = A and `created_at` >= 2026-03-21 02:00:02)

  at vendor/laravel/framework/src/Illuminate/Database/Connection.php:825
    821▕                     $this->getName(), $query, $this->prepareBindings($bindings), $e
    822▕                 );
    823▕             }
    824▕ 
  ➜ 825▕             throw new QueryException(
    826▕                 $this->getName(), $query, $this->prepareBindings($bindings), $e
    827▕             );
    828▕         }
    829▕     }

      [2m+22 vendor frames [22m

  23  app/Console/Commands/RemindUnpaidOrders.php:129
      Illuminate\Database\Eloquent\Builder::get()
      [2m+13 vendor frames [22m

  37  artisan:13
      Illuminate\Foundation\Application::handleCommand()

21.03.2026 03:10:02 — To'lanmagan buyurtmalarga eslatma yuborish boshlandi...
Eslatma yuborish uchun buyurtma topilmadi.
21.03.2026 03:20:02 — To'lanmagan buyurtmalarga eslatma yuborish boshlandi...
Eslatma yuborish uchun buyurtma topilmadi.
21.03.2026 03:30:02 — To'lanmagan buyurtmalarga eslatma yuborish boshlandi...

   Illuminate\Database\QueryException 

  SQLSTATE[HY000] [2002] Connection refused (Connection: mysql, SQL: select * from `solds` where `paymentStatus` = 1 and `status` = A and `created_at` >= 2026-03-21 02:30:02)

  at vendor/laravel/framework/src/Illuminate/Database/Connection.php:825
    821▕                     $this->getName(), $query, $this->prepareBindings($bindings), $e
    822▕                 );
    823▕             }
    824▕ 
  ➜ 825▕             throw new QueryException(
    826▕                 $this->getName(), $query, $this->prepareBindings($bindings), $e
    827▕             );
    828▕         }
    829▕     }

      [2m+22 vendor frames [22m

  23  app/Console/Commands/RemindUnpaidOrders.php:129
      Illuminate\Database\Eloquent\Builder::get()
      [2m+13 vendor frames [22m

  37  artisan:13
      Illuminate\Foundation\Application::handleCommand()

21.03.2026 03:40:02 — To'lanmagan buyurtmalarga eslatma yuborish boshlandi...
Eslatma yuborish uchun buyurtma topilmadi.
21.03.2026 03:50:02 — To'lanmagan buyurtmalarga eslatma yuborish boshlandi...
Eslatma yuborish uchun buyurtma topilmadi.
21.03.2026 04:00:02 — To'lanmagan buyurtmalarga eslatma yuborish boshlandi...
Eslatma yuborish uchun buyurtma topilmadi.
21.03.2026 04:10:02 — To'lanmagan buyurtmalarga eslatma yuborish boshlandi...
Eslatma yuborish uchun buyurtma topilmadi.
21.03.2026 04:20:02 — To'lanmagan buyurtmalarga eslatma yuborish boshlandi...
Eslatma yuborish uchun buyurtma topilmadi.
21.03.2026 04:30:01 — To'lanmagan buyurtmalarga eslatma yuborish boshlandi...
Eslatma yuborish uchun buyurtma topilmadi.
21.03.2026 04:40:02 — To'lanmagan buyurtmalarga eslatma yuborish boshlandi...
Eslatma yuborish uchun buyurtma topilmadi.
21.03.2026 04:50:02 — To'lanmagan buyurtmalarga eslatma yuborish boshlandi...
Eslatma yuborish uchun buyurtma topilmadi.
21.03.2026 05:00:02 — To'lanmagan buyurtmalarga eslatma yuborish boshlandi...
Eslatma yuborish uchun buyurtma topilmadi.
21.03.2026 05:10:02 — To'lanmagan buyurtmalarga eslatma yuborish boshlandi...
Eslatma yuborish uchun buyurtma topilmadi.
21.03.2026 05:20:02 — To'lanmagan buyurtmalarga eslatma yuborish boshlandi...
Eslatma yuborish uchun buyurtma topilmadi.
21.03.2026 05:30:02 — To'lanmagan buyurtmalarga eslatma yuborish boshlandi...

   Illuminate\Database\QueryException 

  SQLSTATE[HY000] [2002] Connection refused (Connection: mysql, SQL: select * from `solds` where `paymentStatus` = 1 and `status` = A and `created_at` >= 2026-03-21 04:30:02)

  at vendor/laravel/framework/src/Illuminate/Database/Connection.php:825
    821▕                     $this->getName(), $query, $this->prepareBindings($bindings), $e
    822▕                 );
    823▕             }
    824▕ 
  ➜ 825▕             throw new QueryException(
    826▕                 $this->getName(), $query, $this->prepareBindings($bindings), $e
    827▕             );
    828▕         }
    829▕     }

      [2m+22 vendor frames [22m

  23  app/Console/Commands/RemindUnpaidOrders.php:129
      Illuminate\Database\Eloquent\Builder::get()
      [2m+13 vendor frames [22m

  37  artisan:13
      Illuminate\Foundation\Application::handleCommand()

21.03.2026 05:40:02 — To'lanmagan buyurtmalarga eslatma yuborish boshlandi...
Eslatma yuborish uchun buyurtma topilmadi.
21.03.2026 05:50:02 — To'lanmagan buyurtmalarga eslatma yuborish boshlandi...
Eslatma yuborish uchun buyurtma topilmadi.
21.03.2026 06:00:03 — To'lanmagan buyurtmalarga eslatma yuborish boshlandi...

   Illuminate\Database\QueryException 

  SQLSTATE[HY000] [2002] Connection refused (Connection: mysql, SQL: select * from `solds` where `paymentStatus` = 1 and `status` = A and `created_at` >= 2026-03-21 05:00:03)

  at vendor/laravel/framework/src/Illuminate/Database/Connection.php:825
    821▕                     $this->getName(), $query, $this->prepareBindings($bindings), $e
    822▕                 );
    823▕             }
    824▕ 
  ➜ 825▕             throw new QueryException(
    826▕                 $this->getName(), $query, $this->prepareBindings($bindings), $e
    827▕             );
    828▕         }
    829▕     }

      [2m+22 vendor frames [22m

  23  app/Console/Commands/RemindUnpaidOrders.php:129
      Illuminate\Database\Eloquent\Builder::get()
      [2m+13 vendor frames [22m

  37  artisan:13
      Illuminate\Foundation\Application::handleCommand()

21.03.2026 06:10:02 — To'lanmagan buyurtmalarga eslatma yuborish boshlandi...
Eslatma yuborish uchun buyurtma topilmadi.
21.03.2026 06:20:02 — To'lanmagan buyurtmalarga eslatma yuborish boshlandi...
Eslatma yuborish uchun buyurtma topilmadi.
21.03.2026 06:30:02 — To'lanmagan buyurtmalarga eslatma yuborish boshlandi...

   Illuminate\Database\QueryException 

  SQLSTATE[HY000] [2002] Connection refused (Connection: mysql, SQL: select * from `solds` where `paymentStatus` = 1 and `status` = A and `created_at` >= 2026-03-21 05:30:02)

  at vendor/laravel/framework/src/Illuminate/Database/Connection.php:825
    821▕                     $this->getName(), $query, $this->prepareBindings($bindings), $e
    822▕                 );
    823▕             }
    824▕ 
  ➜ 825▕             throw new QueryException(
    826▕                 $this->getName(), $query, $this->prepareBindings($bindings), $e
    827▕             );
    828▕         }
    829▕     }

      [2m+22 vendor frames [22m

  23  app/Console/Commands/RemindUnpaidOrders.php:129
      Illuminate\Database\Eloquent\Builder::get()
      [2m+13 vendor frames [22m

  37  artisan:13
      Illuminate\Foundation\Application::handleCommand()

21.03.2026 06:40:02 — To'lanmagan buyurtmalarga eslatma yuborish boshlandi...
Eslatma yuborish uchun buyurtma topilmadi.
21.03.2026 06:50:02 — To'lanmagan buyurtmalarga eslatma yuborish boshlandi...
Eslatma yuborish uchun buyurtma topilmadi.
21.03.2026 07:00:02 — To'lanmagan buyurtmalarga eslatma yuborish boshlandi...

   Illuminate\Database\QueryException 

  SQLSTATE[HY000] [2002] Connection refused (Connection: mysql, SQL: select * from `solds` where `paymentStatus` = 1 and `status` = A and `created_at` >= 2026-03-21 06:00:02)

  at vendor/laravel/framework/src/Illuminate/Database/Connection.php:825
    821▕                     $this->getName(), $query, $this->prepareBindings($bindings), $e
    822▕                 );
    823▕             }
    824▕ 
  ➜ 825▕             throw new QueryException(
    826▕                 $this->getName(), $query, $this->prepareBindings($bindings), $e
    827▕             );
    828▕         }
    829▕     }

      [2m+22 vendor frames [22m

  23  app/Console/Commands/RemindUnpaidOrders.php:129
      Illuminate\Database\Eloquent\Builder::get()
      [2m+13 vendor frames [22m

  37  artisan:13
      Illuminate\Foundation\Application::handleCommand()

21.03.2026 07:10:02 — To'lanmagan buyurtmalarga eslatma yuborish boshlandi...
Eslatma yuborish uchun buyurtma topilmadi.
21.03.2026 07:20:02 — To'lanmagan buyurtmalarga eslatma yuborish boshlandi...
Eslatma yuborish uchun buyurtma topilmadi.
21.03.2026 07:30:03 — To'lanmagan buyurtmalarga eslatma yuborish boshlandi...

   Illuminate\Database\QueryException 

  SQLSTATE[HY000] [2002] Connection refused (Connection: mysql, SQL: select * from `solds` where `paymentStatus` = 1 and `status` = A and `created_at` >= 2026-03-21 06:30:03)

  at vendor/laravel/framework/src/Illuminate/Database/Connection.php:825
    821▕                     $this->getName(), $query, $this->prepareBindings($bindings), $e
    822▕                 );
    823▕             }
    824▕ 
  ➜ 825▕             throw new QueryException(
    826▕                 $this->getName(), $query, $this->prepareBindings($bindings), $e
    827▕             );
    828▕         }
    829▕     }

      [2m+22 vendor frames [22m

  23  app/Console/Commands/RemindUnpaidOrders.php:129
      Illuminate\Database\Eloquent\Builder::get()
      [2m+13 vendor frames [22m

  37  artisan:13
      Illuminate\Foundation\Application::handleCommand()

21.03.2026 07:40:02 — To'lanmagan buyurtmalarga eslatma yuborish boshlandi...
Eslatma yuborish uchun buyurtma topilmadi.
21.03.2026 07:50:02 — To'lanmagan buyurtmalarga eslatma yuborish boshlandi...
Eslatma yuborish uchun buyurtma topilmadi.
21.03.2026 08:00:02 — To'lanmagan buyurtmalarga eslatma yuborish boshlandi...

   Illuminate\Database\QueryException 

  SQLSTATE[HY000] [2002] Connection refused (Connection: mysql, SQL: select * from `solds` where `paymentStatus` = 1 and `status` = A and `created_at` >= 2026-03-21 07:00:02)

  at vendor/laravel/framework/src/Illuminate/Database/Connection.php:825
    821▕                     $this->getName(), $query, $this->prepareBindings($bindings), $e
    822▕                 );
    823▕             }
    824▕ 
  ➜ 825▕             throw new QueryException(
    826▕                 $this->getName(), $query, $this->prepareBindings($bindings), $e
    827▕             );
    828▕         }
    829▕     }

      [2m+22 vendor frames [22m

  23  app/Console/Commands/RemindUnpaidOrders.php:129
      Illuminate\Database\Eloquent\Builder::get()
      [2m+13 vendor frames [22m

  37  artisan:13
      Illuminate\Foundation\Application::handleCommand()

21.03.2026 08:10:02 — To'lanmagan buyurtmalarga eslatma yuborish boshlandi...
Eslatma yuborish uchun buyurtma topilmadi.
21.03.2026 08:20:01 — To'lanmagan buyurtmalarga eslatma yuborish boshlandi...
Eslatma yuborish uchun buyurtma topilmadi.
21.03.2026 08:30:02 — To'lanmagan buyurtmalarga eslatma yuborish boshlandi...

   Illuminate\Database\QueryException 

  SQLSTATE[HY000] [2002] Connection refused (Connection: mysql, SQL: select * from `solds` where `paymentStatus` = 1 and `status` = A and `created_at` >= 2026-03-21 07:30:02)

  at vendor/laravel/framework/src/Illuminate/Database/Connection.php:825
    821▕                     $this->getName(), $query, $this->prepareBindings($bindings), $e
    822▕                 );
    823▕             }
    824▕ 
  ➜ 825▕             throw new QueryException(
    826▕                 $this->getName(), $query, $this->prepareBindings($bindings), $e
    827▕             );
    828▕         }
    829▕     }

      [2m+22 vendor frames [22m

  23  app/Console/Commands/RemindUnpaidOrders.php:129
      Illuminate\Database\Eloquent\Builder::get()
      [2m+13 vendor frames [22m

  37  artisan:13
      Illuminate\Foundation\Application::handleCommand()

21.03.2026 08:40:02 — To'lanmagan buyurtmalarga eslatma yuborish boshlandi...
Eslatma yuborish uchun buyurtma topilmadi.
21.03.2026 08:50:02 — To'lanmagan buyurtmalarga eslatma yuborish boshlandi...
Eslatma yuborish uchun buyurtma topilmadi.
21.03.2026 09:00:02 — To'lanmagan buyurtmalarga eslatma yuborish boshlandi...

   Illuminate\Database\QueryException 

  SQLSTATE[HY000] [2002] Connection refused (Connection: mysql, SQL: select * from `solds` where `paymentStatus` = 1 and `status` = A and `created_at` >= 2026-03-21 08:00:02)

  at vendor/laravel/framework/src/Illuminate/Database/Connection.php:825
    821▕                     $this->getName(), $query, $this->prepareBindings($bindings), $e
    822▕                 );
    823▕             }
    824▕ 
  ➜ 825▕             throw new QueryException(
    826▕                 $this->getName(), $query, $this->prepareBindings($bindings), $e
    827▕             );
    828▕         }
    829▕     }

      [2m+22 vendor frames [22m

  23  app/Console/Commands/RemindUnpaidOrders.php:129
      Illuminate\Database\Eloquent\Builder::get()
      [2m+13 vendor frames [22m

  37  artisan:13
      Illuminate\Foundation\Application::handleCommand()

21.03.2026 09:10:02 — To'lanmagan buyurtmalarga eslatma yuborish boshlandi...
Eslatma yuborish uchun buyurtma topilmadi.
21.03.2026 09:20:02 — To'lanmagan buyurtmalarga eslatma yuborish boshlandi...
Eslatma yuborish uchun buyurtma topilmadi.
21.03.2026 09:30:02 — To'lanmagan buyurtmalarga eslatma yuborish boshlandi...

   Illuminate\Database\QueryException 

  SQLSTATE[HY000] [2002] Connection refused (Connection: mysql, SQL: select * from `solds` where `paymentStatus` = 1 and `status` = A and `created_at` >= 2026-03-21 08:30:02)

  at vendor/laravel/framework/src/Illuminate/Database/Connection.php:825
    821▕                     $this->getName(), $query, $this->prepareBindings($bindings), $e
    822▕                 );
    823▕             }
    824▕ 
  ➜ 825▕             throw new QueryException(
    826▕                 $this->getName(), $query, $this->prepareBindings($bindings), $e
    827▕             );
    828▕         }
    829▕     }

      [2m+22 vendor frames [22m

  23  app/Console/Commands/RemindUnpaidOrders.php:129
      Illuminate\Database\Eloquent\Builder::get()
      [2m+13 vendor frames [22m

  37  artisan:13
      Illuminate\Foundation\Application::handleCommand()

21.03.2026 09:40:02 — To'lanmagan buyurtmalarga eslatma yuborish boshlandi...
Eslatma yuborish uchun buyurtma topilmadi.
21.03.2026 09:50:02 — To'lanmagan buyurtmalarga eslatma yuborish boshlandi...
Eslatma yuborish uchun buyurtma topilmadi.
21.03.2026 10:00:02 — To'lanmagan buyurtmalarga eslatma yuborish boshlandi...

   Illuminate\Database\QueryException 

  SQLSTATE[HY000] [2002] Connection refused (Connection: mysql, SQL: select * from `solds` where `paymentStatus` = 1 and `status` = A and `created_at` >= 2026-03-21 09:00:02)

  at vendor/laravel/framework/src/Illuminate/Database/Connection.php:825
    821▕                     $this->getName(), $query, $this->prepareBindings($bindings), $e
    822▕                 );
    823▕             }
    824▕ 
  ➜ 825▕             throw new QueryException(
    826▕                 $this->getName(), $query, $this->prepareBindings($bindings), $e
    827▕             );
    828▕         }
    829▕     }

      [2m+22 vendor frames [22m

  23  app/Console/Commands/RemindUnpaidOrders.php:129
      Illuminate\Database\Eloquent\Builder::get()
      [2m+13 vendor frames [22m

  37  artisan:13
      Illuminate\Foundation\Application::handleCommand()

21.03.2026 10:10:01 — To'lanmagan buyurtmalarga eslatma yuborish boshlandi...
Eslatma yuborish uchun buyurtma topilmadi.
21.03.2026 10:20:02 — To'lanmagan buyurtmalarga eslatma yuborish boshlandi...
Eslatma yuborish uchun buyurtma topilmadi.
21.03.2026 10:30:02 — To'lanmagan buyurtmalarga eslatma yuborish boshlandi...

   Illuminate\Database\QueryException 

  SQLSTATE[HY000] [2002] Connection refused (Connection: mysql, SQL: select * from `solds` where `paymentStatus` = 1 and `status` = A and `created_at` >= 2026-03-21 09:30:02)

  at vendor/laravel/framework/src/Illuminate/Database/Connection.php:825
    821▕                     $this->getName(), $query, $this->prepareBindings($bindings), $e
    822▕                 );
    823▕             }
    824▕ 
  ➜ 825▕             throw new QueryException(
    826▕                 $this->getName(), $query, $this->prepareBindings($bindings), $e
    827▕             );
    828▕         }
    829▕     }

      [2m+22 vendor frames [22m

  23  app/Console/Commands/RemindUnpaidOrders.php:129
      Illuminate\Database\Eloquent\Builder::get()
      [2m+13 vendor frames [22m

  37  artisan:13
      Illuminate\Foundation\Application::handleCommand()

21.03.2026 10:40:02 — To'lanmagan buyurtmalarga eslatma yuborish boshlandi...
Eslatma yuborish uchun buyurtma topilmadi.
21.03.2026 10:50:01 — To'lanmagan buyurtmalarga eslatma yuborish boshlandi...
Eslatma yuborish uchun buyurtma topilmadi.
21.03.2026 11:00:02 — To'lanmagan buyurtmalarga eslatma yuborish boshlandi...

   Illuminate\Database\QueryException 

  SQLSTATE[HY000] [2002] Connection refused (Connection: mysql, SQL: select * from `solds` where `paymentStatus` = 1 and `status` = A and `created_at` >= 2026-03-21 10:00:02)

  at vendor/laravel/framework/src/Illuminate/Database/Connection.php:825
    821▕                     $this->getName(), $query, $this->prepareBindings($bindings), $e
    822▕                 );
    823▕             }
    824▕ 
  ➜ 825▕             throw new QueryException(
    826▕                 $this->getName(), $query, $this->prepareBindings($bindings), $e
    827▕             );
    828▕         }
    829▕     }

      [2m+22 vendor frames [22m

  23  app/Console/Commands/RemindUnpaidOrders.php:129
      Illuminate\Database\Eloquent\Builder::get()
      [2m+13 vendor frames [22m

  37  artisan:13
      Illuminate\Foundation\Application::handleCommand()

21.03.2026 11:10:02 — To'lanmagan buyurtmalarga eslatma yuborish boshlandi...
Eslatma yuborish uchun buyurtma topilmadi.
21.03.2026 11:20:02 — To'lanmagan buyurtmalarga eslatma yuborish boshlandi...
Eslatma yuborish uchun buyurtma topilmadi.
21.03.2026 11:30:03 — To'lanmagan buyurtmalarga eslatma yuborish boshlandi...

   Illuminate\Database\QueryException 

  SQLSTATE[HY000] [2002] Connection refused (Connection: mysql, SQL: select * from `solds` where `paymentStatus` = 1 and `status` = A and `created_at` >= 2026-03-21 10:30:03)

  at vendor/laravel/framework/src/Illuminate/Database/Connection.php:825
    821▕                     $this->getName(), $query, $this->prepareBindings($bindings), $e
    822▕                 );
    823▕             }
    824▕ 
  ➜ 825▕             throw new QueryException(
    826▕                 $this->getName(), $query, $this->prepareBindings($bindings), $e
    827▕             );
    828▕         }
    829▕     }

      [2m+22 vendor frames [22m

  23  app/Console/Commands/RemindUnpaidOrders.php:129
      Illuminate\Database\Eloquent\Builder::get()
      [2m+13 vendor frames [22m

  37  artisan:13
      Illuminate\Foundation\Application::handleCommand()

21.03.2026 11:40:02 — To'lanmagan buyurtmalarga eslatma yuborish boshlandi...
Eslatma yuborish uchun buyurtma topilmadi.
21.03.2026 11:50:02 — To'lanmagan buyurtmalarga eslatma yuborish boshlandi...
Eslatma yuborish uchun buyurtma topilmadi.
21.03.2026 12:00:03 — To'lanmagan buyurtmalarga eslatma yuborish boshlandi...

   Illuminate\Database\QueryException 

  SQLSTATE[HY000] [2002] Connection refused (Connection: mysql, SQL: select * from `solds` where `paymentStatus` = 1 and `status` = A and `created_at` >= 2026-03-21 11:00:03)

  at vendor/laravel/framework/src/Illuminate/Database/Connection.php:825
    821▕                     $this->getName(), $query, $this->prepareBindings($bindings), $e
    822▕                 );
    823▕             }
    824▕ 
  ➜ 825▕             throw new QueryException(
    826▕                 $this->getName(), $query, $this->prepareBindings($bindings), $e
    827▕             );
    828▕         }
    829▕     }

      [2m+22 vendor frames [22m

  23  app/Console/Commands/RemindUnpaidOrders.php:129
      Illuminate\Database\Eloquent\Builder::get()
      [2m+13 vendor frames [22m

  37  artisan:13
      Illuminate\Foundation\Application::handleCommand()

21.03.2026 12:10:02 — To'lanmagan buyurtmalarga eslatma yuborish boshlandi...
Eslatma yuborish uchun buyurtma topilmadi.
21.03.2026 12:20:02 — To'lanmagan buyurtmalarga eslatma yuborish boshlandi...
Eslatma yuborish uchun buyurtma topilmadi.
21.03.2026 12:30:02 — To'lanmagan buyurtmalarga eslatma yuborish boshlandi...
Eslatma yuborish uchun buyurtma topilmadi.
21.03.2026 12:40:02 — To'lanmagan buyurtmalarga eslatma yuborish boshlandi...
Eslatma yuborish uchun buyurtma topilmadi.
21.03.2026 12:50:02 — To'lanmagan buyurtmalarga eslatma yuborish boshlandi...
Eslatma yuborish uchun buyurtma topilmadi.
21.03.2026 13:00:02 — To'lanmagan buyurtmalarga eslatma yuborish boshlandi...

   Illuminate\Database\QueryException 

  SQLSTATE[HY000] [2002] Connection refused (Connection: mysql, SQL: select * from `solds` where `paymentStatus` = 1 and `status` = A and `created_at` >= 2026-03-21 12:00:02)

  at vendor/laravel/framework/src/Illuminate/Database/Connection.php:825
    821▕                     $this->getName(), $query, $this->prepareBindings($bindings), $e
    822▕                 );
    823▕             }
    824▕ 
  ➜ 825▕             throw new QueryException(
    826▕                 $this->getName(), $query, $this->prepareBindings($bindings), $e
    827▕             );
    828▕         }
    829▕     }

      [2m+22 vendor frames [22m

  23  app/Console/Commands/RemindUnpaidOrders.php:129
      Illuminate\Database\Eloquent\Builder::get()
      [2m+13 vendor frames [22m

  37  artisan:13
      Illuminate\Foundation\Application::handleCommand()

21.03.2026 13:10:02 — To'lanmagan buyurtmalarga eslatma yuborish boshlandi...
Eslatma yuborish uchun buyurtma topilmadi.
21.03.2026 13:20:02 — To'lanmagan buyurtmalarga eslatma yuborish boshlandi...
Eslatma yuborish uchun buyurtma topilmadi.
21.03.2026 13:30:02 — To'lanmagan buyurtmalarga eslatma yuborish boshlandi...

   Illuminate\Database\QueryException 

  SQLSTATE[HY000] [2002] Connection refused (Connection: mysql, SQL: select * from `solds` where `paymentStatus` = 1 and `status` = A and `created_at` >= 2026-03-21 12:30:02)

  at vendor/laravel/framework/src/Illuminate/Database/Connection.php:825
    821▕                     $this->getName(), $query, $this->prepareBindings($bindings), $e
    822▕                 );
    823▕             }
    824▕ 
  ➜ 825▕             throw new QueryException(
    826▕                 $this->getName(), $query, $this->prepareBindings($bindings), $e
    827▕             );
    828▕         }
    829▕     }

      [2m+22 vendor frames [22m

  23  app/Console/Commands/RemindUnpaidOrders.php:129
      Illuminate\Database\Eloquent\Builder::get()
      [2m+13 vendor frames [22m

  37  artisan:13
      Illuminate\Foundation\Application::handleCommand()

21.03.2026 13:40:02 — To'lanmagan buyurtmalarga eslatma yuborish boshlandi...
Eslatma yuborish uchun buyurtma topilmadi.
21.03.2026 13:50:02 — To'lanmagan buyurtmalarga eslatma yuborish boshlandi...
Eslatma yuborish uchun buyurtma topilmadi.
21.03.2026 14:00:02 — To'lanmagan buyurtmalarga eslatma yuborish boshlandi...

   Illuminate\Database\QueryException 

  SQLSTATE[HY000] [2002] Connection refused (Connection: mysql, SQL: select * from `solds` where `paymentStatus` = 1 and `status` = A and `created_at` >= 2026-03-21 13:00:02)

  at vendor/laravel/framework/src/Illuminate/Database/Connection.php:825
    821▕                     $this->getName(), $query, $this->prepareBindings($bindings), $e
    822▕                 );
    823▕             }
    824▕ 
  ➜ 825▕             throw new QueryException(
    826▕                 $this->getName(), $query, $this->prepareBindings($bindings), $e
    827▕             );
    828▕         }
    829▕     }

      [2m+22 vendor frames [22m

  23  app/Console/Commands/RemindUnpaidOrders.php:129
      Illuminate\Database\Eloquent\Builder::get()
      [2m+13 vendor frames [22m

  37  artisan:13
      Illuminate\Foundation\Application::handleCommand()

21.03.2026 14:10:02 — To'lanmagan buyurtmalarga eslatma yuborish boshlandi...
Eslatma yuborish uchun buyurtma topilmadi.
21.03.2026 14:20:02 — To'lanmagan buyurtmalarga eslatma yuborish boshlandi...
Eslatma yuborish uchun buyurtma topilmadi.
21.03.2026 14:30:02 — To'lanmagan buyurtmalarga eslatma yuborish boshlandi...

   Illuminate\Database\QueryException 

  SQLSTATE[HY000] [2002] Connection refused (Connection: mysql, SQL: select * from `solds` where `paymentStatus` = 1 and `status` = A and `created_at` >= 2026-03-21 13:30:02)

  at vendor/laravel/framework/src/Illuminate/Database/Connection.php:825
    821▕                     $this->getName(), $query, $this->prepareBindings($bindings), $e
    822▕                 );
    823▕             }
    824▕ 
  ➜ 825▕             throw new QueryException(
    826▕                 $this->getName(), $query, $this->prepareBindings($bindings), $e
    827▕             );
    828▕         }
    829▕     }

      [2m+22 vendor frames [22m

  23  app/Console/Commands/RemindUnpaidOrders.php:129
      Illuminate\Database\Eloquent\Builder::get()
      [2m+13 vendor frames [22m

  37  artisan:13
      Illuminate\Foundation\Application::handleCommand()

21.03.2026 14:40:02 — To'lanmagan buyurtmalarga eslatma yuborish boshlandi...
Eslatma yuborish uchun buyurtma topilmadi.
21.03.2026 14:50:02 — To'lanmagan buyurtmalarga eslatma yuborish boshlandi...
Eslatma yuborish uchun buyurtma topilmadi.
21.03.2026 15:00:02 — To'lanmagan buyurtmalarga eslatma yuborish boshlandi...

   Illuminate\Database\QueryException 

  SQLSTATE[HY000] [2002] Connection refused (Connection: mysql, SQL: select * from `solds` where `paymentStatus` = 1 and `status` = A and `created_at` >= 2026-03-21 14:00:02)

  at vendor/laravel/framework/src/Illuminate/Database/Connection.php:825
    821▕                     $this->getName(), $query, $this->prepareBindings($bindings), $e
    822▕                 );
    823▕             }
    824▕ 
  ➜ 825▕             throw new QueryException(
    826▕                 $this->getName(), $query, $this->prepareBindings($bindings), $e
    827▕             );
    828▕         }
    829▕     }

      [2m+22 vendor frames [22m

  23  app/Console/Commands/RemindUnpaidOrders.php:129
      Illuminate\Database\Eloquent\Builder::get()
      [2m+13 vendor frames [22m

  37  artisan:13
      Illuminate\Foundation\Application::handleCommand()

21.03.2026 15:10:02 — To'lanmagan buyurtmalarga eslatma yuborish boshlandi...
Eslatma yuborish uchun buyurtma topilmadi.
21.03.2026 15:20:02 — To'lanmagan buyurtmalarga eslatma yuborish boshlandi...
Eslatma yuborish uchun buyurtma topilmadi.
21.03.2026 15:30:02 — To'lanmagan buyurtmalarga eslatma yuborish boshlandi...

   Illuminate\Database\QueryException 

  SQLSTATE[HY000] [2002] Connection refused (Connection: mysql, SQL: select * from `solds` where `paymentStatus` = 1 and `status` = A and `created_at` >= 2026-03-21 14:30:02)

  at vendor/laravel/framework/src/Illuminate/Database/Connection.php:825
    821▕                     $this->getName(), $query, $this->prepareBindings($bindings), $e
    822▕                 );
    823▕             }
    824▕ 
  ➜ 825▕             throw new QueryException(
    826▕                 $this->getName(), $query, $this->prepareBindings($bindings), $e
    827▕             );
    828▕         }
    829▕     }

      [2m+22 vendor frames [22m

  23  app/Console/Commands/RemindUnpaidOrders.php:129
      Illuminate\Database\Eloquent\Builder::get()
      [2m+13 vendor frames [22m

  37  artisan:13
      Illuminate\Foundation\Application::handleCommand()

21.03.2026 15:40:02 — To'lanmagan buyurtmalarga eslatma yuborish boshlandi...
Eslatma yuborish uchun buyurtma topilmadi.
21.03.2026 15:50:02 — To'lanmagan buyurtmalarga eslatma yuborish boshlandi...
Eslatma yuborish uchun buyurtma topilmadi.
21.03.2026 16:00:02 — To'lanmagan buyurtmalarga eslatma yuborish boshlandi...

   Illuminate\Database\QueryException 

  SQLSTATE[HY000] [2002] Connection refused (Connection: mysql, SQL: select * from `solds` where `paymentStatus` = 1 and `status` = A and `created_at` >= 2026-03-21 15:00:02)

  at vendor/laravel/framework/src/Illuminate/Database/Connection.php:825
    821▕                     $this->getName(), $query, $this->prepareBindings($bindings), $e
    822▕                 );
    823▕             }
    824▕ 
  ➜ 825▕             throw new QueryException(
    826▕                 $this->getName(), $query, $this->prepareBindings($bindings), $e
    827▕             );
    828▕         }
    829▕     }

      [2m+22 vendor frames [22m

  23  app/Console/Commands/RemindUnpaidOrders.php:129
      Illuminate\Database\Eloquent\Builder::get()
      [2m+13 vendor frames [22m

  37  artisan:13
      Illuminate\Foundation\Application::handleCommand()

21.03.2026 16:10:02 — To'lanmagan buyurtmalarga eslatma yuborish boshlandi...
Eslatma yuborish uchun buyurtma topilmadi.
21.03.2026 16:20:02 — To'lanmagan buyurtmalarga eslatma yuborish boshlandi...
Eslatma yuborish uchun buyurtma topilmadi.
21.03.2026 16:30:02 — To'lanmagan buyurtmalarga eslatma yuborish boshlandi...

   Illuminate\Database\QueryException 

  SQLSTATE[HY000] [2002] Connection refused (Connection: mysql, SQL: select * from `solds` where `paymentStatus` = 1 and `status` = A and `created_at` >= 2026-03-21 15:30:02)

  at vendor/laravel/framework/src/Illuminate/Database/Connection.php:825
    821▕                     $this->getName(), $query, $this->prepareBindings($bindings), $e
    822▕                 );
    823▕             }
    824▕ 
  ➜ 825▕             throw new QueryException(
    826▕                 $this->getName(), $query, $this->prepareBindings($bindings), $e
    827▕             );
    828▕         }
    829▕     }

      [2m+22 vendor frames [22m

  23  app/Console/Commands/RemindUnpaidOrders.php:129
      Illuminate\Database\Eloquent\Builder::get()
      [2m+13 vendor frames [22m

  37  artisan:13
      Illuminate\Foundation\Application::handleCommand()

21.03.2026 16:40:02 — To'lanmagan buyurtmalarga eslatma yuborish boshlandi...
Eslatma yuborish uchun buyurtma topilmadi.
21.03.2026 16:50:02 — To'lanmagan buyurtmalarga eslatma yuborish boshlandi...
Eslatma yuborish uchun buyurtma topilmadi.
21.03.2026 17:00:02 — To'lanmagan buyurtmalarga eslatma yuborish boshlandi...

   Illuminate\Database\QueryException 

  SQLSTATE[HY000] [2002] Connection refused (Connection: mysql, SQL: select * from `solds` where `paymentStatus` = 1 and `status` = A and `created_at` >= 2026-03-21 16:00:02)

  at vendor/laravel/framework/src/Illuminate/Database/Connection.php:825
    821▕                     $this->getName(), $query, $this->prepareBindings($bindings), $e
    822▕                 );
    823▕             }
    824▕ 
  ➜ 825▕             throw new QueryException(
    826▕                 $this->getName(), $query, $this->prepareBindings($bindings), $e
    827▕             );
    828▕         }
    829▕     }

      [2m+22 vendor frames [22m

  23  app/Console/Commands/RemindUnpaidOrders.php:129
      Illuminate\Database\Eloquent\Builder::get()
      [2m+13 vendor frames [22m

  37  artisan:13
      Illuminate\Foundation\Application::handleCommand()

21.03.2026 17:10:02 — To'lanmagan buyurtmalarga eslatma yuborish boshlandi...
Eslatma yuborish uchun buyurtma topilmadi.
21.03.2026 17:20:02 — To'lanmagan buyurtmalarga eslatma yuborish boshlandi...
Eslatma yuborish uchun buyurtma topilmadi.
21.03.2026 17:30:03 — To'lanmagan buyurtmalarga eslatma yuborish boshlandi...

   Illuminate\Database\QueryException 

  SQLSTATE[HY000] [2002] Connection refused (Connection: mysql, SQL: select * from `solds` where `paymentStatus` = 1 and `status` = A and `created_at` >= 2026-03-21 16:30:03)

  at vendor/laravel/framework/src/Illuminate/Database/Connection.php:825
    821▕                     $this->getName(), $query, $this->prepareBindings($bindings), $e
    822▕                 );
    823▕             }
    824▕ 
  ➜ 825▕             throw new QueryException(
    826▕                 $this->getName(), $query, $this->prepareBindings($bindings), $e
    827▕             );
    828▕         }
    829▕     }

      [2m+22 vendor frames [22m

  23  app/Console/Commands/RemindUnpaidOrders.php:129
      Illuminate\Database\Eloquent\Builder::get()
      [2m+13 vendor frames [22m

  37  artisan:13
      Illuminate\Foundation\Application::handleCommand()

21.03.2026 17:40:02 — To'lanmagan buyurtmalarga eslatma yuborish boshlandi...
Eslatma yuborish uchun buyurtma topilmadi.
21.03.2026 17:50:02 — To'lanmagan buyurtmalarga eslatma yuborish boshlandi...
Eslatma yuborish uchun buyurtma topilmadi.
21.03.2026 18:00:02 — To'lanmagan buyurtmalarga eslatma yuborish boshlandi...

   Illuminate\Database\QueryException 

  SQLSTATE[HY000] [2002] Connection refused (Connection: mysql, SQL: select * from `solds` where `paymentStatus` = 1 and `status` = A and `created_at` >= 2026-03-21 17:00:02)

  at vendor/laravel/framework/src/Illuminate/Database/Connection.php:825
    821▕                     $this->getName(), $query, $this->prepareBindings($bindings), $e
    822▕                 );
    823▕             }
    824▕ 
  ➜ 825▕             throw new QueryException(
    826▕                 $this->getName(), $query, $this->prepareBindings($bindings), $e
    827▕             );
    828▕         }
    829▕     }

      [2m+22 vendor frames [22m

  23  app/Console/Commands/RemindUnpaidOrders.php:129
      Illuminate\Database\Eloquent\Builder::get()
      [2m+13 vendor frames [22m

  37  artisan:13
      Illuminate\Foundation\Application::handleCommand()

21.03.2026 18:10:02 — To'lanmagan buyurtmalarga eslatma yuborish boshlandi...
Eslatma yuborish uchun buyurtma topilmadi.
21.03.2026 18:20:02 — To'lanmagan buyurtmalarga eslatma yuborish boshlandi...
Eslatma yuborish uchun buyurtma topilmadi.
21.03.2026 18:30:02 — To'lanmagan buyurtmalarga eslatma yuborish boshlandi...

   Illuminate\Database\QueryException 

  SQLSTATE[HY000] [2002] Connection refused (Connection: mysql, SQL: select * from `solds` where `paymentStatus` = 1 and `status` = A and `created_at` >= 2026-03-21 17:30:02)

  at vendor/laravel/framework/src/Illuminate/Database/Connection.php:825
    821▕                     $this->getName(), $query, $this->prepareBindings($bindings), $e
    822▕                 );
    823▕             }
    824▕ 
  ➜ 825▕             throw new QueryException(
    826▕                 $this->getName(), $query, $this->prepareBindings($bindings), $e
    827▕             );
    828▕         }
    829▕     }

      [2m+22 vendor frames [22m

  23  app/Console/Commands/RemindUnpaidOrders.php:129
      Illuminate\Database\Eloquent\Builder::get()
      [2m+13 vendor frames [22m

  37  artisan:13
      Illuminate\Foundation\Application::handleCommand()

21.03.2026 18:40:02 — To'lanmagan buyurtmalarga eslatma yuborish boshlandi...
Eslatma yuborish uchun buyurtma topilmadi.
21.03.2026 18:50:02 — To'lanmagan buyurtmalarga eslatma yuborish boshlandi...
Eslatma yuborish uchun buyurtma topilmadi.
21.03.2026 19:00:02 — To'lanmagan buyurtmalarga eslatma yuborish boshlandi...

   Illuminate\Database\QueryException 

  SQLSTATE[HY000] [2002] Connection refused (Connection: mysql, SQL: select * from `solds` where `paymentStatus` = 1 and `status` = A and `created_at` >= 2026-03-21 18:00:02)

  at vendor/laravel/framework/src/Illuminate/Database/Connection.php:825
    821▕                     $this->getName(), $query, $this->prepareBindings($bindings), $e
    822▕                 );
    823▕             }
    824▕ 
  ➜ 825▕             throw new QueryException(
    826▕                 $this->getName(), $query, $this->prepareBindings($bindings), $e
    827▕             );
    828▕         }
    829▕     }

      [2m+22 vendor frames [22m

  23  app/Console/Commands/RemindUnpaidOrders.php:129
      Illuminate\Database\Eloquent\Builder::get()
      [2m+13 vendor frames [22m

  37  artisan:13
      Illuminate\Foundation\Application::handleCommand()

21.03.2026 19:10:02 — To'lanmagan buyurtmalarga eslatma yuborish boshlandi...
Eslatma yuborish uchun buyurtma topilmadi.
21.03.2026 19:20:02 — To'lanmagan buyurtmalarga eslatma yuborish boshlandi...
Eslatma yuborish uchun buyurtma topilmadi.
21.03.2026 19:30:02 — To'lanmagan buyurtmalarga eslatma yuborish boshlandi...

   Illuminate\Database\QueryException 

  SQLSTATE[HY000] [2002] Connection refused (Connection: mysql, SQL: select * from `solds` where `paymentStatus` = 1 and `status` = A and `created_at` >= 2026-03-21 18:30:02)

  at vendor/laravel/framework/src/Illuminate/Database/Connection.php:825
    821▕                     $this->getName(), $query, $this->prepareBindings($bindings), $e
    822▕                 );
    823▕             }
    824▕ 
  ➜ 825▕             throw new QueryException(
    826▕                 $this->getName(), $query, $this->prepareBindings($bindings), $e
    827▕             );
    828▕         }
    829▕     }

      [2m+22 vendor frames [22m

  23  app/Console/Commands/RemindUnpaidOrders.php:129
      Illuminate\Database\Eloquent\Builder::get()
      [2m+13 vendor frames [22m

  37  artisan:13
      Illuminate\Foundation\Application::handleCommand()

21.03.2026 19:40:02 — To'lanmagan buyurtmalarga eslatma yuborish boshlandi...
Eslatma yuborish uchun buyurtma topilmadi.
21.03.2026 19:50:02 — To'lanmagan buyurtmalarga eslatma yuborish boshlandi...
Eslatma yuborish uchun buyurtma topilmadi.
21.03.2026 20:00:03 — To'lanmagan buyurtmalarga eslatma yuborish boshlandi...

   Illuminate\Database\QueryException 

  SQLSTATE[HY000] [2002] Connection refused (Connection: mysql, SQL: select * from `solds` where `paymentStatus` = 1 and `status` = A and `created_at` >= 2026-03-21 19:00:03)

  at vendor/laravel/framework/src/Illuminate/Database/Connection.php:825
    821▕                     $this->getName(), $query, $this->prepareBindings($bindings), $e
    822▕                 );
    823▕             }
    824▕ 
  ➜ 825▕             throw new QueryException(
    826▕                 $this->getName(), $query, $this->prepareBindings($bindings), $e
    827▕             );
    828▕         }
    829▕     }

      [2m+22 vendor frames [22m

  23  app/Console/Commands/RemindUnpaidOrders.php:129
      Illuminate\Database\Eloquent\Builder::get()
      [2m+13 vendor frames [22m

  37  artisan:13
      Illuminate\Foundation\Application::handleCommand()

21.03.2026 20:10:02 — To'lanmagan buyurtmalarga eslatma yuborish boshlandi...
Eslatma yuborish uchun buyurtma topilmadi.
21.03.2026 20:20:02 — To'lanmagan buyurtmalarga eslatma yuborish boshlandi...
Eslatma yuborish uchun buyurtma topilmadi.
21.03.2026 20:30:02 — To'lanmagan buyurtmalarga eslatma yuborish boshlandi...

   Illuminate\Database\QueryException 

  SQLSTATE[HY000] [2002] Connection refused (Connection: mysql, SQL: select * from `solds` where `paymentStatus` = 1 and `status` = A and `created_at` >= 2026-03-21 19:30:02)

  at vendor/laravel/framework/src/Illuminate/Database/Connection.php:825
    821▕                     $this->getName(), $query, $this->prepareBindings($bindings), $e
    822▕                 );
    823▕             }
    824▕ 
  ➜ 825▕             throw new QueryException(
    826▕                 $this->getName(), $query, $this->prepareBindings($bindings), $e
    827▕             );
    828▕         }
    829▕     }

      [2m+22 vendor frames [22m

  23  app/Console/Commands/RemindUnpaidOrders.php:129
      Illuminate\Database\Eloquent\Builder::get()
      [2m+13 vendor frames [22m

  37  artisan:13
      Illuminate\Foundation\Application::handleCommand()

21.03.2026 20:40:02 — To'lanmagan buyurtmalarga eslatma yuborish boshlandi...
Eslatma yuborish uchun buyurtma topilmadi.
21.03.2026 20:50:02 — To'lanmagan buyurtmalarga eslatma yuborish boshlandi...
Eslatma yuborish uchun buyurtma topilmadi.
21.03.2026 21:00:03 — To'lanmagan buyurtmalarga eslatma yuborish boshlandi...

   Illuminate\Database\QueryException 

  SQLSTATE[HY000] [2002] Connection refused (Connection: mysql, SQL: select * from `solds` where `paymentStatus` = 1 and `status` = A and `created_at` >= 2026-03-21 20:00:03)

  at vendor/laravel/framework/src/Illuminate/Database/Connection.php:825
    821▕                     $this->getName(), $query, $this->prepareBindings($bindings), $e
    822▕                 );
    823▕             }
    824▕ 
  ➜ 825▕             throw new QueryException(
    826▕                 $this->getName(), $query, $this->prepareBindings($bindings), $e
    827▕             );
    828▕         }
    829▕     }

      [2m+22 vendor frames [22m

  23  app/Console/Commands/RemindUnpaidOrders.php:129
      Illuminate\Database\Eloquent\Builder::get()
      [2m+13 vendor frames [22m

  37  artisan:13
      Illuminate\Foundation\Application::handleCommand()

21.03.2026 21:10:02 — To'lanmagan buyurtmalarga eslatma yuborish boshlandi...
Eslatma yuborish uchun buyurtma topilmadi.
21.03.2026 21:20:02 — To'lanmagan buyurtmalarga eslatma yuborish boshlandi...
Eslatma yuborish uchun buyurtma topilmadi.
21.03.2026 21:30:02 — To'lanmagan buyurtmalarga eslatma yuborish boshlandi...

   Illuminate\Database\QueryException 

  SQLSTATE[HY000] [2002] Connection refused (Connection: mysql, SQL: select * from `solds` where `paymentStatus` = 1 and `status` = A and `created_at` >= 2026-03-21 20:30:02)

  at vendor/laravel/framework/src/Illuminate/Database/Connection.php:825
    821▕                     $this->getName(), $query, $this->prepareBindings($bindings), $e
    822▕                 );
    823▕             }
    824▕ 
  ➜ 825▕             throw new QueryException(
    826▕                 $this->getName(), $query, $this->prepareBindings($bindings), $e
    827▕             );
    828▕         }
    829▕     }

      [2m+22 vendor frames [22m

  23  app/Console/Commands/RemindUnpaidOrders.php:129
      Illuminate\Database\Eloquent\Builder::get()
      [2m+13 vendor frames [22m

  37  artisan:13
      Illuminate\Foundation\Application::handleCommand()

21.03.2026 21:40:02 — To'lanmagan buyurtmalarga eslatma yuborish boshlandi...
Eslatma yuborish uchun buyurtma topilmadi.
21.03.2026 21:50:02 — To'lanmagan buyurtmalarga eslatma yuborish boshlandi...
Eslatma yuborish uchun buyurtma topilmadi.
21.03.2026 22:00:02 — To'lanmagan buyurtmalarga eslatma yuborish boshlandi...

   Illuminate\Database\QueryException 

  SQLSTATE[HY000] [2002] Connection refused (Connection: mysql, SQL: select * from `solds` where `paymentStatus` = 1 and `status` = A and `created_at` >= 2026-03-21 21:00:02)

  at vendor/laravel/framework/src/Illuminate/Database/Connection.php:825
    821▕                     $this->getName(), $query, $this->prepareBindings($bindings), $e
    822▕                 );
    823▕             }
    824▕ 
  ➜ 825▕             throw new QueryException(
    826▕                 $this->getName(), $query, $this->prepareBindings($bindings), $e
    827▕             );
    828▕         }
    829▕     }

      [2m+22 vendor frames [22m

  23  app/Console/Commands/RemindUnpaidOrders.php:129
      Illuminate\Database\Eloquent\Builder::get()
      [2m+13 vendor frames [22m

  37  artisan:13
      Illuminate\Foundation\Application::handleCommand()

21.03.2026 22:10:02 — To'lanmagan buyurtmalarga eslatma yuborish boshlandi...
Eslatma yuborish uchun buyurtma topilmadi.
21.03.2026 22:20:02 — To'lanmagan buyurtmalarga eslatma yuborish boshlandi...
Eslatma yuborish uchun buyurtma topilmadi.
21.03.2026 22:30:02 — To'lanmagan buyurtmalarga eslatma yuborish boshlandi...

   Illuminate\Database\QueryException 

  SQLSTATE[HY000] [2002] Connection refused (Connection: mysql, SQL: select * from `solds` where `paymentStatus` = 1 and `status` = A and `created_at` >= 2026-03-21 21:30:02)

  at vendor/laravel/framework/src/Illuminate/Database/Connection.php:825
    821▕                     $this->getName(), $query, $this->prepareBindings($bindings), $e
    822▕                 );
    823▕             }
    824▕ 
  ➜ 825▕             throw new QueryException(
    826▕                 $this->getName(), $query, $this->prepareBindings($bindings), $e
    827▕             );
    828▕         }
    829▕     }

      [2m+22 vendor frames [22m

  23  app/Console/Commands/RemindUnpaidOrders.php:129
      Illuminate\Database\Eloquent\Builder::get()
      [2m+13 vendor frames [22m

  37  artisan:13
      Illuminate\Foundation\Application::handleCommand()

21.03.2026 22:40:02 — To'lanmagan buyurtmalarga eslatma yuborish boshlandi...
Eslatma yuborish uchun buyurtma topilmadi.
21.03.2026 22:50:02 — To'lanmagan buyurtmalarga eslatma yuborish boshlandi...
Eslatma yuborish uchun buyurtma topilmadi.
21.03.2026 23:00:03 — To'lanmagan buyurtmalarga eslatma yuborish boshlandi...

   Illuminate\Database\QueryException 

  SQLSTATE[HY000] [2002] Connection refused (Connection: mysql, SQL: select * from `solds` where `paymentStatus` = 1 and `status` = A and `created_at` >= 2026-03-21 22:00:03)

  at vendor/laravel/framework/src/Illuminate/Database/Connection.php:825
    821▕                     $this->getName(), $query, $this->prepareBindings($bindings), $e
    822▕                 );
    823▕             }
    824▕ 
  ➜ 825▕             throw new QueryException(
    826▕                 $this->getName(), $query, $this->prepareBindings($bindings), $e
    827▕             );
    828▕         }
    829▕     }

      [2m+22 vendor frames [22m

  23  app/Console/Commands/RemindUnpaidOrders.php:129
      Illuminate\Database\Eloquent\Builder::get()
      [2m+13 vendor frames [22m

  37  artisan:13
      Illuminate\Foundation\Application::handleCommand()

21.03.2026 23:10:02 — To'lanmagan buyurtmalarga eslatma yuborish boshlandi...
Eslatma yuborish uchun buyurtma topilmadi.
21.03.2026 23:20:02 — To'lanmagan buyurtmalarga eslatma yuborish boshlandi...
Eslatma yuborish uchun buyurtma topilmadi.
21.03.2026 23:30:02 — To'lanmagan buyurtmalarga eslatma yuborish boshlandi...

   Illuminate\Database\QueryException 

  SQLSTATE[HY000] [2002] Connection refused (Connection: mysql, SQL: select * from `solds` where `paymentStatus` = 1 and `status` = A and `created_at` >= 2026-03-21 22:30:02)

  at vendor/laravel/framework/src/Illuminate/Database/Connection.php:825
    821▕                     $this->getName(), $query, $this->prepareBindings($bindings), $e
    822▕                 );
    823▕             }
    824▕ 
  ➜ 825▕             throw new QueryException(
    826▕                 $this->getName(), $query, $this->prepareBindings($bindings), $e
    827▕             );
    828▕         }
    829▕     }

      [2m+22 vendor frames [22m

  23  app/Console/Commands/RemindUnpaidOrders.php:129
      Illuminate\Database\Eloquent\Builder::get()
      [2m+13 vendor frames [22m

  37  artisan:13
      Illuminate\Foundation\Application::handleCommand()

21.03.2026 23:40:02 — To'lanmagan buyurtmalarga eslatma yuborish boshlandi...
Eslatma yuborish uchun buyurtma topilmadi.
21.03.2026 23:50:02 — To'lanmagan buyurtmalarga eslatma yuborish boshlandi...
Eslatma yuborish uchun buyurtma topilmadi.
22.03.2026 00:00:03 — To'lanmagan buyurtmalarga eslatma yuborish boshlandi...

   Illuminate\Database\QueryException 

  SQLSTATE[HY000] [2002] Connection refused (Connection: mysql, SQL: select * from `solds` where `paymentStatus` = 1 and `status` = A and `created_at` >= 2026-03-21 23:00:03)

  at vendor/laravel/framework/src/Illuminate/Database/Connection.php:825
    821▕                     $this->getName(), $query, $this->prepareBindings($bindings), $e
    822▕                 );
    823▕             }
    824▕ 
  ➜ 825▕             throw new QueryException(
    826▕                 $this->getName(), $query, $this->prepareBindings($bindings), $e
    827▕             );
    828▕         }
    829▕     }

      [2m+22 vendor frames [22m

  23  app/Console/Commands/RemindUnpaidOrders.php:129
      Illuminate\Database\Eloquent\Builder::get()
      [2m+13 vendor frames [22m

  37  artisan:13
      Illuminate\Foundation\Application::handleCommand()

22.03.2026 00:10:02 — To'lanmagan buyurtmalarga eslatma yuborish boshlandi...
Eslatma yuborish uchun buyurtma topilmadi.
22.03.2026 00:20:02 — To'lanmagan buyurtmalarga eslatma yuborish boshlandi...
Eslatma yuborish uchun buyurtma topilmadi.
22.03.2026 00:30:02 — To'lanmagan buyurtmalarga eslatma yuborish boshlandi...

   Illuminate\Database\QueryException 

  SQLSTATE[HY000] [2002] Connection refused (Connection: mysql, SQL: select * from `solds` where `paymentStatus` = 1 and `status` = A and `created_at` >= 2026-03-21 23:30:02)

  at vendor/laravel/framework/src/Illuminate/Database/Connection.php:825
    821▕                     $this->getName(), $query, $this->prepareBindings($bindings), $e
    822▕                 );
    823▕             }
    824▕ 
  ➜ 825▕             throw new QueryException(
    826▕                 $this->getName(), $query, $this->prepareBindings($bindings), $e
    827▕             );
    828▕         }
    829▕     }

      [2m+22 vendor frames [22m

  23  app/Console/Commands/RemindUnpaidOrders.php:129
      Illuminate\Database\Eloquent\Builder::get()
      [2m+13 vendor frames [22m

  37  artisan:13
      Illuminate\Foundation\Application::handleCommand()

22.03.2026 00:40:02 — To'lanmagan buyurtmalarga eslatma yuborish boshlandi...
Eslatma yuborish uchun buyurtma topilmadi.
22.03.2026 00:50:02 — To'lanmagan buyurtmalarga eslatma yuborish boshlandi...
Eslatma yuborish uchun buyurtma topilmadi.
22.03.2026 01:00:03 — To'lanmagan buyurtmalarga eslatma yuborish boshlandi...

   Illuminate\Database\QueryException 

  SQLSTATE[HY000] [2002] Connection refused (Connection: mysql, SQL: select * from `solds` where `paymentStatus` = 1 and `status` = A and `created_at` >= 2026-03-22 00:00:03)

  at vendor/laravel/framework/src/Illuminate/Database/Connection.php:825
    821▕                     $this->getName(), $query, $this->prepareBindings($bindings), $e
    822▕                 );
    823▕             }
    824▕ 
  ➜ 825▕             throw new QueryException(
    826▕                 $this->getName(), $query, $this->prepareBindings($bindings), $e
    827▕             );
    828▕         }
    829▕     }

      [2m+22 vendor frames [22m

  23  app/Console/Commands/RemindUnpaidOrders.php:129
      Illuminate\Database\Eloquent\Builder::get()
      [2m+13 vendor frames [22m

  37  artisan:13
      Illuminate\Foundation\Application::handleCommand()

22.03.2026 01:10:02 — To'lanmagan buyurtmalarga eslatma yuborish boshlandi...
Eslatma yuborish uchun buyurtma topilmadi.
22.03.2026 01:20:02 — To'lanmagan buyurtmalarga eslatma yuborish boshlandi...
Eslatma yuborish uchun buyurtma topilmadi.
22.03.2026 01:30:02 — To'lanmagan buyurtmalarga eslatma yuborish boshlandi...

   Illuminate\Database\QueryException 

  SQLSTATE[HY000] [2002] Connection refused (Connection: mysql, SQL: select * from `solds` where `paymentStatus` = 1 and `status` = A and `created_at` >= 2026-03-22 00:30:02)

  at vendor/laravel/framework/src/Illuminate/Database/Connection.php:825
    821▕                     $this->getName(), $query, $this->prepareBindings($bindings), $e
    822▕                 );
    823▕             }
    824▕ 
  ➜ 825▕             throw new QueryException(
    826▕                 $this->getName(), $query, $this->prepareBindings($bindings), $e
    827▕             );
    828▕         }
    829▕     }

      [2m+22 vendor frames [22m

  23  app/Console/Commands/RemindUnpaidOrders.php:129
      Illuminate\Database\Eloquent\Builder::get()
      [2m+13 vendor frames [22m

  37  artisan:13
      Illuminate\Foundation\Application::handleCommand()

22.03.2026 01:40:02 — To'lanmagan buyurtmalarga eslatma yuborish boshlandi...
Eslatma yuborish uchun buyurtma topilmadi.
22.03.2026 01:50:02 — To'lanmagan buyurtmalarga eslatma yuborish boshlandi...
Eslatma yuborish uchun buyurtma topilmadi.
22.03.2026 02:00:02 — To'lanmagan buyurtmalarga eslatma yuborish boshlandi...

   Illuminate\Database\QueryException 

  SQLSTATE[HY000] [2002] Connection refused (Connection: mysql, SQL: select * from `solds` where `paymentStatus` = 1 and `status` = A and `created_at` >= 2026-03-22 01:00:02)

  at vendor/laravel/framework/src/Illuminate/Database/Connection.php:825
    821▕                     $this->getName(), $query, $this->prepareBindings($bindings), $e
    822▕                 );
    823▕             }
    824▕ 
  ➜ 825▕             throw new QueryException(
    826▕                 $this->getName(), $query, $this->prepareBindings($bindings), $e
    827▕             );
    828▕         }
    829▕     }

      [2m+22 vendor frames [22m

  23  app/Console/Commands/RemindUnpaidOrders.php:129
      Illuminate\Database\Eloquent\Builder::get()
      [2m+13 vendor frames [22m

  37  artisan:13
      Illuminate\Foundation\Application::handleCommand()

22.03.2026 02:10:02 — To'lanmagan buyurtmalarga eslatma yuborish boshlandi...
Eslatma yuborish uchun buyurtma topilmadi.
22.03.2026 02:20:02 — To'lanmagan buyurtmalarga eslatma yuborish boshlandi...
Eslatma yuborish uchun buyurtma topilmadi.
22.03.2026 02:30:02 — To'lanmagan buyurtmalarga eslatma yuborish boshlandi...

   Illuminate\Database\QueryException 

  SQLSTATE[HY000] [2002] Connection refused (Connection: mysql, SQL: select * from `solds` where `paymentStatus` = 1 and `status` = A and `created_at` >= 2026-03-22 01:30:02)

  at vendor/laravel/framework/src/Illuminate/Database/Connection.php:825
    821▕                     $this->getName(), $query, $this->prepareBindings($bindings), $e
    822▕                 );
    823▕             }
    824▕ 
  ➜ 825▕             throw new QueryException(
    826▕                 $this->getName(), $query, $this->prepareBindings($bindings), $e
    827▕             );
    828▕         }
    829▕     }

      [2m+22 vendor frames [22m

  23  app/Console/Commands/RemindUnpaidOrders.php:129
      Illuminate\Database\Eloquent\Builder::get()
      [2m+13 vendor frames [22m

  37  artisan:13
      Illuminate\Foundation\Application::handleCommand()

22.03.2026 02:40:02 — To'lanmagan buyurtmalarga eslatma yuborish boshlandi...
Eslatma yuborish uchun buyurtma topilmadi.
22.03.2026 02:50:02 — To'lanmagan buyurtmalarga eslatma yuborish boshlandi...
Eslatma yuborish uchun buyurtma topilmadi.
22.03.2026 03:00:02 — To'lanmagan buyurtmalarga eslatma yuborish boshlandi...

   Illuminate\Database\QueryException 

  SQLSTATE[HY000] [2002] Connection refused (Connection: mysql, SQL: select * from `solds` where `paymentStatus` = 1 and `status` = A and `created_at` >= 2026-03-22 02:00:02)

  at vendor/laravel/framework/src/Illuminate/Database/Connection.php:825
    821▕                     $this->getName(), $query, $this->prepareBindings($bindings), $e
    822▕                 );
    823▕             }
    824▕ 
  ➜ 825▕             throw new QueryException(
    826▕                 $this->getName(), $query, $this->prepareBindings($bindings), $e
    827▕             );
    828▕         }
    829▕     }

      [2m+22 vendor frames [22m

  23  app/Console/Commands/RemindUnpaidOrders.php:129
      Illuminate\Database\Eloquent\Builder::get()
      [2m+13 vendor frames [22m

  37  artisan:13
      Illuminate\Foundation\Application::handleCommand()

22.03.2026 03:10:02 — To'lanmagan buyurtmalarga eslatma yuborish boshlandi...
Eslatma yuborish uchun buyurtma topilmadi.
22.03.2026 03:20:02 — To'lanmagan buyurtmalarga eslatma yuborish boshlandi...
Eslatma yuborish uchun buyurtma topilmadi.
22.03.2026 03:30:02 — To'lanmagan buyurtmalarga eslatma yuborish boshlandi...

   Illuminate\Database\QueryException 

  SQLSTATE[HY000] [2002] Connection refused (Connection: mysql, SQL: select * from `solds` where `paymentStatus` = 1 and `status` = A and `created_at` >= 2026-03-22 02:30:02)

  at vendor/laravel/framework/src/Illuminate/Database/Connection.php:825
    821▕                     $this->getName(), $query, $this->prepareBindings($bindings), $e
    822▕                 );
    823▕             }
    824▕ 
  ➜ 825▕             throw new QueryException(
    826▕                 $this->getName(), $query, $this->prepareBindings($bindings), $e
    827▕             );
    828▕         }
    829▕     }

      [2m+22 vendor frames [22m

  23  app/Console/Commands/RemindUnpaidOrders.php:129
      Illuminate\Database\Eloquent\Builder::get()
      [2m+13 vendor frames [22m

  37  artisan:13
      Illuminate\Foundation\Application::handleCommand()

22.03.2026 03:40:02 — To'lanmagan buyurtmalarga eslatma yuborish boshlandi...
Eslatma yuborish uchun buyurtma topilmadi.
22.03.2026 03:50:02 — To'lanmagan buyurtmalarga eslatma yuborish boshlandi...
Eslatma yuborish uchun buyurtma topilmadi.
22.03.2026 04:00:02 — To'lanmagan buyurtmalarga eslatma yuborish boshlandi...

   Illuminate\Database\QueryException 

  SQLSTATE[HY000] [2002] Connection refused (Connection: mysql, SQL: select * from `solds` where `paymentStatus` = 1 and `status` = A and `created_at` >= 2026-03-22 03:00:02)

  at vendor/laravel/framework/src/Illuminate/Database/Connection.php:825
    821▕                     $this->getName(), $query, $this->prepareBindings($bindings), $e
    822▕                 );
    823▕             }
    824▕ 
  ➜ 825▕             throw new QueryException(
    826▕                 $this->getName(), $query, $this->prepareBindings($bindings), $e
    827▕             );
    828▕         }
    829▕     }

      [2m+22 vendor frames [22m

  23  app/Console/Commands/RemindUnpaidOrders.php:129
      Illuminate\Database\Eloquent\Builder::get()
      [2m+13 vendor frames [22m

  37  artisan:13
      Illuminate\Foundation\Application::handleCommand()

22.03.2026 04:10:02 — To'lanmagan buyurtmalarga eslatma yuborish boshlandi...
Eslatma yuborish uchun buyurtma topilmadi.
22.03.2026 04:20:02 — To'lanmagan buyurtmalarga eslatma yuborish boshlandi...
Eslatma yuborish uchun buyurtma topilmadi.
22.03.2026 04:30:02 — To'lanmagan buyurtmalarga eslatma yuborish boshlandi...

   Illuminate\Database\QueryException 

  SQLSTATE[HY000] [2002] Connection refused (Connection: mysql, SQL: select * from `solds` where `paymentStatus` = 1 and `status` = A and `created_at` >= 2026-03-22 03:30:02)

  at vendor/laravel/framework/src/Illuminate/Database/Connection.php:825
    821▕                     $this->getName(), $query, $this->prepareBindings($bindings), $e
    822▕                 );
    823▕             }
    824▕ 
  ➜ 825▕             throw new QueryException(
    826▕                 $this->getName(), $query, $this->prepareBindings($bindings), $e
    827▕             );
    828▕         }
    829▕     }

      [2m+22 vendor frames [22m

  23  app/Console/Commands/RemindUnpaidOrders.php:129
      Illuminate\Database\Eloquent\Builder::get()
      [2m+13 vendor frames [22m

  37  artisan:13
      Illuminate\Foundation\Application::handleCommand()

22.03.2026 04:40:02 — To'lanmagan buyurtmalarga eslatma yuborish boshlandi...
Eslatma yuborish uchun buyurtma topilmadi.
22.03.2026 04:50:02 — To'lanmagan buyurtmalarga eslatma yuborish boshlandi...
Eslatma yuborish uchun buyurtma topilmadi.
22.03.2026 05:00:03 — To'lanmagan buyurtmalarga eslatma yuborish boshlandi...
Eslatma yuborish uchun buyurtma topilmadi.
22.03.2026 05:10:02 — To'lanmagan buyurtmalarga eslatma yuborish boshlandi...
Eslatma yuborish uchun buyurtma topilmadi.
22.03.2026 05:20:02 — To'lanmagan buyurtmalarga eslatma yuborish boshlandi...
Eslatma yuborish uchun buyurtma topilmadi.
22.03.2026 05:30:02 — To'lanmagan buyurtmalarga eslatma yuborish boshlandi...

   Illuminate\Database\QueryException 

  SQLSTATE[HY000] [2002] Connection refused (Connection: mysql, SQL: select * from `solds` where `paymentStatus` = 1 and `status` = A and `created_at` >= 2026-03-22 04:30:02)

  at vendor/laravel/framework/src/Illuminate/Database/Connection.php:825
    821▕                     $this->getName(), $query, $this->prepareBindings($bindings), $e
    822▕                 );
    823▕             }
    824▕ 
  ➜ 825▕             throw new QueryException(
    826▕                 $this->getName(), $query, $this->prepareBindings($bindings), $e
    827▕             );
    828▕         }
    829▕     }

      [2m+22 vendor frames [22m

  23  app/Console/Commands/RemindUnpaidOrders.php:129
      Illuminate\Database\Eloquent\Builder::get()
      [2m+13 vendor frames [22m

  37  artisan:13
      Illuminate\Foundation\Application::handleCommand()

22.03.2026 05:40:02 — To'lanmagan buyurtmalarga eslatma yuborish boshlandi...
Eslatma yuborish uchun buyurtma topilmadi.
22.03.2026 05:50:02 — To'lanmagan buyurtmalarga eslatma yuborish boshlandi...
Eslatma yuborish uchun buyurtma topilmadi.
22.03.2026 06:00:02 — To'lanmagan buyurtmalarga eslatma yuborish boshlandi...

   Illuminate\Database\QueryException 

  SQLSTATE[HY000] [2002] Connection refused (Connection: mysql, SQL: select * from `solds` where `paymentStatus` = 1 and `status` = A and `created_at` >= 2026-03-22 05:00:02)

  at vendor/laravel/framework/src/Illuminate/Database/Connection.php:825
    821▕                     $this->getName(), $query, $this->prepareBindings($bindings), $e
    822▕                 );
    823▕             }
    824▕ 
  ➜ 825▕             throw new QueryException(
    826▕                 $this->getName(), $query, $this->prepareBindings($bindings), $e
    827▕             );
    828▕         }
    829▕     }

      [2m+22 vendor frames [22m

  23  app/Console/Commands/RemindUnpaidOrders.php:129
      Illuminate\Database\Eloquent\Builder::get()
      [2m+13 vendor frames [22m

  37  artisan:13
      Illuminate\Foundation\Application::handleCommand()

22.03.2026 06:10:02 — To'lanmagan buyurtmalarga eslatma yuborish boshlandi...
Eslatma yuborish uchun buyurtma topilmadi.
22.03.2026 06:20:02 — To'lanmagan buyurtmalarga eslatma yuborish boshlandi...
Eslatma yuborish uchun buyurtma topilmadi.
22.03.2026 06:30:02 — To'lanmagan buyurtmalarga eslatma yuborish boshlandi...

   Illuminate\Database\QueryException 

  SQLSTATE[HY000] [2002] Connection refused (Connection: mysql, SQL: select * from `solds` where `paymentStatus` = 1 and `status` = A and `created_at` >= 2026-03-22 05:30:02)

  at vendor/laravel/framework/src/Illuminate/Database/Connection.php:825
    821▕                     $this->getName(), $query, $this->prepareBindings($bindings), $e
    822▕                 );
    823▕             }
    824▕ 
  ➜ 825▕             throw new QueryException(
    826▕                 $this->getName(), $query, $this->prepareBindings($bindings), $e
    827▕             );
    828▕         }
    829▕     }

      [2m+22 vendor frames [22m

  23  app/Console/Commands/RemindUnpaidOrders.php:129
      Illuminate\Database\Eloquent\Builder::get()
      [2m+13 vendor frames [22m

  37  artisan:13
      Illuminate\Foundation\Application::handleCommand()

22.03.2026 06:40:02 — To'lanmagan buyurtmalarga eslatma yuborish boshlandi...
Eslatma yuborish uchun buyurtma topilmadi.
22.03.2026 06:50:02 — To'lanmagan buyurtmalarga eslatma yuborish boshlandi...
Eslatma yuborish uchun buyurtma topilmadi.
22.03.2026 07:00:03 — To'lanmagan buyurtmalarga eslatma yuborish boshlandi...

   Illuminate\Database\QueryException 

  SQLSTATE[HY000] [2002] Connection refused (Connection: mysql, SQL: select * from `solds` where `paymentStatus` = 1 and `status` = A and `created_at` >= 2026-03-22 06:00:03)

  at vendor/laravel/framework/src/Illuminate/Database/Connection.php:825
    821▕                     $this->getName(), $query, $this->prepareBindings($bindings), $e
    822▕                 );
    823▕             }
    824▕ 
  ➜ 825▕             throw new QueryException(
    826▕                 $this->getName(), $query, $this->prepareBindings($bindings), $e
    827▕             );
    828▕         }
    829▕     }

      [2m+22 vendor frames [22m

  23  app/Console/Commands/RemindUnpaidOrders.php:129
      Illuminate\Database\Eloquent\Builder::get()
      [2m+13 vendor frames [22m

  37  artisan:13
      Illuminate\Foundation\Application::handleCommand()

22.03.2026 07:10:02 — To'lanmagan buyurtmalarga eslatma yuborish boshlandi...
Eslatma yuborish uchun buyurtma topilmadi.
22.03.2026 07:20:02 — To'lanmagan buyurtmalarga eslatma yuborish boshlandi...
Eslatma yuborish uchun buyurtma topilmadi.
22.03.2026 07:30:02 — To'lanmagan buyurtmalarga eslatma yuborish boshlandi...

   Illuminate\Database\QueryException 

  SQLSTATE[HY000] [2002] Connection refused (Connection: mysql, SQL: select * from `solds` where `paymentStatus` = 1 and `status` = A and `created_at` >= 2026-03-22 06:30:02)

  at vendor/laravel/framework/src/Illuminate/Database/Connection.php:825
    821▕                     $this->getName(), $query, $this->prepareBindings($bindings), $e
    822▕                 );
    823▕             }
    824▕ 
  ➜ 825▕             throw new QueryException(
    826▕                 $this->getName(), $query, $this->prepareBindings($bindings), $e
    827▕             );
    828▕         }
    829▕     }

      [2m+22 vendor frames [22m

  23  app/Console/Commands/RemindUnpaidOrders.php:129
      Illuminate\Database\Eloquent\Builder::get()
      [2m+13 vendor frames [22m

  37  artisan:13
      Illuminate\Foundation\Application::handleCommand()

22.03.2026 07:40:02 — To'lanmagan buyurtmalarga eslatma yuborish boshlandi...
Eslatma yuborish uchun buyurtma topilmadi.
22.03.2026 07:50:02 — To'lanmagan buyurtmalarga eslatma yuborish boshlandi...
Eslatma yuborish uchun buyurtma topilmadi.
22.03.2026 08:00:02 — To'lanmagan buyurtmalarga eslatma yuborish boshlandi...

   Illuminate\Database\QueryException 

  SQLSTATE[HY000] [2002] Connection refused (Connection: mysql, SQL: select * from `solds` where `paymentStatus` = 1 and `status` = A and `created_at` >= 2026-03-22 07:00:02)

  at vendor/laravel/framework/src/Illuminate/Database/Connection.php:825
    821▕                     $this->getName(), $query, $this->prepareBindings($bindings), $e
    822▕                 );
    823▕             }
    824▕ 
  ➜ 825▕             throw new QueryException(
    826▕                 $this->getName(), $query, $this->prepareBindings($bindings), $e
    827▕             );
    828▕         }
    829▕     }

      [2m+22 vendor frames [22m

  23  app/Console/Commands/RemindUnpaidOrders.php:129
      Illuminate\Database\Eloquent\Builder::get()
      [2m+13 vendor frames [22m

  37  artisan:13
      Illuminate\Foundation\Application::handleCommand()

22.03.2026 08:10:02 — To'lanmagan buyurtmalarga eslatma yuborish boshlandi...
Eslatma yuborish uchun buyurtma topilmadi.
22.03.2026 08:20:02 — To'lanmagan buyurtmalarga eslatma yuborish boshlandi...
Eslatma yuborish uchun buyurtma topilmadi.
22.03.2026 08:30:02 — To'lanmagan buyurtmalarga eslatma yuborish boshlandi...
Eslatma yuborish uchun buyurtma topilmadi.
22.03.2026 08:40:02 — To'lanmagan buyurtmalarga eslatma yuborish boshlandi...
Eslatma yuborish uchun buyurtma topilmadi.
22.03.2026 08:50:02 — To'lanmagan buyurtmalarga eslatma yuborish boshlandi...
Eslatma yuborish uchun buyurtma topilmadi.
22.03.2026 09:00:02 — To'lanmagan buyurtmalarga eslatma yuborish boshlandi...

   Illuminate\Database\QueryException 

  SQLSTATE[HY000] [2002] Connection refused (Connection: mysql, SQL: select * from `solds` where `paymentStatus` = 1 and `status` = A and `created_at` >= 2026-03-22 08:00:02)

  at vendor/laravel/framework/src/Illuminate/Database/Connection.php:825
    821▕                     $this->getName(), $query, $this->prepareBindings($bindings), $e
    822▕                 );
    823▕             }
    824▕ 
  ➜ 825▕             throw new QueryException(
    826▕                 $this->getName(), $query, $this->prepareBindings($bindings), $e
    827▕             );
    828▕         }
    829▕     }

      [2m+22 vendor frames [22m

  23  app/Console/Commands/RemindUnpaidOrders.php:129
      Illuminate\Database\Eloquent\Builder::get()
      [2m+13 vendor frames [22m

  37  artisan:13
      Illuminate\Foundation\Application::handleCommand()

22.03.2026 09:10:02 — To'lanmagan buyurtmalarga eslatma yuborish boshlandi...
Eslatma yuborish uchun buyurtma topilmadi.
22.03.2026 09:20:02 — To'lanmagan buyurtmalarga eslatma yuborish boshlandi...
Eslatma yuborish uchun buyurtma topilmadi.
22.03.2026 09:30:02 — To'lanmagan buyurtmalarga eslatma yuborish boshlandi...

   Illuminate\Database\QueryException 

  SQLSTATE[HY000] [2002] Connection refused (Connection: mysql, SQL: select * from `solds` where `paymentStatus` = 1 and `status` = A and `created_at` >= 2026-03-22 08:30:02)

  at vendor/laravel/framework/src/Illuminate/Database/Connection.php:825
    821▕                     $this->getName(), $query, $this->prepareBindings($bindings), $e
    822▕                 );
    823▕             }
    824▕ 
  ➜ 825▕             throw new QueryException(
    826▕                 $this->getName(), $query, $this->prepareBindings($bindings), $e
    827▕             );
    828▕         }
    829▕     }

      [2m+22 vendor frames [22m

  23  app/Console/Commands/RemindUnpaidOrders.php:129
      Illuminate\Database\Eloquent\Builder::get()
      [2m+13 vendor frames [22m

  37  artisan:13
      Illuminate\Foundation\Application::handleCommand()

22.03.2026 09:40:02 — To'lanmagan buyurtmalarga eslatma yuborish boshlandi...
Eslatma yuborish uchun buyurtma topilmadi.
22.03.2026 09:50:02 — To'lanmagan buyurtmalarga eslatma yuborish boshlandi...
Eslatma yuborish uchun buyurtma topilmadi.
22.03.2026 10:00:03 — To'lanmagan buyurtmalarga eslatma yuborish boshlandi...
Eslatma yuborish uchun buyurtma topilmadi.
22.03.2026 10:10:01 — To'lanmagan buyurtmalarga eslatma yuborish boshlandi...
Eslatma yuborish uchun buyurtma topilmadi.
22.03.2026 10:20:02 — To'lanmagan buyurtmalarga eslatma yuborish boshlandi...
Eslatma yuborish uchun buyurtma topilmadi.
22.03.2026 10:30:02 — To'lanmagan buyurtmalarga eslatma yuborish boshlandi...

   Illuminate\Database\QueryException 

  SQLSTATE[HY000] [2002] Connection refused (Connection: mysql, SQL: select * from `solds` where `paymentStatus` = 1 and `status` = A and `created_at` >= 2026-03-22 09:30:02)

  at vendor/laravel/framework/src/Illuminate/Database/Connection.php:825
    821▕                     $this->getName(), $query, $this->prepareBindings($bindings), $e
    822▕                 );
    823▕             }
    824▕ 
  ➜ 825▕             throw new QueryException(
    826▕                 $this->getName(), $query, $this->prepareBindings($bindings), $e
    827▕             );
    828▕         }
    829▕     }

      [2m+22 vendor frames [22m

  23  app/Console/Commands/RemindUnpaidOrders.php:129
      Illuminate\Database\Eloquent\Builder::get()
      [2m+13 vendor frames [22m

  37  artisan:13
      Illuminate\Foundation\Application::handleCommand()

22.03.2026 10:40:02 — To'lanmagan buyurtmalarga eslatma yuborish boshlandi...
Eslatma yuborish uchun buyurtma topilmadi.
22.03.2026 10:50:02 — To'lanmagan buyurtmalarga eslatma yuborish boshlandi...
Eslatma yuborish uchun buyurtma topilmadi.
22.03.2026 11:00:02 — To'lanmagan buyurtmalarga eslatma yuborish boshlandi...

   Illuminate\Database\QueryException 

  SQLSTATE[HY000] [2002] Connection refused (Connection: mysql, SQL: select * from `solds` where `paymentStatus` = 1 and `status` = A and `created_at` >= 2026-03-22 10:00:02)

  at vendor/laravel/framework/src/Illuminate/Database/Connection.php:825
    821▕                     $this->getName(), $query, $this->prepareBindings($bindings), $e
    822▕                 );
    823▕             }
    824▕ 
  ➜ 825▕             throw new QueryException(
    826▕                 $this->getName(), $query, $this->prepareBindings($bindings), $e
    827▕             );
    828▕         }
    829▕     }

      [2m+22 vendor frames [22m

  23  app/Console/Commands/RemindUnpaidOrders.php:129
      Illuminate\Database\Eloquent\Builder::get()
      [2m+13 vendor frames [22m

  37  artisan:13
      Illuminate\Foundation\Application::handleCommand()

22.03.2026 11:10:02 — To'lanmagan buyurtmalarga eslatma yuborish boshlandi...
Eslatma yuborish uchun buyurtma topilmadi.
22.03.2026 11:20:02 — To'lanmagan buyurtmalarga eslatma yuborish boshlandi...
Eslatma yuborish uchun buyurtma topilmadi.
22.03.2026 11:30:02 — To'lanmagan buyurtmalarga eslatma yuborish boshlandi...

   Illuminate\Database\QueryException 

  SQLSTATE[HY000] [2002] Connection refused (Connection: mysql, SQL: select * from `solds` where `paymentStatus` = 1 and `status` = A and `created_at` >= 2026-03-22 10:30:02)

  at vendor/laravel/framework/src/Illuminate/Database/Connection.php:825
    821▕                     $this->getName(), $query, $this->prepareBindings($bindings), $e
    822▕                 );
    823▕             }
    824▕ 
  ➜ 825▕             throw new QueryException(
    826▕                 $this->getName(), $query, $this->prepareBindings($bindings), $e
    827▕             );
    828▕         }
    829▕     }

      [2m+22 vendor frames [22m

  23  app/Console/Commands/RemindUnpaidOrders.php:129
      Illuminate\Database\Eloquent\Builder::get()
      [2m+13 vendor frames [22m

  37  artisan:13
      Illuminate\Foundation\Application::handleCommand()

22.03.2026 11:40:02 — To'lanmagan buyurtmalarga eslatma yuborish boshlandi...
Eslatma yuborish uchun buyurtma topilmadi.
22.03.2026 11:50:02 — To'lanmagan buyurtmalarga eslatma yuborish boshlandi...
Eslatma yuborish uchun buyurtma topilmadi.
22.03.2026 12:00:02 — To'lanmagan buyurtmalarga eslatma yuborish boshlandi...

   Illuminate\Database\QueryException 

  SQLSTATE[HY000] [2002] Connection refused (Connection: mysql, SQL: select * from `solds` where `paymentStatus` = 1 and `status` = A and `created_at` >= 2026-03-22 11:00:02)

  at vendor/laravel/framework/src/Illuminate/Database/Connection.php:825
    821▕                     $this->getName(), $query, $this->prepareBindings($bindings), $e
    822▕                 );
    823▕             }
    824▕ 
  ➜ 825▕             throw new QueryException(
    826▕                 $this->getName(), $query, $this->prepareBindings($bindings), $e
    827▕             );
    828▕         }
    829▕     }

      [2m+22 vendor frames [22m

  23  app/Console/Commands/RemindUnpaidOrders.php:129
      Illuminate\Database\Eloquent\Builder::get()
      [2m+13 vendor frames [22m

  37  artisan:13
      Illuminate\Foundation\Application::handleCommand()

22.03.2026 12:10:02 — To'lanmagan buyurtmalarga eslatma yuborish boshlandi...
Eslatma yuborish uchun buyurtma topilmadi.
22.03.2026 12:20:02 — To'lanmagan buyurtmalarga eslatma yuborish boshlandi...
Eslatma yuborish uchun buyurtma topilmadi.
22.03.2026 12:30:02 — To'lanmagan buyurtmalarga eslatma yuborish boshlandi...

   Illuminate\Database\QueryException 

  SQLSTATE[HY000] [2002] Connection refused (Connection: mysql, SQL: select * from `solds` where `paymentStatus` = 1 and `status` = A and `created_at` >= 2026-03-22 11:30:02)

  at vendor/laravel/framework/src/Illuminate/Database/Connection.php:825
    821▕                     $this->getName(), $query, $this->prepareBindings($bindings), $e
    822▕                 );
    823▕             }
    824▕ 
  ➜ 825▕             throw new QueryException(
    826▕                 $this->getName(), $query, $this->prepareBindings($bindings), $e
    827▕             );
    828▕         }
    829▕     }

      [2m+22 vendor frames [22m

  23  app/Console/Commands/RemindUnpaidOrders.php:129
      Illuminate\Database\Eloquent\Builder::get()
      [2m+13 vendor frames [22m

  37  artisan:13
      Illuminate\Foundation\Application::handleCommand()

22.03.2026 12:40:02 — To'lanmagan buyurtmalarga eslatma yuborish boshlandi...
Eslatma yuborish uchun buyurtma topilmadi.
22.03.2026 12:50:02 — To'lanmagan buyurtmalarga eslatma yuborish boshlandi...
Eslatma yuborish uchun buyurtma topilmadi.
22.03.2026 13:00:03 — To'lanmagan buyurtmalarga eslatma yuborish boshlandi...

   Illuminate\Database\QueryException 

  SQLSTATE[HY000] [2002] Connection refused (Connection: mysql, SQL: select * from `solds` where `paymentStatus` = 1 and `status` = A and `created_at` >= 2026-03-22 12:00:03)

  at vendor/laravel/framework/src/Illuminate/Database/Connection.php:825
    821▕                     $this->getName(), $query, $this->prepareBindings($bindings), $e
    822▕                 );
    823▕             }
    824▕ 
  ➜ 825▕             throw new QueryException(
    826▕                 $this->getName(), $query, $this->prepareBindings($bindings), $e
    827▕             );
    828▕         }
    829▕     }

      [2m+22 vendor frames [22m

  23  app/Console/Commands/RemindUnpaidOrders.php:129
      Illuminate\Database\Eloquent\Builder::get()
      [2m+13 vendor frames [22m

  37  artisan:13
      Illuminate\Foundation\Application::handleCommand()

22.03.2026 13:10:02 — To'lanmagan buyurtmalarga eslatma yuborish boshlandi...
Eslatma yuborish uchun buyurtma topilmadi.
22.03.2026 13:20:02 — To'lanmagan buyurtmalarga eslatma yuborish boshlandi...
Eslatma yuborish uchun buyurtma topilmadi.
22.03.2026 13:30:02 — To'lanmagan buyurtmalarga eslatma yuborish boshlandi...

   Illuminate\Database\QueryException 

  SQLSTATE[HY000] [2002] Connection refused (Connection: mysql, SQL: select * from `solds` where `paymentStatus` = 1 and `status` = A and `created_at` >= 2026-03-22 12:30:02)

  at vendor/laravel/framework/src/Illuminate/Database/Connection.php:825
    821▕                     $this->getName(), $query, $this->prepareBindings($bindings), $e
    822▕                 );
    823▕             }
    824▕ 
  ➜ 825▕             throw new QueryException(
    826▕                 $this->getName(), $query, $this->prepareBindings($bindings), $e
    827▕             );
    828▕         }
    829▕     }

      [2m+22 vendor frames [22m

  23  app/Console/Commands/RemindUnpaidOrders.php:129
      Illuminate\Database\Eloquent\Builder::get()
      [2m+13 vendor frames [22m

  37  artisan:13
      Illuminate\Foundation\Application::handleCommand()

22.03.2026 13:40:02 — To'lanmagan buyurtmalarga eslatma yuborish boshlandi...
Eslatma yuborish uchun buyurtma topilmadi.
22.03.2026 13:50:02 — To'lanmagan buyurtmalarga eslatma yuborish boshlandi...
Eslatma yuborish uchun buyurtma topilmadi.
22.03.2026 14:00:03 — To'lanmagan buyurtmalarga eslatma yuborish boshlandi...

   Illuminate\Database\QueryException 

  SQLSTATE[HY000] [2002] Connection refused (Connection: mysql, SQL: select * from `solds` where `paymentStatus` = 1 and `status` = A and `created_at` >= 2026-03-22 13:00:03)

  at vendor/laravel/framework/src/Illuminate/Database/Connection.php:825
    821▕                     $this->getName(), $query, $this->prepareBindings($bindings), $e
    822▕                 );
    823▕             }
    824▕ 
  ➜ 825▕             throw new QueryException(
    826▕                 $this->getName(), $query, $this->prepareBindings($bindings), $e
    827▕             );
    828▕         }
    829▕     }

      [2m+22 vendor frames [22m

  23  app/Console/Commands/RemindUnpaidOrders.php:129
      Illuminate\Database\Eloquent\Builder::get()
      [2m+13 vendor frames [22m

  37  artisan:13
      Illuminate\Foundation\Application::handleCommand()

22.03.2026 14:10:02 — To'lanmagan buyurtmalarga eslatma yuborish boshlandi...
Eslatma yuborish uchun buyurtma topilmadi.
22.03.2026 14:20:02 — To'lanmagan buyurtmalarga eslatma yuborish boshlandi...
Eslatma yuborish uchun buyurtma topilmadi.
22.03.2026 14:30:02 — To'lanmagan buyurtmalarga eslatma yuborish boshlandi...

   Illuminate\Database\QueryException 

  SQLSTATE[HY000] [2002] Connection refused (Connection: mysql, SQL: select * from `solds` where `paymentStatus` = 1 and `status` = A and `created_at` >= 2026-03-22 13:30:03)

  at vendor/laravel/framework/src/Illuminate/Database/Connection.php:825
    821▕                     $this->getName(), $query, $this->prepareBindings($bindings), $e
    822▕                 );
    823▕             }
    824▕ 
  ➜ 825▕             throw new QueryException(
    826▕                 $this->getName(), $query, $this->prepareBindings($bindings), $e
    827▕             );
    828▕         }
    829▕     }

      [2m+22 vendor frames [22m

  23  app/Console/Commands/RemindUnpaidOrders.php:129
      Illuminate\Database\Eloquent\Builder::get()
      [2m+13 vendor frames [22m

  37  artisan:13
      Illuminate\Foundation\Application::handleCommand()

22.03.2026 14:40:02 — To'lanmagan buyurtmalarga eslatma yuborish boshlandi...
Eslatma yuborish uchun buyurtma topilmadi.
22.03.2026 14:50:02 — To'lanmagan buyurtmalarga eslatma yuborish boshlandi...
Eslatma yuborish uchun buyurtma topilmadi.
22.03.2026 15:00:02 — To'lanmagan buyurtmalarga eslatma yuborish boshlandi...

   Illuminate\Database\QueryException 

  SQLSTATE[HY000] [2002] Connection refused (Connection: mysql, SQL: select * from `solds` where `paymentStatus` = 1 and `status` = A and `created_at` >= 2026-03-22 14:00:02)

  at vendor/laravel/framework/src/Illuminate/Database/Connection.php:825
    821▕                     $this->getName(), $query, $this->prepareBindings($bindings), $e
    822▕                 );
    823▕             }
    824▕ 
  ➜ 825▕             throw new QueryException(
    826▕                 $this->getName(), $query, $this->prepareBindings($bindings), $e
    827▕             );
    828▕         }
    829▕     }

      [2m+22 vendor frames [22m

  23  app/Console/Commands/RemindUnpaidOrders.php:129
      Illuminate\Database\Eloquent\Builder::get()
      [2m+13 vendor frames [22m

  37  artisan:13
      Illuminate\Foundation\Application::handleCommand()

22.03.2026 15:10:02 — To'lanmagan buyurtmalarga eslatma yuborish boshlandi...
Eslatma yuborish uchun buyurtma topilmadi.
22.03.2026 15:20:02 — To'lanmagan buyurtmalarga eslatma yuborish boshlandi...
Eslatma yuborish uchun buyurtma topilmadi.
22.03.2026 15:30:02 — To'lanmagan buyurtmalarga eslatma yuborish boshlandi...

   Illuminate\Database\QueryException 

  SQLSTATE[HY000] [2002] Connection refused (Connection: mysql, SQL: select * from `solds` where `paymentStatus` = 1 and `status` = A and `created_at` >= 2026-03-22 14:30:02)

  at vendor/laravel/framework/src/Illuminate/Database/Connection.php:825
    821▕                     $this->getName(), $query, $this->prepareBindings($bindings), $e
    822▕                 );
    823▕             }
    824▕ 
  ➜ 825▕             throw new QueryException(
    826▕                 $this->getName(), $query, $this->prepareBindings($bindings), $e
    827▕             );
    828▕         }
    829▕     }

      [2m+22 vendor frames [22m

  23  app/Console/Commands/RemindUnpaidOrders.php:129
      Illuminate\Database\Eloquent\Builder::get()
      [2m+13 vendor frames [22m

  37  artisan:13
      Illuminate\Foundation\Application::handleCommand()

22.03.2026 15:40:02 — To'lanmagan buyurtmalarga eslatma yuborish boshlandi...
Eslatma yuborish uchun buyurtma topilmadi.
22.03.2026 15:50:02 — To'lanmagan buyurtmalarga eslatma yuborish boshlandi...
Eslatma yuborish uchun buyurtma topilmadi.
22.03.2026 16:00:03 — To'lanmagan buyurtmalarga eslatma yuborish boshlandi...

   Illuminate\Database\QueryException 

  SQLSTATE[HY000] [2002] Connection refused (Connection: mysql, SQL: select * from `solds` where `paymentStatus` = 1 and `status` = A and `created_at` >= 2026-03-22 15:00:03)

  at vendor/laravel/framework/src/Illuminate/Database/Connection.php:825
    821▕                     $this->getName(), $query, $this->prepareBindings($bindings), $e
    822▕                 );
    823▕             }
    824▕ 
  ➜ 825▕             throw new QueryException(
    826▕                 $this->getName(), $query, $this->prepareBindings($bindings), $e
    827▕             );
    828▕         }
    829▕     }

      [2m+22 vendor frames [22m

  23  app/Console/Commands/RemindUnpaidOrders.php:129
      Illuminate\Database\Eloquent\Builder::get()
      [2m+13 vendor frames [22m

  37  artisan:13
      Illuminate\Foundation\Application::handleCommand()

22.03.2026 16:10:02 — To'lanmagan buyurtmalarga eslatma yuborish boshlandi...
Eslatma yuborish uchun buyurtma topilmadi.
22.03.2026 16:20:02 — To'lanmagan buyurtmalarga eslatma yuborish boshlandi...
Eslatma yuborish uchun buyurtma topilmadi.
22.03.2026 16:30:03 — To'lanmagan buyurtmalarga eslatma yuborish boshlandi...

   Illuminate\Database\QueryException 

  SQLSTATE[HY000] [2002] Connection refused (Connection: mysql, SQL: select * from `solds` where `paymentStatus` = 1 and `status` = A and `created_at` >= 2026-03-22 15:30:03)

  at vendor/laravel/framework/src/Illuminate/Database/Connection.php:825
    821▕                     $this->getName(), $query, $this->prepareBindings($bindings), $e
    822▕                 );
    823▕             }
    824▕ 
  ➜ 825▕             throw new QueryException(
    826▕                 $this->getName(), $query, $this->prepareBindings($bindings), $e
    827▕             );
    828▕         }
    829▕     }

      [2m+22 vendor frames [22m

  23  app/Console/Commands/RemindUnpaidOrders.php:129
      Illuminate\Database\Eloquent\Builder::get()
      [2m+13 vendor frames [22m

  37  artisan:13
      Illuminate\Foundation\Application::handleCommand()

22.03.2026 16:40:02 — To'lanmagan buyurtmalarga eslatma yuborish boshlandi...
Eslatma yuborish uchun buyurtma topilmadi.
22.03.2026 16:50:02 — To'lanmagan buyurtmalarga eslatma yuborish boshlandi...
Eslatma yuborish uchun buyurtma topilmadi.
22.03.2026 17:00:03 — To'lanmagan buyurtmalarga eslatma yuborish boshlandi...

   Illuminate\Database\QueryException 

  SQLSTATE[HY000] [2002] Connection refused (Connection: mysql, SQL: select * from `solds` where `paymentStatus` = 1 and `status` = A and `created_at` >= 2026-03-22 16:00:03)

  at vendor/laravel/framework/src/Illuminate/Database/Connection.php:825
    821▕                     $this->getName(), $query, $this->prepareBindings($bindings), $e
    822▕                 );
    823▕             }
    824▕ 
  ➜ 825▕             throw new QueryException(
    826▕                 $this->getName(), $query, $this->prepareBindings($bindings), $e
    827▕             );
    828▕         }
    829▕     }

      [2m+22 vendor frames [22m

  23  app/Console/Commands/RemindUnpaidOrders.php:129
      Illuminate\Database\Eloquent\Builder::get()
      [2m+13 vendor frames [22m

  37  artisan:13
      Illuminate\Foundation\Application::handleCommand()

22.03.2026 17:10:02 — To'lanmagan buyurtmalarga eslatma yuborish boshlandi...
Eslatma yuborish uchun buyurtma topilmadi.
22.03.2026 17:20:02 — To'lanmagan buyurtmalarga eslatma yuborish boshlandi...
Eslatma yuborish uchun buyurtma topilmadi.
22.03.2026 17:30:02 — To'lanmagan buyurtmalarga eslatma yuborish boshlandi...

   Illuminate\Database\QueryException 

  SQLSTATE[HY000] [2002] Connection refused (Connection: mysql, SQL: select * from `solds` where `paymentStatus` = 1 and `status` = A and `created_at` >= 2026-03-22 16:30:02)

  at vendor/laravel/framework/src/Illuminate/Database/Connection.php:825
    821▕                     $this->getName(), $query, $this->prepareBindings($bindings), $e
    822▕                 );
    823▕             }
    824▕ 
  ➜ 825▕             throw new QueryException(
    826▕                 $this->getName(), $query, $this->prepareBindings($bindings), $e
    827▕             );
    828▕         }
    829▕     }

      [2m+22 vendor frames [22m

  23  app/Console/Commands/RemindUnpaidOrders.php:129
      Illuminate\Database\Eloquent\Builder::get()
      [2m+13 vendor frames [22m

  37  artisan:13
      Illuminate\Foundation\Application::handleCommand()

22.03.2026 17:40:02 — To'lanmagan buyurtmalarga eslatma yuborish boshlandi...
Eslatma yuborish uchun buyurtma topilmadi.
22.03.2026 17:50:02 — To'lanmagan buyurtmalarga eslatma yuborish boshlandi...
Eslatma yuborish uchun buyurtma topilmadi.
22.03.2026 18:00:02 — To'lanmagan buyurtmalarga eslatma yuborish boshlandi...

   Illuminate\Database\QueryException 

  SQLSTATE[HY000] [2002] Connection refused (Connection: mysql, SQL: select * from `solds` where `paymentStatus` = 1 and `status` = A and `created_at` >= 2026-03-22 17:00:02)

  at vendor/laravel/framework/src/Illuminate/Database/Connection.php:825
    821▕                     $this->getName(), $query, $this->prepareBindings($bindings), $e
    822▕                 );
    823▕             }
    824▕ 
  ➜ 825▕             throw new QueryException(
    826▕                 $this->getName(), $query, $this->prepareBindings($bindings), $e
    827▕             );
    828▕         }
    829▕     }

      [2m+22 vendor frames [22m

  23  app/Console/Commands/RemindUnpaidOrders.php:129
      Illuminate\Database\Eloquent\Builder::get()
      [2m+13 vendor frames [22m

  37  artisan:13
      Illuminate\Foundation\Application::handleCommand()

22.03.2026 18:10:02 — To'lanmagan buyurtmalarga eslatma yuborish boshlandi...
Eslatma yuborish uchun buyurtma topilmadi.
22.03.2026 18:20:02 — To'lanmagan buyurtmalarga eslatma yuborish boshlandi...
Eslatma yuborish uchun buyurtma topilmadi.
22.03.2026 18:30:02 — To'lanmagan buyurtmalarga eslatma yuborish boshlandi...

   Illuminate\Database\QueryException 

  SQLSTATE[HY000] [2002] Connection refused (Connection: mysql, SQL: select * from `solds` where `paymentStatus` = 1 and `status` = A and `created_at` >= 2026-03-22 17:30:02)

  at vendor/laravel/framework/src/Illuminate/Database/Connection.php:825
    821▕                     $this->getName(), $query, $this->prepareBindings($bindings), $e
    822▕                 );
    823▕             }
    824▕ 
  ➜ 825▕             throw new QueryException(
    826▕                 $this->getName(), $query, $this->prepareBindings($bindings), $e
    827▕             );
    828▕         }
    829▕     }

      [2m+22 vendor frames [22m

  23  app/Console/Commands/RemindUnpaidOrders.php:129
      Illuminate\Database\Eloquent\Builder::get()
      [2m+13 vendor frames [22m

  37  artisan:13
      Illuminate\Foundation\Application::handleCommand()

22.03.2026 18:40:02 — To'lanmagan buyurtmalarga eslatma yuborish boshlandi...
Eslatma yuborish uchun buyurtma topilmadi.
22.03.2026 18:50:02 — To'lanmagan buyurtmalarga eslatma yuborish boshlandi...
Eslatma yuborish uchun buyurtma topilmadi.
22.03.2026 19:00:02 — To'lanmagan buyurtmalarga eslatma yuborish boshlandi...

   Illuminate\Database\QueryException 

  SQLSTATE[HY000] [2002] Connection refused (Connection: mysql, SQL: select * from `solds` where `paymentStatus` = 1 and `status` = A and `created_at` >= 2026-03-22 18:00:02)

  at vendor/laravel/framework/src/Illuminate/Database/Connection.php:825
    821▕                     $this->getName(), $query, $this->prepareBindings($bindings), $e
    822▕                 );
    823▕             }
    824▕ 
  ➜ 825▕             throw new QueryException(
    826▕                 $this->getName(), $query, $this->prepareBindings($bindings), $e
    827▕             );
    828▕         }
    829▕     }

      [2m+22 vendor frames [22m

  23  app/Console/Commands/RemindUnpaidOrders.php:129
      Illuminate\Database\Eloquent\Builder::get()
      [2m+13 vendor frames [22m

  37  artisan:13
      Illuminate\Foundation\Application::handleCommand()

22.03.2026 19:10:02 — To'lanmagan buyurtmalarga eslatma yuborish boshlandi...
Eslatma yuborish uchun buyurtma topilmadi.
22.03.2026 19:20:02 — To'lanmagan buyurtmalarga eslatma yuborish boshlandi...
Eslatma yuborish uchun buyurtma topilmadi.
22.03.2026 19:30:03 — To'lanmagan buyurtmalarga eslatma yuborish boshlandi...

   Illuminate\Database\QueryException 

  SQLSTATE[HY000] [2002] Connection refused (Connection: mysql, SQL: select * from `solds` where `paymentStatus` = 1 and `status` = A and `created_at` >= 2026-03-22 18:30:03)

  at vendor/laravel/framework/src/Illuminate/Database/Connection.php:825
    821▕                     $this->getName(), $query, $this->prepareBindings($bindings), $e
    822▕                 );
    823▕             }
    824▕ 
  ➜ 825▕             throw new QueryException(
    826▕                 $this->getName(), $query, $this->prepareBindings($bindings), $e
    827▕             );
    828▕         }
    829▕     }

      [2m+22 vendor frames [22m

  23  app/Console/Commands/RemindUnpaidOrders.php:129
      Illuminate\Database\Eloquent\Builder::get()
      [2m+13 vendor frames [22m

  37  artisan:13
      Illuminate\Foundation\Application::handleCommand()

22.03.2026 19:40:02 — To'lanmagan buyurtmalarga eslatma yuborish boshlandi...
Eslatma yuborish uchun buyurtma topilmadi.
22.03.2026 19:50:02 — To'lanmagan buyurtmalarga eslatma yuborish boshlandi...
Eslatma yuborish uchun buyurtma topilmadi.
22.03.2026 20:00:02 — To'lanmagan buyurtmalarga eslatma yuborish boshlandi...

   Illuminate\Database\QueryException 

  SQLSTATE[HY000] [2002] Connection refused (Connection: mysql, SQL: select * from `solds` where `paymentStatus` = 1 and `status` = A and `created_at` >= 2026-03-22 19:00:02)

  at vendor/laravel/framework/src/Illuminate/Database/Connection.php:825
    821▕                     $this->getName(), $query, $this->prepareBindings($bindings), $e
    822▕                 );
    823▕             }
    824▕ 
  ➜ 825▕             throw new QueryException(
    826▕                 $this->getName(), $query, $this->prepareBindings($bindings), $e
    827▕             );
    828▕         }
    829▕     }

      [2m+22 vendor frames [22m

  23  app/Console/Commands/RemindUnpaidOrders.php:129
      Illuminate\Database\Eloquent\Builder::get()
      [2m+13 vendor frames [22m

  37  artisan:13
      Illuminate\Foundation\Application::handleCommand()

22.03.2026 20:10:02 — To'lanmagan buyurtmalarga eslatma yuborish boshlandi...
Eslatma yuborish uchun buyurtma topilmadi.
22.03.2026 20:20:02 — To'lanmagan buyurtmalarga eslatma yuborish boshlandi...
Eslatma yuborish uchun buyurtma topilmadi.
22.03.2026 20:30:03 — To'lanmagan buyurtmalarga eslatma yuborish boshlandi...

   Illuminate\Database\QueryException 

  SQLSTATE[HY000] [2002] Connection refused (Connection: mysql, SQL: select * from `solds` where `paymentStatus` = 1 and `status` = A and `created_at` >= 2026-03-22 19:30:03)

  at vendor/laravel/framework/src/Illuminate/Database/Connection.php:825
    821▕                     $this->getName(), $query, $this->prepareBindings($bindings), $e
    822▕                 );
    823▕             }
    824▕ 
  ➜ 825▕             throw new QueryException(
    826▕                 $this->getName(), $query, $this->prepareBindings($bindings), $e
    827▕             );
    828▕         }
    829▕     }

      [2m+22 vendor frames [22m

  23  app/Console/Commands/RemindUnpaidOrders.php:129
      Illuminate\Database\Eloquent\Builder::get()
      [2m+13 vendor frames [22m

  37  artisan:13
      Illuminate\Foundation\Application::handleCommand()

22.03.2026 20:40:02 — To'lanmagan buyurtmalarga eslatma yuborish boshlandi...
Eslatma yuborish uchun buyurtma topilmadi.
22.03.2026 20:50:02 — To'lanmagan buyurtmalarga eslatma yuborish boshlandi...
Eslatma yuborish uchun buyurtma topilmadi.
22.03.2026 21:00:02 — To'lanmagan buyurtmalarga eslatma yuborish boshlandi...

   Illuminate\Database\QueryException 

  SQLSTATE[HY000] [2002] Connection refused (Connection: mysql, SQL: select * from `solds` where `paymentStatus` = 1 and `status` = A and `created_at` >= 2026-03-22 20:00:02)

  at vendor/laravel/framework/src/Illuminate/Database/Connection.php:825
    821▕                     $this->getName(), $query, $this->prepareBindings($bindings), $e
    822▕                 );
    823▕             }
    824▕ 
  ➜ 825▕             throw new QueryException(
    826▕                 $this->getName(), $query, $this->prepareBindings($bindings), $e
    827▕             );
    828▕         }
    829▕     }

      [2m+22 vendor frames [22m

  23  app/Console/Commands/RemindUnpaidOrders.php:129
      Illuminate\Database\Eloquent\Builder::get()
      [2m+13 vendor frames [22m

  37  artisan:13
      Illuminate\Foundation\Application::handleCommand()

22.03.2026 21:10:03 — To'lanmagan buyurtmalarga eslatma yuborish boshlandi...
Eslatma yuborish uchun buyurtma topilmadi.
22.03.2026 21:20:02 — To'lanmagan buyurtmalarga eslatma yuborish boshlandi...
Eslatma yuborish uchun buyurtma topilmadi.
22.03.2026 21:30:02 — To'lanmagan buyurtmalarga eslatma yuborish boshlandi...

   Illuminate\Database\QueryException 

  SQLSTATE[HY000] [2002] Connection refused (Connection: mysql, SQL: select * from `solds` where `paymentStatus` = 1 and `status` = A and `created_at` >= 2026-03-22 20:30:02)

  at vendor/laravel/framework/src/Illuminate/Database/Connection.php:825
    821▕                     $this->getName(), $query, $this->prepareBindings($bindings), $e
    822▕                 );
    823▕             }
    824▕ 
  ➜ 825▕             throw new QueryException(
    826▕                 $this->getName(), $query, $this->prepareBindings($bindings), $e
    827▕             );
    828▕         }
    829▕     }

      [2m+22 vendor frames [22m

  23  app/Console/Commands/RemindUnpaidOrders.php:129
      Illuminate\Database\Eloquent\Builder::get()
      [2m+13 vendor frames [22m

  37  artisan:13
      Illuminate\Foundation\Application::handleCommand()

22.03.2026 21:40:02 — To'lanmagan buyurtmalarga eslatma yuborish boshlandi...
Eslatma yuborish uchun buyurtma topilmadi.
